lat,lon,region,crop,phh2o,soc,clay,nitrogen,cec,bdod,tmean,trange,prec_annual,prec_cv,gdd5,frost_days,aridity
48.9517,-103.2001,US,Maize,6.3,48.2,30.3,3.91,24.6,1.11,5.85,11.72,393.7,0.94,2220.0,184.4,24.84
48.9319,-103.009,US,Maize,6.5,59.0,25.3,4.69,25.2,1.14,5.85,11.72,393.7,0.94,2220.0,184.4,24.84
48.9871,-103.4252,US,Maize,6.6,46.9,29.7,3.79,24.5,1.18,5.85,11.72,393.7,0.94,2220.0,184.4,24.84
48.9448,-103.3167,US,Maize,6.7,50.3,28.6,3.91,24.9,1.14,5.85,11.72,393.7,0.94,2220.0,184.4,24.84
48.9471,-102.7959,US,Maize,6.7,59.8,27.4,4.44,26.7,1.13,5.62,11.68,409.6,0.921,2200.0,186.8,26.22
48.9663,-102.7423,US,Maize,6.7,60.3,25.8,4.55,26.1,1.11,5.62,11.68,409.6,0.921,2200.0,186.8,26.22
48.9666,-102.8921,US,Maize,6.4,50.5,28.7,4.29,27.6,1.09,5.85,11.72,393.7,0.94,2220.0,184.4,24.84
48.9618,-102.9959,US,Maize,6.4,48.1,27.0,4.15,26.1,1.11,5.85,11.72,393.7,0.94,2220.0,184.4,24.84
48.9517,-102.6814,US,Maize,6.6,68.1,24.9,5.05,27.0,1.07,5.62,11.68,409.6,0.921,2200.0,186.8,26.22
48.9458,-102.7264,US,Maize,6.8,61.7,26.1,4.51,27.0,1.1,5.62,11.68,409.6,0.921,2200.0,186.8,26.22
48.9361,-102.567,US,Maize,6.7,57.5,25.8,4.79,28.4,1.12,5.62,11.68,409.6,0.921,2200.0,186.8,26.22
48.9354,-102.5549,US,Maize,6.7,57.0,24.1,4.91,29.1,1.14,5.62,11.68,409.6,0.921,2200.0,186.8,26.22
48.9585,-102.4609,US,Maize,6.8,53.3,27.5,4.7,29.5,1.14,5.62,11.68,409.6,0.921,2200.0,186.8,26.22
48.9575,-102.4368,US,Maize,6.7,66.4,25.9,5.3,28.9,1.1,5.62,11.68,409.6,0.921,2200.0,186.8,26.22
48.9318,-102.5496,US,Maize,6.7,57.7,23.8,4.95,28.8,1.14,5.62,11.68,409.6,0.921,2200.0,186.8,26.22
48.9415,-102.3934,US,Maize,6.7,63.9,28.2,5.05,28.2,1.09,5.62,11.68,409.6,0.921,2200.0,186.8,26.22
48.9402,-101.9445,US,Maize,7.0,60.9,24.6,4.69,25.5,1.21,5.39,11.67,439.5,0.892,2181.0,188.0,28.55
48.9644,-101.8549,US,Maize,7.0,60.0,23.5,4.7,25.3,1.15,5.39,11.67,439.5,0.892,2181.0,188.0,28.55
48.9786,-101.8058,US,Maize,7.2,61.7,24.3,5.02,25.0,1.16,5.39,11.67,439.5,0.892,2181.0,188.0,28.55
48.9591,-101.7458,US,Maize,7.5,53.0,23.7,4.72,24.9,1.1,5.39,11.67,439.5,0.892,2181.0,188.0,28.55
48.9431,-102.4019,US,Maize,6.8,59.6,26.3,4.76,29.7,1.13,5.62,11.68,409.6,0.921,2200.0,186.8,26.22
48.9608,-101.7524,US,Maize,7.5,54.9,22.8,4.8,25.2,1.09,5.39,11.67,439.5,0.892,2181.0,188.0,28.55
48.9539,-101.7534,US,Maize,7.4,56.5,23.5,4.78,24.8,1.1,5.39,11.67,439.5,0.892,2181.0,188.0,28.55
48.9652,-101.854,US,Maize,7.0,60.0,23.5,4.7,25.3,1.15,5.39,11.67,439.5,0.892,2181.0,188.0,28.55
48.9438,-101.6944,US,Maize,7.3,55.6,21.9,4.94,25.5,1.12,5.39,11.67,439.5,0.892,2181.0,188.0,28.55
48.9564,-101.7047,US,Maize,7.3,53.3,22.1,4.91,24.7,1.11,5.39,11.67,439.5,0.892,2181.0,188.0,28.55
48.9382,-101.6629,US,Maize,7.3,56.5,20.4,4.78,25.4,1.13,5.39,11.67,439.5,0.892,2181.0,188.0,28.55
48.9434,-101.6577,US,Maize,7.3,58.0,20.3,4.67,25.3,1.14,5.39,11.67,439.5,0.892,2181.0,188.0,28.55
48.984,-101.6371,US,Maize,7.3,59.1,25.2,5.23,25.5,1.13,5.39,11.67,439.5,0.892,2181.0,188.0,28.55
48.9366,-101.656,US,Maize,7.3,57.1,20.6,4.6,25.3,1.15,5.39,11.67,439.5,0.892,2181.0,188.0,28.55
48.947,-101.6649,US,Maize,7.3,56.9,20.4,4.83,25.2,1.13,5.39,11.67,439.5,0.892,2181.0,188.0,28.55
48.9838,-101.6695,US,Maize,7.4,57.6,22.0,4.79,25.3,1.12,5.39,11.67,439.5,0.892,2181.0,188.0,28.55
48.9712,-101.6304,US,Maize,7.4,60.4,32.7,5.01,26.2,1.13,5.39,11.67,439.5,0.892,2181.0,188.0,28.55
48.9397,-101.6584,US,Maize,7.3,57.3,20.5,4.91,25.5,1.13,5.39,11.67,439.5,0.892,2181.0,188.0,28.55
48.9746,-101.662,US,Maize,7.4,57.2,20.3,4.83,24.0,1.12,5.39,11.67,439.5,0.892,2181.0,188.0,28.55
48.9528,-101.514,US,Maize,7.4,53.9,23.9,5.04,23.7,1.16,5.18,11.7,459.2,0.879,2175.0,188.0,30.25
48.9603,-101.6743,US,Maize,7.3,54.6,21.7,4.8,25.5,1.13,5.39,11.67,439.5,0.892,2181.0,188.0,28.55
48.9456,-101.5254,US,Maize,7.5,55.8,21.2,5.06,25.1,1.16,5.18,11.7,459.2,0.879,2175.0,188.0,30.25
48.9366,-101.5909,US,Maize,7.5,56.9,21.6,5.01,23.7,1.19,5.18,11.7,459.2,0.879,2175.0,188.0,30.25
48.9411,-101.5603,US,Maize,7.2,57.9,22.2,5.22,25.4,1.21,5.18,11.7,459.2,0.879,2175.0,188.0,30.25
48.9327,-101.5867,US,Maize,7.3,64.2,22.2,5.01,23.5,1.17,5.18,11.7,459.2,0.879,2175.0,188.0,30.25
48.9594,-101.8485,US,Maize,7.1,56.9,23.3,4.66,25.4,1.12,5.39,11.67,439.5,0.892,2181.0,188.0,28.55
48.9371,-101.5148,US,Maize,7.5,57.8,21.8,5.03,23.8,1.17,5.18,11.7,459.2,0.879,2175.0,188.0,30.25
48.9341,-101.5555,US,Maize,7.5,55.1,20.4,5.33,24.1,1.2,5.18,11.7,459.2,0.879,2175.0,188.0,30.25
48.9472,-101.5211,US,Maize,7.4,56.7,22.2,5.14,25.8,1.15,5.18,11.7,459.2,0.879,2175.0,188.0,30.25
48.9341,-101.4306,US,Maize,7.5,58.1,21.3,4.93,24.2,1.16,5.18,11.7,459.2,0.879,2175.0,188.0,30.25
48.9489,-101.4811,US,Maize,7.5,52.6,23.1,4.97,22.6,1.2,5.18,11.7,459.2,0.879,2175.0,188.0,30.25
48.9479,-101.4952,US,Maize,7.5,59.8,22.0,5.12,22.6,1.18,5.18,11.7,459.2,0.879,2175.0,188.0,30.25
48.9322,-101.4447,US,Maize,7.4,58.3,21.4,4.88,23.8,1.16,5.18,11.7,459.2,0.879,2175.0,188.0,30.25
48.9356,-101.5027,US,Maize,7.5,65.8,22.5,5.07,23.9,1.18,5.18,11.7,459.2,0.879,2175.0,188.0,30.25
48.9686,-101.4294,US,Maize,7.5,54.9,24.5,4.66,22.9,1.15,5.18,11.7,459.2,0.879,2175.0,188.0,30.25
48.9333,-101.4271,US,Maize,7.5,57.6,23.5,4.72,24.7,1.16,5.18,11.7,459.2,0.879,2175.0,188.0,30.25
48.9406,-101.4755,US,Maize,7.5,63.2,21.2,5.2,22.9,1.16,5.18,11.7,459.2,0.879,2175.0,188.0,30.25
48.9385,-101.484,US,Maize,7.5,55.5,21.7,4.98,23.2,1.21,5.18,11.7,459.2,0.879,2175.0,188.0,30.25
48.9342,-101.4456,US,Maize,7.5,58.6,21.8,4.99,23.2,1.16,5.18,11.7,459.2,0.879,2175.0,188.0,30.25
48.9507,-101.4449,US,Maize,7.5,55.0,24.3,4.71,24.5,1.16,5.18,11.7,459.2,0.879,2175.0,188.0,30.25
48.9829,-101.3744,US,Maize,7.5,58.4,23.7,4.71,22.9,1.16,5.18,11.7,459.2,0.879,2175.0,188.0,30.25
48.9402,-101.3549,US,Maize,7.6,59.7,22.5,4.4,23.1,1.23,5.18,11.7,459.2,0.879,2175.0,188.0,30.25
48.9538,-101.3775,US,Maize,7.6,57.9,24.7,4.51,23.1,1.2,5.18,11.7,459.2,0.879,2175.0,188.0,30.25
48.9478,-101.4437,US,Maize,7.5,54.2,23.7,4.74,23.4,1.16,5.18,11.7,459.2,0.879,2175.0,188.0,30.25
48.963,-101.3775,US,Maize,7.6,57.1,24.9,4.55,23.1,1.23,5.18,11.7,459.2,0.879,2175.0,188.0,30.25
48.987,-101.4228,US,Maize,7.4,59.2,25.0,4.81,23.0,1.19,5.18,11.7,459.2,0.879,2175.0,188.0,30.25
48.9871,-101.3301,US,Maize,7.6,56.6,24.8,4.38,24.2,1.21,5.18,11.7,459.2,0.879,2175.0,188.0,30.25
48.9738,-101.3848,US,Maize,7.6,55.6,25.7,4.34,24.0,1.19,5.18,11.7,459.2,0.879,2175.0,188.0,30.25
48.9758,-101.363,US,Maize,7.5,55.2,23.1,4.7,24.0,1.17,5.18,11.7,459.2,0.879,2175.0,188.0,30.25
48.9566,-101.375,US,Maize,7.7,58.6,25.3,4.6,23.7,1.21,5.18,11.7,459.2,0.879,2175.0,188.0,30.25
48.9564,-101.3053,US,Maize,7.6,66.4,25.1,4.5,23.1,1.2,5.18,11.7,459.2,0.879,2175.0,188.0,30.25
48.9702,-101.2631,US,Maize,7.6,58.2,20.5,4.61,23.0,1.22,5.18,11.7,459.2,0.879,2175.0,188.0,30.25
48.9887,-101.3264,US,Maize,7.6,56.4,24.7,4.52,23.9,1.2,5.18,11.7,459.2,0.879,2175.0,188.0,30.25
48.9906,-101.3114,US,Maize,7.6,54.5,25.5,4.52,23.4,1.22,5.18,11.7,459.2,0.879,2175.0,188.0,30.25
48.9905,-101.2948,US,Maize,7.3,62.8,23.5,4.63,24.3,1.02,5.18,11.7,459.2,0.879,2175.0,188.0,30.25
48.9753,-101.2616,US,Maize,7.6,57.4,22.4,4.5,23.2,1.22,5.18,11.7,459.2,0.879,2175.0,188.0,30.25
48.9416,-101.3305,US,Maize,7.6,67.4,20.1,4.47,22.3,1.2,5.18,11.7,459.2,0.879,2175.0,188.0,30.25
48.953,-101.3199,US,Maize,7.6,64.6,23.5,4.48,24.0,1.2,5.18,11.7,459.2,0.879,2175.0,188.0,30.25
48.9431,-101.2335,US,Maize,7.7,58.6,24.0,4.59,21.2,1.22,5.18,11.7,459.2,0.879,2175.0,188.0,30.25
48.9356,-101.2069,US,Maize,7.5,56.9,21.9,4.65,20.6,1.12,5.18,11.7,459.2,0.879,2175.0,188.0,30.25
48.9685,-101.2359,US,Maize,7.6,60.5,21.1,4.65,22.0,1.21,5.18,11.7,459.2,0.879,2175.0,188.0,30.25
48.9906,-101.2913,US,Maize,7.2,68.6,22.5,4.62,25.3,1.03,5.18,11.7,459.2,0.879,2175.0,188.0,30.25
48.9368,-101.2275,US,Maize,7.6,68.3,21.0,4.79,22.1,1.17,5.18,11.7,459.2,0.879,2175.0,188.0,30.25
48.9478,-101.2184,US,Maize,7.7,57.8,20.4,4.49,22.2,1.2,5.18,11.7,459.2,0.879,2175.0,188.0,30.25
48.9684,-101.2524,US,Maize,7.6,56.7,20.3,4.27,23.5,1.21,5.18,11.7,459.2,0.879,2175.0,188.0,30.25
48.968,-101.021,US,Maize,7.6,58.8,20.6,4.64,22.7,1.22,5.18,11.7,459.2,0.879,2175.0,188.0,30.25
48.9434,-101.1393,US,Maize,7.7,58.0,23.8,4.44,22.1,1.19,5.18,11.7,459.2,0.879,2175.0,188.0,30.25
48.9734,-101.091,US,Maize,7.6,54.7,23.1,4.31,22.9,1.23,5.18,11.7,459.2,0.879,2175.0,188.0,30.25
48.9365,-101.0752,US,Maize,7.4,64.2,24.0,5.36,22.3,1.11,5.18,11.7,459.2,0.879,2175.0,188.0,30.25
48.9573,-101.0793,US,Maize,7.7,54.9,21.0,4.43,23.0,1.24,5.18,11.7,459.2,0.879,2175.0,188.0,30.25
48.9358,-101.0788,US,Maize,7.4,61.8,22.6,5.45,22.6,1.15,5.18,11.7,459.2,0.879,2175.0,188.0,30.25
48.9367,-100.9295,US,Maize,7.6,64.7,19.2,4.55,22.7,1.24,5.18,11.7,459.2,0.879,2175.0,188.0,30.25
48.9341,-100.922,US,Maize,7.6,60.4,18.7,4.43,22.4,1.22,5.18,11.7,459.2,0.879,2175.0,188.0,30.25
48.9333,-100.9268,US,Maize,7.6,59.1,18.5,4.36,22.4,1.23,5.18,11.7,459.2,0.879,2175.0,188.0,30.25
48.9399,-101.145,US,Maize,7.7,51.8,22.2,4.49,22.1,1.2,5.18,11.7,459.2,0.879,2175.0,188.0,30.25
48.9735,-100.8534,US,Maize,7.5,54.0,24.8,5.03,26.5,1.14,4.5,11.39,478.0,0.876,2063.0,191.2,32.96
48.9848,-100.9266,US,Maize,7.6,62.4,22.4,4.75,24.1,1.22,5.18,11.7,459.2,0.879,2175.0,188.0,30.25
48.9348,-100.8906,US,Maize,7.6,62.1,19.5,4.71,28.8,1.21,5.18,11.7,459.2,0.879,2175.0,188.0,30.25
48.9432,-100.9092,US,Maize,7.6,60.6,19.3,4.52,25.7,1.22,5.18,11.7,459.2,0.879,2175.0,188.0,30.25
48.9703,-100.8494,US,Maize,7.7,57.2,27.9,4.69,27.6,1.17,4.5,11.39,478.0,0.876,2063.0,191.2,32.96
48.969,-100.7803,US,Maize,7.6,57.9,33.8,4.71,25.9,1.22,4.5,11.39,478.0,0.876,2063.0,191.2,32.96
48.9704,-100.8605,US,Maize,7.6,55.4,30.1,5.19,25.7,1.17,4.5,11.39,478.0,0.876,2063.0,191.2,32.96
48.9355,-100.585,US,Maize,7.2,55.7,33.6,4.71,24.6,1.15,4.5,11.39,478.0,0.876,2063.0,191.2,32.96
48.9594,-100.7059,US,Maize,7.3,65.3,37.1,4.51,28.6,1.19,4.5,11.39,478.0,0.876,2063.0,191.2,32.96
48.9821,-99.7561,US,Maize,6.7,70.1,29.1,4.11,30.0,1.2,4.02,11.19,484.9,0.884,1973.0,194.4,34.59
48.9795,-100.8172,US,Maize,7.6,58.3,32.3,4.89,25.1,1.19,4.5,11.39,478.0,0.876,2063.0,191.2,32.96
48.9351,-99.4724,US,Maize,6.9,73.3,27.9,5.3,30.0,1.23,4.16,11.23,480.2,0.905,2011.0,194.4,33.91
48.9639,-100.7054,US,Maize,7.3,60.7,35.6,4.61,28.4,1.19,4.5,11.39,478.0,0.876,2063.0,191.2,32.96
48.9889,-100.7836,US,Maize,7.5,59.6,30.0,4.59,27.4,1.18,4.5,11.39,478.0,0.876,2063.0,191.2,32.96
48.9741,-99.2623,US,Maize,7.1,55.8,27.1,4.59,29.6,1.18,4.16,11.23,480.2,0.905,2011.0,194.4,33.91
48.9394,-99.2195,US,Maize,7.0,61.3,30.6,4.88,32.6,1.24,4.16,11.23,480.2,0.905,2011.0,194.4,33.91
48.9521,-99.2002,US,Maize,6.9,58.5,26.5,4.97,31.4,1.23,4.16,11.23,480.2,0.905,2011.0,194.4,33.91
48.9324,-99.4314,US,Maize,7.0,64.2,28.1,5.17,29.6,1.19,4.16,11.23,480.2,0.905,2011.0,194.4,33.91
48.9433,-99.1751,US,Maize,6.9,57.8,26.6,4.9,30.2,1.25,4.16,11.23,480.2,0.905,2011.0,194.4,33.91
48.9326,-99.2136,US,Maize,7.0,65.3,27.1,5.33,31.5,1.23,4.16,11.23,480.2,0.905,2011.0,194.4,33.91
48.9893,-99.0934,US,Maize,6.9,65.6,28.9,4.82,34.6,1.25,4.16,11.23,480.2,0.905,2011.0,194.4,33.91
48.9645,-99.0324,US,Maize,6.7,64.6,25.5,4.78,34.7,1.23,4.16,11.23,480.2,0.905,2011.0,194.4,33.91
48.9831,-98.7125,US,Maize,7.0,60.8,28.8,4.49,35.7,1.23,4.2,11.07,496.1,0.909,2029.0,193.8,34.94
48.9839,-98.6146,US,Maize,6.8,59.5,29.5,4.51,35.9,1.23,4.2,11.07,496.1,0.909,2029.0,193.8,34.94
48.9698,-99.0326,US,Maize,6.7,66.2,26.7,4.93,35.9,1.23,4.16,11.23,480.2,0.905,2011.0,194.4,33.91
48.9352,-98.3274,US,Maize,7.1,62.7,31.9,5.01,33.7,1.31,4.47,11.08,517.5,0.904,2104.0,191.2,35.76
48.9857,-97.9316,US,Maize,7.2,57.6,26.0,4.37,33.6,1.23,4.47,11.08,517.5,0.904,2104.0,191.2,35.76
48.9496,-97.9651,US,Maize,6.7,61.4,29.2,4.46,35.0,1.23,4.47,11.08,517.5,0.904,2104.0,191.2,35.76
48.9873,-98.0393,US,Maize,6.6,72.8,34.0,4.26,33.8,1.17,4.47,11.08,517.5,0.904,2104.0,191.2,35.76
48.9495,-97.9685,US,Maize,6.7,55.3,29.3,4.77,33.7,1.19,4.47,11.08,517.5,0.904,2104.0,191.2,35.76
48.9734,-99.598,US,Maize,6.9,72.5,30.1,5.34,29.9,1.21,4.16,11.23,480.2,0.905,2011.0,194.4,33.91
48.9461,-97.9569,US,Maize,6.9,63.5,28.3,4.39,34.8,1.25,4.47,11.08,517.5,0.904,2104.0,191.2,35.76
48.9541,-97.9732,US,Maize,6.7,62.4,30.1,4.75,36.5,1.24,4.47,11.08,517.5,0.904,2104.0,191.2,35.76
48.9561,-97.9643,US,Maize,6.9,65.8,30.1,4.57,36.1,1.24,4.47,11.08,517.5,0.904,2104.0,191.2,35.76
48.957,-97.9663,US,Maize,6.8,63.6,28.9,4.49,35.7,1.21,4.47,11.08,517.5,0.904,2104.0,191.2,35.76
48.9452,-97.8528,US,Maize,7.2,64.9,36.0,4.33,33.2,1.3,4.47,11.08,517.5,0.904,2104.0,191.2,35.76
48.9646,-97.9189,US,Maize,7.1,52.8,23.5,4.19,33.1,1.25,4.47,11.08,517.5,0.904,2104.0,191.2,35.76
48.9574,-97.967,US,Maize,6.8,63.6,28.9,4.49,35.7,1.21,4.47,11.08,517.5,0.904,2104.0,191.2,35.76
48.9752,-98.0074,US,Maize,6.8,65.6,29.8,4.59,34.5,1.25,4.47,11.08,517.5,0.904,2104.0,191.2,35.76
48.9891,-97.9088,US,Maize,7.2,51.1,26.4,3.46,32.0,1.25,4.47,11.08,517.5,0.904,2104.0,191.2,35.76
48.9905,-97.8464,US,Maize,7.2,59.2,32.2,3.72,33.8,1.25,4.47,11.08,517.5,0.904,2104.0,191.2,35.76
48.9486,-97.8651,US,Maize,7.1,61.0,34.4,4.56,32.7,1.27,4.47,11.08,517.5,0.904,2104.0,191.2,35.76
48.9445,-97.8429,US,Maize,7.2,56.8,35.5,4.25,33.6,1.3,4.47,11.08,517.5,0.904,2104.0,191.2,35.76
48.9383,-97.9181,US,Maize,7.1,56.1,24.9,3.58,31.8,1.28,4.47,11.08,517.5,0.904,2104.0,191.2,35.76
48.9431,-97.9099,US,Maize,7.2,54.5,23.6,3.39,30.7,1.28,4.47,11.08,517.5,0.904,2104.0,191.2,35.76
48.9376,-97.8799,US,Maize,7.2,58.2,29.8,4.83,33.5,1.28,4.47,11.08,517.5,0.904,2104.0,191.2,35.76
48.9498,-97.8533,US,Maize,7.3,61.4,25.9,4.27,32.9,1.22,4.47,11.08,517.5,0.904,2104.0,191.2,35.76
48.9446,-97.8709,US,Maize,7.2,57.5,33.8,4.31,32.2,1.29,4.47,11.08,517.5,0.904,2104.0,191.2,35.76
48.9822,-97.7849,US,Maize,7.2,61.0,35.5,3.52,31.2,1.28,4.47,11.08,517.5,0.904,2104.0,191.2,35.76
48.9424,-97.921,US,Maize,7.0,57.6,25.5,3.82,31.8,1.29,4.47,11.08,517.5,0.904,2104.0,191.2,35.76
48.989,-97.8079,US,Maize,7.2,51.4,35.4,3.55,33.2,1.26,4.47,11.08,517.5,0.904,2104.0,191.2,35.76
48.9444,-97.8833,US,Maize,7.2,57.6,27.3,4.31,33.4,1.27,4.47,11.08,517.5,0.904,2104.0,191.2,35.76
48.9767,-97.8089,US,Maize,7.2,53.5,36.4,4.04,32.5,1.28,4.47,11.08,517.5,0.904,2104.0,191.2,35.76
48.9409,-97.837,US,Maize,7.2,59.8,35.9,4.91,32.4,1.22,4.47,11.08,517.5,0.904,2104.0,191.2,35.76
48.9821,-97.7909,US,Maize,7.2,55.4,36.5,3.68,32.5,1.23,4.47,11.08,517.5,0.904,2104.0,191.2,35.76
48.9801,-97.7854,US,Maize,7.2,53.6,35.3,3.66,31.9,1.27,4.47,11.08,517.5,0.904,2104.0,191.2,35.76
48.9586,-97.7706,US,Maize,7.2,62.2,39.2,3.88,32.2,1.31,4.47,11.08,517.5,0.904,2104.0,191.2,35.76
48.9821,-97.7824,US,Maize,7.2,61.0,35.5,3.52,31.2,1.28,4.47,11.08,517.5,0.904,2104.0,191.2,35.76
48.9796,-97.7872,US,Maize,7.2,53.6,35.3,3.66,31.9,1.27,4.47,11.08,517.5,0.904,2104.0,191.2,35.76
48.9606,-97.7844,US,Maize,7.1,53.7,39.9,4.08,32.6,1.27,4.47,11.08,517.5,0.904,2104.0,191.2,35.76
48.9831,-97.7814,US,Maize,7.2,59.5,34.1,3.59,31.4,1.29,4.47,11.08,517.5,0.904,2104.0,191.2,35.76
48.9472,-97.7672,US,Maize,7.2,68.6,36.8,4.0,34.1,1.32,4.47,11.08,517.5,0.904,2104.0,191.2,35.76
48.9719,-97.8016,US,Maize,7.2,53.1,36.6,4.22,33.7,1.26,4.47,11.08,517.5,0.904,2104.0,191.2,35.76
48.9905,-97.7474,US,Maize,7.2,58.0,35.7,4.19,32.7,1.24,4.47,11.08,517.5,0.904,2104.0,191.2,35.76
48.9616,-97.708,US,Maize,7.1,66.2,41.6,4.27,33.5,1.3,4.47,11.08,517.5,0.904,2104.0,191.2,35.76
48.9906,-97.8151,US,Maize,7.1,60.5,36.6,3.52,34.4,1.23,4.47,11.08,517.5,0.904,2104.0,191.2,35.76
48.979,-97.7159,US,Maize,7.0,72.6,42.3,4.54,33.1,1.23,4.47,11.08,517.5,0.904,2104.0,191.2,35.76
48.9793,-97.7233,US,Maize,7.1,65.0,36.9,4.14,32.7,1.22,4.47,11.08,517.5,0.904,2104.0,191.2,35.76
48.9352,-97.7417,US,Maize,7.1,62.2,38.9,4.27,33.0,1.32,4.47,11.08,517.5,0.904,2104.0,191.2,35.76
48.9806,-97.6946,US,Maize,7.1,60.2,44.0,4.3,34.0,1.29,4.47,11.08,517.5,0.904,2104.0,191.2,35.76
48.9913,-97.7462,US,Maize,7.2,58.0,35.7,4.19,32.7,1.24,4.47,11.08,517.5,0.904,2104.0,191.2,35.76
48.9591,-97.7181,US,Maize,7.1,63.9,42.0,4.38,33.3,1.28,4.47,11.08,517.5,0.904,2104.0,191.2,35.76
48.9745,-97.7199,US,Maize,7.3,60.4,40.9,3.74,32.6,1.3,4.47,11.08,517.5,0.904,2104.0,191.2,35.76
48.9666,-97.7395,US,Maize,7.2,58.0,41.2,4.19,32.9,1.26,4.47,11.08,517.5,0.904,2104.0,191.2,35.76
48.9887,-97.746,US,Maize,7.2,56.9,36.9,3.84,31.8,1.3,4.47,11.08,517.5,0.904,2104.0,191.2,35.76
48.9493,-97.7065,US,Maize,7.3,58.7,40.1,4.3,33.0,1.25,4.47,11.08,517.5,0.904,2104.0,191.2,35.76
48.9915,-97.7289,US,Maize,7.2,57.4,40.4,4.04,32.3,1.24,4.47,11.08,517.5,0.904,2104.0,191.2,35.76
48.9322,-97.6882,US,Maize,7.2,61.3,43.2,4.04,34.2,1.28,4.47,11.08,517.5,0.904,2104.0,191.2,35.76
48.9892,-97.747,US,Maize,7.2,56.9,36.9,3.84,31.8,1.3,4.47,11.08,517.5,0.904,2104.0,191.2,35.76
48.9575,-97.7117,US,Maize,7.1,66.8,39.2,4.23,34.1,1.29,4.47,11.08,517.5,0.904,2104.0,191.2,35.76
48.9411,-97.6272,US,Maize,7.3,59.4,44.8,4.44,36.4,1.29,4.47,11.08,517.5,0.904,2104.0,191.2,35.76
48.9751,-97.7418,US,Maize,7.3,55.8,41.2,3.82,32.4,1.24,4.47,11.08,517.5,0.904,2104.0,191.2,35.76
48.9735,-97.6794,US,Maize,7.2,59.4,40.5,4.29,33.5,1.27,4.47,11.08,517.5,0.904,2104.0,191.2,35.76
48.973,-97.6624,US,Maize,7.3,49.0,45.7,4.45,32.2,1.26,4.47,11.08,517.5,0.904,2104.0,191.2,35.76
48.9866,-97.5867,US,Maize,7.3,48.1,45.1,4.13,33.7,1.32,4.83,11.34,533.3,0.886,2212.0,186.0,35.95
48.9441,-97.5878,US,Maize,7.4,50.5,44.0,4.54,34.7,1.3,4.83,11.34,533.3,0.886,2212.0,186.0,35.95
48.9515,-97.6701,US,Maize,7.3,51.9,44.4,4.24,34.3,1.29,4.47,11.08,517.5,0.904,2104.0,191.2,35.76
48.9591,-97.6394,US,Maize,7.3,57.9,46.0,4.31,35.9,1.29,4.47,11.08,517.5,0.904,2104.0,191.2,35.76
48.9494,-97.6268,US,Maize,7.2,55.3,43.0,4.45,36.1,1.29,4.47,11.08,517.5,0.904,2104.0,191.2,35.76
48.9839,-97.6263,US,Maize,7.3,53.2,44.3,4.35,34.6,1.29,4.47,11.08,517.5,0.904,2104.0,191.2,35.76
48.9707,-97.5948,US,Maize,7.2,51.7,44.3,4.19,34.2,1.3,4.83,11.34,533.3,0.886,2212.0,186.0,35.95
48.9573,-97.6116,US,Maize,7.2,56.9,43.6,3.94,38.0,1.24,4.83,11.34,533.3,0.886,2212.0,186.0,35.95
48.9388,-97.5912,US,Maize,7.4,44.8,44.0,4.06,35.8,1.3,4.83,11.34,533.3,0.886,2212.0,186.0,35.95
48.9721,-97.6621,US,Maize,7.3,49.0,45.7,4.45,32.2,1.26,4.47,11.08,517.5,0.904,2104.0,191.2,35.76
48.9518,-97.6319,US,Maize,7.2,56.3,49.4,4.47,36.5,1.26,4.47,11.08,517.5,0.904,2104.0,191.2,35.76
48.9461,-97.5816,US,Maize,7.2,64.4,43.4,4.77,35.0,1.2,4.83,11.34,533.3,0.886,2212.0,186.0,35.95
48.937,-97.5459,US,Maize,7.3,53.5,44.6,4.45,35.9,1.27,4.83,11.34,533.3,0.886,2212.0,186.0,35.95
48.9687,-97.572,US,Maize,7.2,49.4,43.9,3.96,36.8,1.29,4.83,11.34,533.3,0.886,2212.0,186.0,35.95
48.9581,-97.5915,US,Maize,7.3,54.1,42.6,3.91,36.7,1.27,4.83,11.34,533.3,0.886,2212.0,186.0,35.95
48.9746,-97.5738,US,Maize,7.3,47.8,42.9,4.17,36.0,1.3,4.83,11.34,533.3,0.886,2212.0,186.0,35.95
48.9506,-97.5233,US,Maize,7.4,56.0,46.4,4.25,36.7,1.28,4.83,11.34,533.3,0.886,2212.0,186.0,35.95
48.9311,-97.5278,US,Maize,7.3,57.4,45.8,4.86,38.2,1.26,4.83,11.34,533.3,0.886,2212.0,186.0,35.95
48.9427,-97.5095,US,Maize,7.4,50.9,46.7,4.63,36.8,1.28,4.83,11.34,533.3,0.886,2212.0,186.0,35.95
48.9611,-97.6341,US,Maize,7.2,58.6,46.0,4.32,35.8,1.29,4.47,11.08,517.5,0.904,2104.0,191.2,35.76
48.9543,-97.5539,US,Maize,7.3,55.7,43.8,4.42,35.6,1.22,4.83,11.34,533.3,0.886,2212.0,186.0,35.95
48.9447,-97.5072,US,Maize,7.3,55.3,47.0,4.62,37.7,1.24,4.83,11.34,533.3,0.886,2212.0,186.0,35.95
48.9595,-97.5326,US,Maize,7.4,51.5,45.0,4.35,37.0,1.27,4.83,11.34,533.3,0.886,2212.0,186.0,35.95
48.937,-97.5356,US,Maize,7.3,62.0,46.2,4.49,37.1,1.26,4.83,11.34,533.3,0.886,2212.0,186.0,35.95
48.9826,-97.5269,US,Maize,7.3,53.7,45.2,4.65,36.2,1.31,4.83,11.34,533.3,0.886,2212.0,186.0,35.95
48.9811,-97.5324,US,Maize,7.4,51.2,45.3,4.16,35.7,1.27,4.83,11.34,533.3,0.886,2212.0,186.0,35.95
48.9731,-97.5751,US,Maize,7.3,48.2,44.7,4.05,36.6,1.3,4.83,11.34,533.3,0.886,2212.0,186.0,35.95
48.983,-97.5019,US,Maize,7.3,48.1,49.0,4.51,35.7,1.3,4.83,11.34,533.3,0.886,2212.0,186.0,35.95
48.9606,-97.4461,US,Maize,7.3,59.5,51.4,4.74,36.5,1.31,4.83,11.34,533.3,0.886,2212.0,186.0,35.95
48.9823,-97.5277,US,Maize,7.3,53.7,45.2,4.65,36.2,1.31,4.83,11.34,533.3,0.886,2212.0,186.0,35.95
48.9757,-97.5029,US,Maize,7.1,75.6,51.3,5.48,35.0,1.24,4.83,11.34,533.3,0.886,2212.0,186.0,35.95
48.9555,-97.4854,US,Maize,7.4,53.0,48.5,4.96,37.1,1.27,4.83,11.34,533.3,0.886,2212.0,186.0,35.95
48.9748,-97.4487,US,Maize,7.3,61.1,43.4,4.56,35.6,1.25,4.83,11.34,533.3,0.886,2212.0,186.0,35.95
48.9707,-97.4174,US,Maize,7.4,58.3,50.1,4.22,34.0,1.34,4.83,11.34,533.3,0.886,2212.0,186.0,35.95
48.9532,-97.4395,US,Maize,7.4,53.8,51.8,4.32,36.3,1.29,4.83,11.34,533.3,0.886,2212.0,186.0,35.95
48.9533,-97.4438,US,Maize,7.4,50.2,51.2,4.44,36.5,1.28,4.83,11.34,533.3,0.886,2212.0,186.0,35.95
48.9376,-97.4244,US,Maize,7.4,57.9,45.8,4.64,39.7,1.27,4.83,11.34,533.3,0.886,2212.0,186.0,35.95
48.9364,-97.3818,US,Maize,7.3,63.9,47.8,5.09,39.3,1.24,4.83,11.34,533.3,0.886,2212.0,186.0,35.95
48.9397,-97.4902,US,Maize,7.3,56.3,45.5,4.49,37.5,1.24,4.83,11.34,533.3,0.886,2212.0,186.0,35.95
48.9827,-97.3472,US,Maize,7.5,49.2,50.7,4.32,38.2,1.33,4.83,11.34,533.3,0.886,2212.0,186.0,35.95
48.9614,-97.4403,US,Maize,7.3,61.2,51.7,4.4,34.4,1.33,4.83,11.34,533.3,0.886,2212.0,186.0,35.95
48.96,-97.4809,US,Maize,7.4,60.3,51.3,4.24,37.5,1.28,4.83,11.34,533.3,0.886,2212.0,186.0,35.95
48.9741,-97.4019,US,Maize,7.4,55.0,47.1,4.38,37.8,1.33,4.83,11.34,533.3,0.886,2212.0,186.0,35.95
48.9841,-97.3242,US,Maize,7.5,60.9,51.4,4.52,39.0,1.26,4.83,11.34,533.3,0.886,2212.0,186.0,35.95
48.9361,-97.2456,US,Maize,7.6,60.9,48.7,5.14,39.8,1.26,4.83,11.34,533.3,0.886,2212.0,186.0,35.95
48.9378,-97.248,US,Maize,7.6,60.9,48.7,5.14,39.8,1.26,4.83,11.34,533.3,0.886,2212.0,186.0,35.95
48.948,-97.3663,US,Maize,7.3,54.8,54.7,4.53,37.1,1.33,4.83,11.34,533.3,0.886,2212.0,186.0,35.95
48.9746,-97.4399,US,Maize,7.3,52.3,45.7,4.42,36.6,1.32,4.83,11.34,533.3,0.886,2212.0,186.0,35.95
48.9597,-97.1927,US,Maize,7.6,60.2,31.2,4.38,39.7,1.31,4.83,11.34,533.3,0.886,2212.0,186.0,35.95
48.9327,-97.2619,US,Maize,7.5,62.9,46.8,5.21,38.6,1.28,4.83,11.34,533.3,0.886,2212.0,186.0,35.95
48.9367,-97.2386,US,Maize,7.6,61.2,48.4,5.1,39.8,1.26,4.83,11.34,533.3,0.886,2212.0,186.0,35.95
48.9459,-97.2193,US,Maize,7.4,57.2,48.3,4.78,39.4,1.27,4.83,11.34,533.3,0.886,2212.0,186.0,35.95
48.9482,-97.2979,US,Maize,7.3,58.2,51.1,4.65,41.2,1.27,4.83,11.34,533.3,0.886,2212.0,186.0,35.95
48.9558,-97.1923,US,Maize,7.6,62.8,29.4,4.58,39.7,1.3,4.83,11.34,533.3,0.886,2212.0,186.0,35.95
48.9531,-97.1202,US,Maize,7.6,49.8,49.7,4.62,40.3,1.28,4.41,11.3,554.8,0.864,2150.0,188.4,38.51
48.9438,-97.1079,US,Maize,7.5,45.3,50.4,4.61,40.6,1.29,4.41,11.3,554.8,0.864,2150.0,188.4,38.51
48.9312,-97.0925,US,Maize,7.5,58.9,51.0,4.12,41.2,1.29,4.41,11.3,554.8,0.864,2150.0,188.4,38.51
48.9866,-97.1594,US,Maize,7.5,52.7,49.4,4.71,38.5,1.29,4.83,11.34,533.3,0.886,2212.0,186.0,35.95
48.9461,-97.0022,US,Maize,7.4,49.4,58.3,4.33,44.2,1.31,4.41,11.3,554.8,0.864,2150.0,188.4,38.51
48.9367,-97.1182,US,Maize,7.5,49.9,51.2,4.56,41.4,1.29,4.41,11.3,554.8,0.864,2150.0,188.4,38.51
48.9551,-97.0131,US,Maize,7.4,49.3,54.7,4.37,42.5,1.31,4.41,11.3,554.8,0.864,2150.0,188.4,38.51
48.9384,-97.0485,US,Maize,7.4,56.1,52.0,4.34,39.5,1.3,4.41,11.3,554.8,0.864,2150.0,188.4,38.51
48.9609,-96.9879,US,Maize,7.1,58.2,65.2,4.89,45.7,1.24,4.41,11.3,554.8,0.864,2150.0,188.4,38.51
48.9833,-96.9807,US,Maize,7.2,56.3,47.9,4.75,40.2,1.34,4.41,11.3,554.8,0.864,2150.0,188.4,38.51
48.9746,-96.9034,US,Maize,7.2,56.6,27.4,3.91,34.3,1.39,4.41,11.3,554.8,0.864,2150.0,188.4,38.51
48.9622,-96.9479,US,Maize,7.4,54.1,32.6,4.33,40.9,1.36,4.41,11.3,554.8,0.864,2150.0,188.4,38.51
48.9845,-96.979,US,Maize,7.3,56.6,48.0,4.6,39.3,1.35,4.41,11.3,554.8,0.864,2150.0,188.4,38.51
48.9371,-96.9297,US,Maize,7.4,55.5,53.8,4.15,41.2,1.34,4.41,11.3,554.8,0.864,2150.0,188.4,38.51
48.9529,-97.0129,US,Maize,7.4,50.1,50.2,4.36,42.5,1.32,4.41,11.3,554.8,0.864,2150.0,188.4,38.51
48.9729,-96.9069,US,Maize,7.2,56.2,28.9,4.01,35.0,1.39,4.41,11.3,554.8,0.864,2150.0,188.4,38.51
48.9861,-96.8916,US,Maize,7.3,53.8,27.0,3.73,38.1,1.37,4.41,11.3,554.8,0.864,2150.0,188.4,38.51
48.9825,-96.7349,US,Maize,7.1,57.6,22.6,3.94,28.3,1.25,4.41,11.3,554.8,0.864,2150.0,188.4,38.51
48.9899,-96.4604,US,Maize,7.1,46.9,17.2,3.53,28.8,1.17,3.96,11.0,570.5,0.855,2069.0,190.8,40.85
48.939,-96.0698,US,Maize,7.0,45.3,17.7,3.22,33.0,1.25,3.96,11.0,570.5,0.855,2069.0,190.8,40.85
48.9361,-97.1171,US,Maize,7.5,49.9,51.2,4.56,41.4,1.29,4.41,11.3,554.8,0.864,2150.0,188.4,38.51
48.9503,-96.0055,US,Maize,7.0,61.0,18.9,3.51,43.4,1.31,3.96,11.0,570.5,0.855,2069.0,190.8,40.85
48.9729,-95.9989,US,Maize,7.1,52.3,17.8,3.83,29.4,1.28,3.96,11.0,570.5,0.855,2069.0,190.8,40.85
48.9759,-96.0029,US,Maize,7.0,56.3,17.6,3.72,30.2,1.28,3.96,11.0,570.5,0.855,2069.0,190.8,40.85
48.9604,-95.9945,US,Maize,6.9,53.7,22.2,3.58,44.7,1.22,3.96,11.0,570.5,0.855,2069.0,190.8,40.85
48.94,-96.924,US,Maize,7.4,53.3,34.6,3.87,39.7,1.34,4.41,11.3,554.8,0.864,2150.0,188.4,38.51
48.9722,-96.898,US,Maize,7.3,52.1,27.3,4.36,38.5,1.36,4.41,11.3,554.8,0.864,2150.0,188.4,38.51
48.9716,-95.9995,US,Maize,7.1,52.3,17.8,3.83,29.4,1.28,3.96,11.0,570.5,0.855,2069.0,190.8,40.85
48.9398,-96.0922,US,Maize,7.0,59.6,20.2,3.05,29.8,1.19,3.96,11.0,570.5,0.855,2069.0,190.8,40.85
48.9333,-95.9814,US,Maize,7.2,75.0,30.6,4.58,42.6,1.28,3.96,11.0,570.5,0.855,2069.0,190.8,40.85
48.9466,-95.925,US,Maize,7.1,56.8,24.2,3.64,40.0,1.28,3.96,11.0,570.5,0.855,2069.0,190.8,40.85
48.9423,-95.9278,US,Maize,6.9,51.1,24.5,3.78,39.3,1.2,3.96,11.0,570.5,0.855,2069.0,190.8,40.85
48.9626,-96.0014,US,Maize,7.1,60.8,20.3,3.63,44.3,1.26,3.96,11.0,570.5,0.855,2069.0,190.8,40.85
48.9894,-95.9563,US,Maize,7.1,45.6,19.9,3.72,39.4,1.28,3.96,11.0,570.5,0.855,2069.0,190.8,40.85
48.946,-95.8982,US,Maize,6.9,49.0,22.2,3.17,36.2,1.15,3.96,11.0,570.5,0.855,2069.0,190.8,40.85
48.9687,-95.9272,US,Maize,7.2,52.6,25.0,4.23,38.4,1.29,3.96,11.0,570.5,0.855,2069.0,190.8,40.85
48.9462,-95.9003,US,Maize,7.1,54.6,22.1,3.59,34.1,1.29,3.96,11.0,570.5,0.855,2069.0,190.8,40.85
48.9562,-95.9387,US,Maize,7.2,54.1,25.8,4.12,39.8,1.28,3.96,11.0,570.5,0.855,2069.0,190.8,40.85
48.9434,-95.9213,US,Maize,7.1,59.8,23.5,3.9,38.1,1.28,3.96,11.0,570.5,0.855,2069.0,190.8,40.85
48.9596,-95.9446,US,Maize,6.8,66.3,26.3,4.69,39.6,1.16,3.96,11.0,570.5,0.855,2069.0,190.8,40.85
48.9425,-95.9006,US,Maize,7.1,60.9,22.5,3.7,34.0,1.24,3.96,11.0,570.5,0.855,2069.0,190.8,40.85
48.9361,-95.9061,US,Maize,7.1,62.0,24.7,4.07,36.2,1.23,3.96,11.0,570.5,0.855,2069.0,190.8,40.85
48.9611,-95.883,US,Maize,6.9,50.1,19.2,3.3,35.8,1.21,3.96,11.0,570.5,0.855,2069.0,190.8,40.85
48.9654,-95.9989,US,Maize,7.1,57.3,18.1,3.83,44.4,1.27,3.96,11.0,570.5,0.855,2069.0,190.8,40.85
48.9515,-95.9363,US,Maize,7.1,52.3,24.5,3.76,40.3,1.27,3.96,11.0,570.5,0.855,2069.0,190.8,40.85
48.9507,-95.8548,US,Maize,6.8,54.6,22.9,3.29,33.8,1.23,3.92,10.38,581.7,0.83,2064.0,185.8,41.78
48.9391,-95.4697,US,Maize,6.9,43.1,17.9,3.38,30.8,1.23,3.92,10.38,581.7,0.83,2064.0,185.8,41.78
48.9473,-95.4487,US,Maize,7.2,49.9,20.0,3.33,32.5,1.31,3.92,10.38,581.7,0.83,2064.0,185.8,41.78
48.9403,-95.3729,US,Maize,6.6,49.0,18.3,3.34,22.1,1.19,3.92,10.38,581.7,0.83,2064.0,185.8,41.78
48.9452,-95.9225,US,Maize,7.1,53.1,24.1,3.68,37.7,1.28,3.96,11.0,570.5,0.855,2069.0,190.8,40.85
48.946,-95.0624,US,Maize,7.2,64.7,17.1,4.14,40.8,1.28,4.06,9.02,589.9,0.777,2116.0,176.2,41.94
48.9526,-95.8566,US,Maize,6.8,47.6,20.4,3.43,33.7,1.2,3.92,10.38,581.7,0.83,2064.0,185.8,41.78
48.9318,-95.4489,US,Maize,7.2,56.3,20.4,3.54,33.3,1.29,3.92,10.38,581.7,0.83,2064.0,185.8,41.78
48.9548,-95.052,US,Maize,7.2,54.2,18.5,3.2,38.1,1.29,4.06,9.02,589.9,0.777,2116.0,176.2,41.94
48.9596,-94.9874,US,Maize,7.2,53.1,22.2,4.27,39.3,1.28,4.06,9.02,589.9,0.777,2116.0,176.2,41.94
48.9512,-95.0515,US,Maize,7.2,59.8,18.9,3.95,37.4,1.26,4.06,9.02,589.9,0.777,2116.0,176.2,41.94
48.8522,-104.0072,US,Maize,7.6,52.1,24.3,3.32,23.9,1.23,5.83,11.71,402.0,0.934,2191.0,183.8,25.39
48.9293,-102.7323,US,Maize,6.7,61.4,26.7,4.6,27.6,1.11,5.62,11.68,409.6,0.921,2200.0,186.8,26.22
48.8662,-102.8903,US,Maize,6.8,53.0,26.0,3.89,26.1,1.15,5.85,11.72,393.7,0.94,2220.0,184.4,24.84
48.8554,-102.6288,US,Maize,6.8,71.4,29.5,4.36,25.4,1.1,5.62,11.68,409.6,0.921,2200.0,186.8,26.22
48.9261,-102.5376,US,Maize,6.8,56.9,24.4,4.76,28.0,1.14,5.62,11.68,409.6,0.921,2200.0,186.8,26.22
48.8997,-102.6124,US,Maize,6.9,61.9,24.5,4.52,25.1,1.17,5.62,11.68,409.6,0.921,2200.0,186.8,26.22
48.8985,-102.5666,US,Maize,6.7,59.0,24.5,4.52,26.8,1.14,5.62,11.68,409.6,0.921,2200.0,186.8,26.22
48.9048,-102.5002,US,Maize,6.8,55.5,24.5,4.92,27.4,1.17,5.62,11.68,409.6,0.921,2200.0,186.8,26.22
48.8589,-102.4883,US,Maize,6.9,56.7,24.8,4.41,26.6,1.17,5.62,11.68,409.6,0.921,2200.0,186.8,26.22
48.9641,-95.8549,US,Maize,7.1,53.0,21.9,3.61,34.1,1.26,3.92,10.38,581.7,0.83,2064.0,185.8,41.78
48.8604,-102.4234,US,Maize,7.0,58.4,25.1,4.86,26.1,1.17,5.62,11.68,409.6,0.921,2200.0,186.8,26.22
48.8465,-102.4489,US,Maize,7.1,59.0,25.4,4.49,25.1,1.16,5.62,11.68,409.6,0.921,2200.0,186.8,26.22
48.8612,-102.6085,US,Maize,6.9,69.7,29.8,4.24,24.2,1.16,5.62,11.68,409.6,0.921,2200.0,186.8,26.22
48.8872,-102.4029,US,Maize,6.9,56.9,26.3,4.81,28.3,1.17,5.62,11.68,409.6,0.921,2200.0,186.8,26.22
48.8953,-102.3419,US,Maize,6.8,64.0,23.8,5.31,27.3,1.1,5.62,11.68,409.6,0.921,2200.0,186.8,26.22
48.8516,-102.5025,US,Maize,7.0,59.7,24.3,4.33,25.7,1.16,5.62,11.68,409.6,0.921,2200.0,186.8,26.22
48.9283,-102.2014,US,Maize,6.8,62.2,24.1,4.87,27.0,1.09,5.62,11.68,409.6,0.921,2200.0,186.8,26.22
48.8954,-101.9429,US,Maize,6.8,59.7,24.7,4.88,25.6,1.13,5.39,11.67,439.5,0.892,2181.0,188.0,28.55
48.959,-94.9909,US,Maize,7.3,49.7,23.5,4.28,37.9,1.28,4.06,9.02,589.9,0.777,2116.0,176.2,41.94
48.8901,-101.9311,US,Maize,6.9,62.7,25.2,4.81,25.5,1.14,5.39,11.67,439.5,0.892,2181.0,188.0,28.55
48.8892,-101.9286,US,Maize,6.9,62.7,25.2,4.81,25.5,1.14,5.39,11.67,439.5,0.892,2181.0,188.0,28.55
48.8989,-101.7687,US,Maize,7.3,58.9,24.4,4.73,24.6,1.15,5.39,11.67,439.5,0.892,2181.0,188.0,28.55
48.8573,-101.6891,US,Maize,7.5,67.9,23.1,4.48,24.3,1.13,5.39,11.67,439.5,0.892,2181.0,188.0,28.55
48.9031,-101.6989,US,Maize,7.2,62.8,21.7,5.13,26.5,1.09,5.39,11.67,439.5,0.892,2181.0,188.0,28.55
48.8639,-101.6296,US,Maize,7.5,60.4,23.5,4.99,23.9,1.15,5.39,11.67,439.5,0.892,2181.0,188.0,28.55
48.861,-101.9726,US,Maize,6.9,57.6,24.5,4.4,25.8,1.14,5.39,11.67,439.5,0.892,2181.0,188.0,28.55
48.8976,-101.6514,US,Maize,7.3,55.8,21.5,4.46,25.1,1.13,5.39,11.67,439.5,0.892,2181.0,188.0,28.55
48.8856,-101.9424,US,Maize,6.9,61.5,25.4,4.98,26.0,1.13,5.39,11.67,439.5,0.892,2181.0,188.0,28.55
48.9248,-101.6647,US,Maize,7.3,57.8,21.4,4.76,26.0,1.13,5.39,11.67,439.5,0.892,2181.0,188.0,28.55
48.901,-101.8009,US,Maize,7.3,57.2,22.7,4.85,24.7,1.17,5.39,11.67,439.5,0.892,2181.0,188.0,28.55
48.9301,-101.6104,US,Maize,7.3,55.9,21.0,4.54,25.1,1.14,5.18,11.7,459.2,0.879,2175.0,188.0,30.25
48.8969,-101.6195,US,Maize,7.4,69.6,21.8,4.69,24.1,1.16,5.18,11.7,459.2,0.879,2175.0,188.0,30.25
48.874,-101.6589,US,Maize,7.6,59.8,22.4,4.7,24.4,1.17,5.39,11.67,439.5,0.892,2181.0,188.0,28.55
48.848,-101.5687,US,Maize,7.4,65.3,21.5,4.63,22.5,1.17,5.39,11.67,439.5,0.892,2181.0,188.0,28.55
48.9107,-101.6251,US,Maize,7.5,58.2,21.2,4.93,25.3,1.13,5.39,11.67,439.5,0.892,2181.0,188.0,28.55
48.8721,-101.5728,US,Maize,7.5,66.8,20.6,4.78,24.6,1.15,5.39,11.67,439.5,0.892,2181.0,188.0,28.55
48.8771,-101.5673,US,Maize,7.5,72.2,21.2,4.94,24.9,1.15,5.18,11.7,459.2,0.879,2175.0,188.0,30.25
48.879,-101.5594,US,Maize,7.5,68.6,20.9,4.76,24.9,1.15,5.18,11.7,459.2,0.879,2175.0,188.0,30.25
48.9021,-101.5696,US,Maize,7.5,57.8,20.4,4.78,24.6,1.18,5.18,11.7,459.2,0.879,2175.0,188.0,30.25
48.8673,-101.5415,US,Maize,7.6,62.3,21.6,4.87,24.3,1.17,5.39,11.67,439.5,0.892,2181.0,188.0,28.55
48.875,-101.7552,US,Maize,7.3,61.1,25.1,4.67,24.3,1.12,5.39,11.67,439.5,0.892,2181.0,188.0,28.55
48.8533,-101.5239,US,Maize,7.5,64.8,22.4,5.01,24.6,1.18,5.39,11.67,439.5,0.892,2181.0,188.0,28.55
48.8739,-101.568,US,Maize,7.5,71.2,20.9,5.05,24.6,1.15,5.39,11.67,439.5,0.892,2181.0,188.0,28.55
48.878,-101.558,US,Maize,7.5,71.6,21.2,4.8,24.8,1.14,5.18,11.7,459.2,0.879,2175.0,188.0,30.25
48.8456,-101.5492,US,Maize,7.4,58.0,21.4,5.12,23.4,1.18,5.39,11.67,439.5,0.892,2181.0,188.0,28.55
48.9076,-101.5636,US,Maize,7.5,63.0,21.1,4.89,24.3,1.18,5.18,11.7,459.2,0.879,2175.0,188.0,30.25
48.8696,-101.5564,US,Maize,7.5,68.9,21.5,4.84,24.0,1.15,5.39,11.67,439.5,0.892,2181.0,188.0,28.55
48.8521,-101.5239,US,Maize,7.5,65.6,22.7,4.94,24.7,1.17,5.39,11.67,439.5,0.892,2181.0,188.0,28.55
48.9171,-101.4925,US,Maize,7.5,70.3,22.7,4.8,23.6,1.17,5.18,11.7,459.2,0.879,2175.0,188.0,30.25
48.85,-101.5462,US,Maize,7.4,61.3,21.2,4.99,23.7,1.18,5.39,11.67,439.5,0.892,2181.0,188.0,28.55
48.9216,-101.4782,US,Maize,7.4,54.2,23.3,4.71,23.4,1.19,5.18,11.7,459.2,0.879,2175.0,188.0,30.25
48.8533,-101.4612,US,Maize,7.4,61.5,22.0,4.96,24.7,1.18,5.39,11.67,439.5,0.892,2181.0,188.0,28.55
48.8491,-101.5694,US,Maize,7.4,65.3,21.5,4.63,22.5,1.17,5.39,11.67,439.5,0.892,2181.0,188.0,28.55
48.9285,-101.4284,US,Maize,7.5,58.3,22.3,4.64,25.1,1.17,5.18,11.7,459.2,0.879,2175.0,188.0,30.25
48.9154,-101.4578,US,Maize,7.5,56.7,21.0,4.72,22.2,1.17,5.18,11.7,459.2,0.879,2175.0,188.0,30.25
48.8532,-101.5573,US,Maize,7.4,64.8,22.3,4.72,23.1,1.16,5.39,11.67,439.5,0.892,2181.0,188.0,28.55
48.9171,-101.4819,US,Maize,7.5,54.9,20.9,4.98,22.4,1.16,5.18,11.7,459.2,0.879,2175.0,188.0,30.25
48.9305,-101.4978,US,Maize,7.5,57.9,22.3,4.83,23.6,1.19,5.18,11.7,459.2,0.879,2175.0,188.0,30.25
48.901,-101.4896,US,Maize,7.4,66.8,22.3,5.17,23.5,1.17,5.18,11.7,459.2,0.879,2175.0,188.0,30.25
48.9141,-101.4976,US,Maize,7.4,70.6,22.6,5.04,23.2,1.18,5.18,11.7,459.2,0.879,2175.0,188.0,30.25
48.91,-101.447,US,Maize,7.5,58.3,23.0,4.5,23.0,1.17,5.18,11.7,459.2,0.879,2175.0,188.0,30.25
48.9118,-101.4922,US,Maize,7.4,67.8,22.8,4.96,23.4,1.17,5.18,11.7,459.2,0.879,2175.0,188.0,30.25
48.8577,-101.4664,US,Maize,7.3,68.6,21.7,5.48,25.7,1.13,5.39,11.67,439.5,0.892,2181.0,188.0,28.55
48.8998,-101.4721,US,Maize,7.5,61.1,30.9,4.84,23.8,1.16,5.18,11.7,459.2,0.879,2175.0,188.0,30.25
48.93,-101.4994,US,Maize,7.5,58.0,21.5,4.83,24.0,1.19,5.18,11.7,459.2,0.879,2175.0,188.0,30.25
48.9189,-101.5015,US,Maize,7.5,65.8,21.3,4.91,23.5,1.18,5.18,11.7,459.2,0.879,2175.0,188.0,30.25
48.8638,-101.4257,US,Maize,7.5,56.6,20.3,4.78,23.2,1.19,5.39,11.67,439.5,0.892,2181.0,188.0,28.55
48.8578,-101.4211,US,Maize,7.4,58.2,23.3,4.87,23.9,1.18,5.39,11.67,439.5,0.892,2181.0,188.0,28.55
48.9258,-101.3593,US,Maize,7.6,66.5,24.1,4.49,22.3,1.17,5.18,11.7,459.2,0.879,2175.0,188.0,30.25
48.9028,-101.3506,US,Maize,7.6,68.2,23.9,4.43,22.2,1.16,5.18,11.7,459.2,0.879,2175.0,188.0,30.25
48.9022,-101.3468,US,Maize,7.7,74.3,23.8,4.53,22.6,1.18,5.18,11.7,459.2,0.879,2175.0,188.0,30.25
48.9208,-101.4892,US,Maize,7.5,64.4,21.5,4.8,23.0,1.17,5.18,11.7,459.2,0.879,2175.0,188.0,30.25
48.9288,-101.4264,US,Maize,7.4,59.5,23.0,4.49,24.9,1.16,5.18,11.7,459.2,0.879,2175.0,188.0,30.25
48.89,-101.3035,US,Maize,7.6,64.1,20.8,4.46,22.0,1.2,5.18,11.7,459.2,0.879,2175.0,188.0,30.25
48.9265,-101.3638,US,Maize,7.6,64.9,22.6,4.47,22.3,1.17,5.18,11.7,459.2,0.879,2175.0,188.0,30.25
48.8601,-101.3062,US,Maize,7.6,60.3,21.9,4.39,22.1,1.22,5.18,11.7,459.2,0.879,2175.0,188.0,30.25
48.8537,-101.4665,US,Maize,7.4,66.4,23.0,4.94,24.9,1.15,5.39,11.67,439.5,0.892,2181.0,188.0,28.55
48.9281,-101.4242,US,Maize,7.4,64.1,22.4,4.41,25.5,1.16,5.18,11.7,459.2,0.879,2175.0,188.0,30.25
48.8891,-101.2678,US,Maize,7.7,59.6,20.0,4.37,21.8,1.22,5.18,11.7,459.2,0.879,2175.0,188.0,30.25
48.8521,-101.3269,US,Maize,7.6,60.3,23.2,4.65,23.8,1.22,5.18,11.7,459.2,0.879,2175.0,188.0,30.25
48.885,-101.2572,US,Maize,7.6,71.1,21.7,4.3,23.5,1.21,5.18,11.7,459.2,0.879,2175.0,188.0,30.25
48.8782,-101.2923,US,Maize,7.6,65.9,20.7,4.27,23.4,1.21,5.18,11.7,459.2,0.879,2175.0,188.0,30.25
48.8613,-101.3094,US,Maize,7.6,63.7,21.4,4.41,22.4,1.2,5.18,11.7,459.2,0.879,2175.0,188.0,30.25
48.8885,-101.3032,US,Maize,7.6,64.1,20.8,4.46,22.0,1.2,5.18,11.7,459.2,0.879,2175.0,188.0,30.25
48.8666,-101.1885,US,Maize,7.6,64.8,21.5,4.51,21.7,1.21,5.18,11.7,459.2,0.879,2175.0,188.0,30.25
48.8897,-101.1752,US,Maize,7.6,59.3,20.8,4.59,20.9,1.24,5.18,11.7,459.2,0.879,2175.0,188.0,30.25
48.8631,-101.2464,US,Maize,7.6,66.9,21.8,4.49,22.7,1.2,5.18,11.7,459.2,0.879,2175.0,188.0,30.25
48.8636,-101.3257,US,Maize,7.5,64.9,20.4,4.55,21.9,1.23,5.18,11.7,459.2,0.879,2175.0,188.0,30.25
48.8686,-101.1773,US,Maize,7.7,64.6,29.1,4.54,21.8,1.21,5.18,11.7,459.2,0.879,2175.0,188.0,30.25
48.8582,-101.1774,US,Maize,7.7,71.2,18.5,4.91,22.8,1.17,5.18,11.7,459.2,0.879,2175.0,188.0,30.25
48.8991,-101.3025,US,Maize,7.6,63.2,23.5,4.46,22.6,1.2,5.18,11.7,459.2,0.879,2175.0,188.0,30.25
48.8944,-101.1868,US,Maize,7.5,59.3,20.7,4.61,22.0,1.13,5.18,11.7,459.2,0.879,2175.0,188.0,30.25
48.8944,-101.2504,US,Maize,7.8,59.0,22.4,4.54,22.0,1.21,5.18,11.7,459.2,0.879,2175.0,188.0,30.25
48.876,-101.251,US,Maize,7.6,69.0,19.4,4.41,23.2,1.22,5.18,11.7,459.2,0.879,2175.0,188.0,30.25
48.8621,-101.2469,US,Maize,7.6,66.9,21.8,4.49,22.7,1.2,5.18,11.7,459.2,0.879,2175.0,188.0,30.25
48.8592,-101.2499,US,Maize,7.5,67.7,29.8,4.31,22.5,1.2,5.18,11.7,459.2,0.879,2175.0,188.0,30.25
48.9108,-101.1459,US,Maize,7.6,57.3,21.4,4.31,23.4,1.21,5.18,11.7,459.2,0.879,2175.0,188.0,30.25
48.9039,-101.1112,US,Maize,7.5,57.2,22.2,4.4,21.0,1.19,5.18,11.7,459.2,0.879,2175.0,188.0,30.25
48.8926,-101.1056,US,Maize,7.6,53.2,16.4,4.82,21.2,1.2,5.18,11.7,459.2,0.879,2175.0,188.0,30.25
48.8731,-101.1628,US,Maize,7.7,63.8,18.9,4.43,21.1,1.19,5.18,11.7,459.2,0.879,2175.0,188.0,30.25
48.8654,-101.1529,US,Maize,7.7,65.1,21.8,4.62,21.9,1.18,5.18,11.7,459.2,0.879,2175.0,188.0,30.25
48.8862,-101.148,US,Maize,7.6,60.3,20.4,4.57,23.2,1.21,5.18,11.7,459.2,0.879,2175.0,188.0,30.25
48.8542,-101.1873,US,Maize,7.6,67.7,19.1,4.57,22.7,1.19,5.18,11.7,459.2,0.879,2175.0,188.0,30.25
48.8611,-101.0863,US,Maize,7.6,57.6,19.1,4.45,21.2,1.22,5.18,11.7,459.2,0.879,2175.0,188.0,30.25
48.9025,-101.1037,US,Maize,7.6,57.3,21.8,4.56,22.4,1.23,5.18,11.7,459.2,0.879,2175.0,188.0,30.25
48.863,-101.0254,US,Maize,7.6,61.3,21.8,4.79,25.4,1.19,5.18,11.7,459.2,0.879,2175.0,188.0,30.25
48.883,-101.1549,US,Maize,7.6,58.1,20.1,4.59,21.2,1.22,5.18,11.7,459.2,0.879,2175.0,188.0,30.25
48.8701,-101.0729,US,Maize,7.6,57.4,22.6,4.51,20.5,1.19,5.18,11.7,459.2,0.879,2175.0,188.0,30.25
48.9041,-101.0053,US,Maize,7.3,58.5,17.2,4.53,20.5,1.18,5.18,11.7,459.2,0.879,2175.0,188.0,30.25
48.8666,-101.0817,US,Maize,7.7,56.3,22.0,4.38,21.4,1.21,5.18,11.7,459.2,0.879,2175.0,188.0,30.25
48.8709,-101.0809,US,Maize,7.6,56.3,22.1,4.49,20.4,1.19,5.18,11.7,459.2,0.879,2175.0,188.0,30.25
48.9296,-101.0721,US,Maize,7.6,54.9,23.8,4.58,22.7,1.22,5.18,11.7,459.2,0.879,2175.0,188.0,30.25
48.846,-101.0807,US,Maize,7.6,55.3,8.1,4.52,17.2,1.2,5.18,11.7,459.2,0.879,2175.0,188.0,30.25
48.8681,-101.046,US,Maize,7.6,58.3,21.0,4.41,21.8,1.2,5.18,11.7,459.2,0.879,2175.0,188.0,30.25
48.8693,-101.0491,US,Maize,7.6,58.3,22.0,4.42,22.0,1.2,5.18,11.7,459.2,0.879,2175.0,188.0,30.25
48.8821,-101.0279,US,Maize,7.6,58.1,20.0,4.45,21.1,1.24,5.18,11.7,459.2,0.879,2175.0,188.0,30.25
48.8684,-101.0691,US,Maize,7.6,56.4,22.6,4.49,21.6,1.21,5.18,11.7,459.2,0.879,2175.0,188.0,30.25
48.8687,-101.0714,US,Maize,7.6,55.0,23.0,4.51,21.6,1.2,5.18,11.7,459.2,0.879,2175.0,188.0,30.25
48.8781,-101.0752,US,Maize,7.7,55.3,21.7,4.64,19.5,1.22,5.18,11.7,459.2,0.879,2175.0,188.0,30.25
48.887,-101.0068,US,Maize,7.6,59.1,24.6,4.34,22.1,1.24,5.18,11.7,459.2,0.879,2175.0,188.0,30.25
48.8713,-101.0596,US,Maize,7.6,56.0,22.5,4.5,22.9,1.21,5.18,11.7,459.2,0.879,2175.0,188.0,30.25
48.8544,-101.0341,US,Maize,7.6,54.4,23.5,4.54,23.8,1.21,5.18,11.7,459.2,0.879,2175.0,188.0,30.25
48.8896,-101.0313,US,Maize,7.6,56.9,21.7,4.61,21.7,1.25,5.18,11.7,459.2,0.879,2175.0,188.0,30.25
48.9021,-101.0747,US,Maize,7.5,61.7,18.0,4.41,21.9,1.22,5.18,11.7,459.2,0.879,2175.0,188.0,30.25
48.8726,-101.0726,US,Maize,7.6,54.8,22.7,4.53,20.2,1.21,5.18,11.7,459.2,0.879,2175.0,188.0,30.25
48.8791,-100.9757,US,Maize,7.6,57.8,19.2,4.73,23.0,1.23,5.18,11.7,459.2,0.879,2175.0,188.0,30.25
48.8776,-100.9766,US,Maize,7.6,56.1,20.1,4.59,22.9,1.24,5.18,11.7,459.2,0.879,2175.0,188.0,30.25
48.8833,-101.0353,US,Maize,7.6,57.3,20.4,4.55,21.4,1.23,5.18,11.7,459.2,0.879,2175.0,188.0,30.25
48.8759,-100.9813,US,Maize,7.6,56.5,20.5,4.53,23.2,1.24,5.18,11.7,459.2,0.879,2175.0,188.0,30.25
48.9099,-100.931,US,Maize,7.6,53.3,21.6,4.44,22.4,1.22,5.18,11.7,459.2,0.879,2175.0,188.0,30.25
48.9121,-100.934,US,Maize,7.6,55.0,20.7,4.57,22.1,1.23,5.18,11.7,459.2,0.879,2175.0,188.0,30.25
48.8716,-100.9903,US,Maize,7.5,60.0,31.8,4.51,23.1,1.24,5.18,11.7,459.2,0.879,2175.0,188.0,30.25
48.9291,-100.9416,US,Maize,7.6,58.5,19.0,4.48,22.2,1.23,5.18,11.7,459.2,0.879,2175.0,188.0,30.25
48.8565,-100.9795,US,Maize,7.5,59.6,18.1,4.51,22.6,1.23,5.18,11.7,459.2,0.879,2175.0,188.0,30.25
48.9289,-100.9257,US,Maize,7.6,63.0,19.3,4.37,21.9,1.25,5.18,11.7,459.2,0.879,2175.0,188.0,30.25
48.8521,-100.9962,US,Maize,7.6,56.5,19.3,4.51,25.3,1.23,5.18,11.7,459.2,0.879,2175.0,188.0,30.25
48.9057,-100.9044,US,Maize,7.6,59.4,20.3,4.57,23.1,1.22,5.18,11.7,459.2,0.879,2175.0,188.0,30.25
48.8784,-100.7919,US,Maize,7.7,63.0,42.5,4.84,31.5,1.19,4.5,11.39,478.0,0.876,2063.0,191.2,32.96
48.8962,-100.9071,US,Maize,7.6,58.6,19.2,4.48,23.2,1.23,5.18,11.7,459.2,0.879,2175.0,188.0,30.25
48.9231,-100.9101,US,Maize,7.6,62.1,19.7,4.5,25.1,1.22,5.18,11.7,459.2,0.879,2175.0,188.0,30.25
48.8473,-101.0378,US,Maize,7.6,55.3,22.9,4.6,21.1,1.23,5.18,11.7,459.2,0.879,2175.0,188.0,30.25
48.8778,-100.7927,US,Maize,7.7,63.0,42.5,4.84,31.5,1.19,4.5,11.39,478.0,0.876,2063.0,191.2,32.96
48.8896,-100.6841,US,Maize,7.4,60.1,31.0,4.73,30.7,1.21,4.5,11.39,478.0,0.876,2063.0,191.2,32.96
48.8726,-100.7134,US,Maize,7.5,56.8,39.3,4.49,30.8,1.19,4.5,11.39,478.0,0.876,2063.0,191.2,32.96
48.8653,-100.7238,US,Maize,7.6,60.3,42.1,4.41,32.4,1.19,4.5,11.39,478.0,0.876,2063.0,191.2,32.96
48.8495,-100.7078,US,Maize,7.6,71.0,36.7,4.48,31.9,1.18,4.5,11.39,478.0,0.876,2063.0,191.2,32.96
48.8915,-100.9458,US,Maize,7.6,57.0,34.3,4.57,21.7,1.25,5.18,11.7,459.2,0.879,2175.0,188.0,30.25
48.8691,-100.7189,US,Maize,7.5,57.5,41.7,4.51,31.1,1.2,4.5,11.39,478.0,0.876,2063.0,191.2,32.96
48.8921,-100.5859,US,Maize,7.3,62.0,26.7,4.53,23.4,1.21,4.5,11.39,478.0,0.876,2063.0,191.2,32.96
48.8939,-100.5785,US,Maize,7.2,62.2,25.8,4.55,23.3,1.21,4.5,11.39,478.0,0.876,2063.0,191.2,32.96
48.8491,-100.7073,US,Maize,7.6,71.0,36.7,4.48,31.9,1.18,4.5,11.39,478.0,0.876,2063.0,191.2,32.96
48.8723,-100.5914,US,Maize,7.3,66.0,30.8,4.72,24.0,1.24,4.5,11.39,478.0,0.876,2063.0,191.2,32.96
48.9252,-100.5981,US,Maize,7.2,59.2,27.8,4.8,25.7,1.17,4.5,11.39,478.0,0.876,2063.0,191.2,32.96
48.8967,-100.5717,US,Maize,7.2,59.0,25.6,4.94,23.5,1.2,4.5,11.39,478.0,0.876,2063.0,191.2,32.96
48.9258,-100.1189,US,Maize,6.8,61.5,31.6,3.16,26.7,1.19,4.02,11.19,484.9,0.884,1973.0,194.4,34.59
48.8845,-100.3866,US,Maize,6.9,77.4,30.6,4.39,30.3,1.22,4.5,11.39,478.0,0.876,2063.0,191.2,32.96
48.9262,-99.2132,US,Maize,7.0,65.9,29.3,4.98,33.5,1.18,4.16,11.23,480.2,0.905,2011.0,194.4,33.91
48.9136,-99.2099,US,Maize,7.0,63.1,28.4,4.41,31.6,1.22,4.16,11.23,480.2,0.905,2011.0,194.4,33.91
48.9067,-99.2162,US,Maize,7.1,66.0,28.4,4.6,31.8,1.2,4.16,11.23,480.2,0.905,2011.0,194.4,33.91
48.8796,-100.4483,US,Maize,7.0,61.3,32.7,4.28,25.8,1.22,4.5,11.39,478.0,0.876,2063.0,191.2,32.96
48.9091,-99.2179,US,Maize,7.0,62.1,28.4,4.63,30.6,1.22,4.16,11.23,480.2,0.905,2011.0,194.4,33.91
48.8941,-99.2714,US,Maize,7.1,54.2,30.3,4.71,28.4,1.19,4.16,11.23,480.2,0.905,2011.0,194.4,33.91
48.8866,-99.6551,US,Maize,6.8,59.8,28.3,4.42,28.6,1.25,4.02,11.19,484.9,0.884,1973.0,194.4,34.59
48.8921,-100.5977,US,Maize,7.2,62.1,25.9,4.73,24.2,1.2,4.5,11.39,478.0,0.876,2063.0,191.2,32.96
9.0258,-0.0602,Africa,Maize,5.8,13.5,21.9,1.26,11.9,1.38,26.97,9.83,1478.3,0.92,8023.0,0.0,39.99
48.8928,-99.2724,US,Maize,7.1,61.2,29.7,4.82,32.2,1.18,4.16,11.23,480.2,0.905,2011.0,194.4,33.91
9.0229,0.4081,Africa,Maize,6.1,16.5,26.4,1.68,16.0,1.36,26.26,10.05,1448.3,0.927,7764.0,0.0,39.94
8.9015,-0.0741,Africa,Maize,6.0,17.7,23.4,1.53,10.9,1.36,26.97,9.83,1478.3,0.92,8023.0,0.0,39.99
8.9784,0.0321,Africa,Maize,6.0,14.9,20.2,1.27,12.1,1.36,26.97,9.83,1478.3,0.92,8023.0,0.0,39.99
8.9867,0.4316,Africa,Maize,6.1,26.2,24.9,1.62,12.9,1.34,26.26,10.05,1448.3,0.927,7764.0,0.0,39.94
8.9225,-0.055,Africa,Maize,6.0,15.7,21.6,1.36,11.8,1.37,26.97,9.83,1478.3,0.92,8023.0,0.0,39.99
9.0014,0.2152,Africa,Maize,6.2,14.9,22.7,1.35,14.1,1.38,26.97,9.83,1478.3,0.92,8023.0,0.0,39.99
8.9385,-0.0306,Africa,Maize,6.1,17.9,22.7,1.4,13.2,1.34,26.97,9.83,1478.3,0.92,8023.0,0.0,39.99
8.9222,-0.0567,Africa,Maize,6.0,16.3,22.0,1.3,11.4,1.36,26.97,9.83,1478.3,0.92,8023.0,0.0,39.99
8.9143,0.1263,Africa,Maize,6.1,19.9,24.0,1.47,12.1,1.35,26.97,9.83,1478.3,0.92,8023.0,0.0,39.99
8.9277,0.1798,Africa,Maize,6.1,19.1,23.3,1.46,14.3,1.37,26.97,9.83,1478.3,0.92,8023.0,0.0,39.99
8.8834,0.1707,Africa,Maize,6.2,19.0,23.8,1.31,12.9,1.38,26.97,9.83,1478.3,0.92,8023.0,0.0,39.99
8.8954,0.0779,Africa,Maize,6.2,17.2,20.4,1.55,13.3,1.35,26.97,9.83,1478.3,0.92,8023.0,0.0,39.99
8.8982,0.2039,Africa,Maize,6.2,16.9,23.7,1.33,15.6,1.38,26.97,9.83,1478.3,0.92,8023.0,0.0,39.99
8.9339,0.2388,Africa,Maize,6.2,17.6,23.7,1.47,15.3,1.38,26.97,9.83,1478.3,0.92,8023.0,0.0,39.99
8.9104,0.3619,Africa,Maize,6.2,17.2,21.5,1.16,13.0,1.35,26.97,9.83,1478.3,0.92,8023.0,0.0,39.99
8.9348,0.1358,Africa,Maize,6.1,16.4,23.7,1.29,13.0,1.35,26.97,9.83,1478.3,0.92,8023.0,0.0,39.99
8.8902,0.4009,Africa,Maize,6.1,16.6,24.0,1.37,15.5,1.36,26.26,10.05,1448.3,0.927,7764.0,0.0,39.94
8.8167,-0.0758,Africa,Maize,6.1,17.2,24.9,1.35,14.6,1.33,26.97,9.83,1478.3,0.92,8023.0,0.0,39.99
8.8253,-0.0259,Africa,Maize,6.1,21.0,22.4,1.5,13.7,1.34,26.97,9.83,1478.3,0.92,8023.0,0.0,39.99
8.8673,-0.0092,Africa,Maize,6.1,17.1,24.0,1.46,13.1,1.36,26.97,9.83,1478.3,0.92,8023.0,0.0,39.99
8.9144,0.4019,Africa,Maize,6.0,15.0,20.7,1.12,12.8,1.38,26.26,10.05,1448.3,0.927,7764.0,0.0,39.94
8.802,0.1176,Africa,Maize,6.1,18.0,19.6,1.6,12.8,1.36,26.97,9.83,1478.3,0.92,8023.0,0.0,39.99
8.8919,0.2056,Africa,Maize,6.1,16.2,26.0,1.41,15.1,1.38,26.97,9.83,1478.3,0.92,8023.0,0.0,39.99
8.8093,0.1105,Africa,Maize,6.1,18.5,21.0,1.59,13.2,1.36,26.97,9.83,1478.3,0.92,8023.0,0.0,39.99
8.9437,0.206,Africa,Maize,6.1,15.8,22.6,1.34,14.8,1.37,26.97,9.83,1478.3,0.92,8023.0,0.0,39.99
8.7963,0.1557,Africa,Maize,6.1,20.8,23.5,1.44,15.3,1.38,26.97,9.83,1478.3,0.92,8023.0,0.0,39.99
8.8094,0.1412,Africa,Maize,6.2,20.9,24.0,1.39,13.8,1.37,26.97,9.83,1478.3,0.92,8023.0,0.0,39.99
8.8489,0.2263,Africa,Maize,6.2,20.2,21.7,1.36,14.0,1.4,26.97,9.83,1478.3,0.92,8023.0,0.0,39.99
8.8025,0.1567,Africa,Maize,6.1,17.7,22.9,1.43,15.3,1.38,26.97,9.83,1478.3,0.92,8023.0,0.0,39.99
8.8249,0.1338,Africa,Maize,6.1,19.0,22.9,1.34,12.3,1.35,26.97,9.83,1478.3,0.92,8023.0,0.0,39.99
8.8293,0.2352,Africa,Maize,6.1,21.3,24.8,1.4,14.1,1.37,26.97,9.83,1478.3,0.92,8023.0,0.0,39.99
8.7915,0.2338,Africa,Maize,6.0,18.2,21.9,1.32,13.0,1.36,26.97,9.83,1478.3,0.92,8023.0,0.0,39.99
8.7955,0.319,Africa,Maize,6.1,15.9,23.4,1.3,11.6,1.37,26.97,9.83,1478.3,0.92,8023.0,0.0,39.99
8.8567,0.3629,Africa,Maize,6.1,18.2,25.3,1.37,11.9,1.36,26.97,9.83,1478.3,0.92,8023.0,0.0,39.99
8.7918,0.2932,Africa,Maize,6.1,26.3,23.1,1.54,12.3,1.35,26.97,9.83,1478.3,0.92,8023.0,0.0,39.99
8.8721,0.2459,Africa,Maize,6.2,18.0,25.0,1.5,14.8,1.36,26.97,9.83,1478.3,0.92,8023.0,0.0,39.99
8.8089,0.3947,Africa,Maize,6.1,21.9,27.8,1.52,12.5,1.36,26.26,10.05,1448.3,0.927,7764.0,0.0,39.94
8.8544,0.4819,Africa,Maize,6.1,16.4,23.9,1.24,11.3,1.37,26.26,10.05,1448.3,0.927,7764.0,0.0,39.94
8.8633,0.4968,Africa,Maize,6.1,17.5,23.2,1.13,11.7,1.37,26.26,10.05,1448.3,0.927,7764.0,0.0,39.94
8.8036,0.1516,Africa,Maize,6.1,17.1,23.4,1.39,13.6,1.38,26.97,9.83,1478.3,0.92,8023.0,0.0,39.99
8.7772,-0.0962,Africa,Maize,6.0,15.9,22.6,1.48,13.5,1.39,26.97,9.83,1478.3,0.92,8023.0,0.0,39.99
8.8552,0.2459,Africa,Maize,6.2,22.4,23.4,1.46,15.0,1.36,26.97,9.83,1478.3,0.92,8023.0,0.0,39.99
8.7688,-0.0141,Africa,Maize,6.1,15.4,23.5,1.36,12.8,1.39,26.97,9.83,1478.3,0.92,8023.0,0.0,39.99
8.7226,-0.1482,Africa,Maize,6.1,20.1,26.5,1.27,13.8,1.38,26.76,8.52,1723.3,0.859,7946.0,0.0,46.88
8.7544,0.1528,Africa,Maize,6.2,23.1,25.2,1.64,14.0,1.38,26.97,9.83,1478.3,0.92,8023.0,0.0,39.99
8.7061,-0.0627,Africa,Maize,6.0,18.1,23.5,1.48,14.2,1.36,26.97,9.83,1478.3,0.92,8023.0,0.0,39.99
8.7571,0.0457,Africa,Maize,6.1,18.3,20.4,1.53,12.9,1.39,26.97,9.83,1478.3,0.92,8023.0,0.0,39.99
8.8117,0.4323,Africa,Maize,6.1,20.9,24.5,1.37,13.1,1.36,26.26,10.05,1448.3,0.927,7764.0,0.0,39.94
8.7163,0.1506,Africa,Maize,6.2,24.0,22.7,1.62,15.2,1.38,26.97,9.83,1478.3,0.92,8023.0,0.0,39.99
8.7328,0.2349,Africa,Maize,6.1,17.2,25.6,1.43,14.1,1.37,26.97,9.83,1478.3,0.92,8023.0,0.0,39.99
8.7365,0.2293,Africa,Maize,6.1,17.4,24.6,1.94,15.6,1.35,26.97,9.83,1478.3,0.92,8023.0,0.0,39.99
8.7306,-0.0047,Africa,Maize,6.0,15.7,22.2,1.34,12.1,1.37,26.97,9.83,1478.3,0.92,8023.0,0.0,39.99
8.7892,0.2013,Africa,Maize,6.1,17.0,23.7,1.58,13.8,1.38,26.97,9.83,1478.3,0.92,8023.0,0.0,39.99
8.7544,0.2713,Africa,Maize,6.1,19.6,20.0,1.42,12.2,1.36,26.97,9.83,1478.3,0.92,8023.0,0.0,39.99
8.7554,0.2269,Africa,Maize,6.1,22.7,25.2,1.9,18.0,1.36,26.97,9.83,1478.3,0.92,8023.0,0.0,39.99
8.7605,0.2635,Africa,Maize,6.1,14.9,22.3,1.36,12.1,1.38,26.97,9.83,1478.3,0.92,8023.0,0.0,39.99
8.7698,0.2254,Africa,Maize,6.1,20.0,25.7,1.89,16.6,1.39,26.97,9.83,1478.3,0.92,8023.0,0.0,39.99
8.7734,0.2883,Africa,Maize,6.0,23.7,27.0,1.3,11.3,1.37,26.97,9.83,1478.3,0.92,8023.0,0.0,39.99
8.7391,0.258,Africa,Maize,6.1,19.4,21.8,1.35,15.2,1.4,26.97,9.83,1478.3,0.92,8023.0,0.0,39.99
8.7571,0.2648,Africa,Maize,6.1,15.6,20.7,1.4,13.4,1.39,26.97,9.83,1478.3,0.92,8023.0,0.0,39.99
8.7221,0.3064,Africa,Maize,6.0,19.7,23.0,1.46,16.0,1.38,26.97,9.83,1478.3,0.92,8023.0,0.0,39.99
8.7316,0.2007,Africa,Maize,6.1,14.7,21.5,1.44,13.5,1.39,26.97,9.83,1478.3,0.92,8023.0,0.0,39.99
8.7839,0.3399,Africa,Maize,6.1,18.3,24.1,1.24,10.8,1.37,26.97,9.83,1478.3,0.92,8023.0,0.0,39.99
8.718,0.3055,Africa,Maize,6.1,19.4,22.7,1.48,14.0,1.38,26.97,9.83,1478.3,0.92,8023.0,0.0,39.99
8.7629,0.324,Africa,Maize,6.1,18.3,24.5,1.33,11.5,1.35,26.97,9.83,1478.3,0.92,8023.0,0.0,39.99
8.7091,0.3618,Africa,Maize,6.1,15.8,22.7,1.44,14.1,1.36,26.97,9.83,1478.3,0.92,8023.0,0.0,39.99
8.7686,0.3118,Africa,Maize,6.1,18.1,26.9,1.48,12.9,1.36,26.97,9.83,1478.3,0.92,8023.0,0.0,39.99
8.7073,0.334,Africa,Maize,6.1,18.8,22.1,1.39,12.3,1.36,26.97,9.83,1478.3,0.92,8023.0,0.0,39.99
8.7443,0.3446,Africa,Maize,6.1,21.3,21.5,1.66,15.9,1.36,26.97,9.83,1478.3,0.92,8023.0,0.0,39.99
8.7669,0.4091,Africa,Maize,6.1,17.6,24.0,1.16,11.7,1.38,26.26,10.05,1448.3,0.927,7764.0,0.0,39.94
8.7822,0.3183,Africa,Maize,6.1,16.9,25.1,1.56,11.6,1.36,26.97,9.83,1478.3,0.92,8023.0,0.0,39.99
8.7612,0.3476,Africa,Maize,6.1,16.3,19.9,1.49,11.5,1.36,26.97,9.83,1478.3,0.92,8023.0,0.0,39.99
8.6321,-0.1671,Africa,Maize,6.0,20.9,25.3,1.7,14.7,1.37,26.76,8.52,1723.3,0.859,7946.0,0.0,46.88
8.6212,-0.1064,Africa,Maize,6.0,18.6,28.7,1.62,10.9,1.38,26.76,8.52,1723.3,0.859,7946.0,0.0,46.88
8.7664,0.4054,Africa,Maize,6.1,16.9,22.5,1.17,11.4,1.37,26.26,10.05,1448.3,0.927,7764.0,0.0,39.94
8.6299,-0.076,Africa,Maize,6.0,19.8,24.9,1.39,13.2,1.38,26.97,9.83,1478.3,0.92,8023.0,0.0,39.99
8.6596,-0.071,Africa,Maize,6.1,13.0,22.7,1.35,11.9,1.39,26.97,9.83,1478.3,0.92,8023.0,0.0,39.99
8.6878,-0.0707,Africa,Maize,6.0,17.6,24.8,1.51,13.5,1.39,26.97,9.83,1478.3,0.92,8023.0,0.0,39.99
8.6421,-0.0447,Africa,Maize,6.0,21.4,28.5,1.78,12.6,1.37,26.97,9.83,1478.3,0.92,8023.0,0.0,39.99
8.6548,-0.0607,Africa,Maize,6.1,16.3,22.9,1.3,12.1,1.39,26.97,9.83,1478.3,0.92,8023.0,0.0,39.99
8.6358,0.0617,Africa,Maize,6.0,20.7,25.3,1.47,12.2,1.38,26.97,9.83,1478.3,0.92,8023.0,0.0,39.99
8.765,0.3268,Africa,Maize,6.1,18.8,25.3,1.3,13.1,1.36,26.97,9.83,1478.3,0.92,8023.0,0.0,39.99
8.647,0.1259,Africa,Maize,6.1,16.6,22.7,1.33,10.9,1.37,26.97,9.83,1478.3,0.92,8023.0,0.0,39.99
8.6523,0.2767,Africa,Maize,6.1,16.4,21.2,1.52,13.4,1.37,26.97,9.83,1478.3,0.92,8023.0,0.0,39.99
8.6344,0.1978,Africa,Maize,6.1,18.7,23.5,1.57,15.5,1.35,26.97,9.83,1478.3,0.92,8023.0,0.0,39.99
8.6849,-0.007,Africa,Maize,6.1,15.9,20.7,1.15,11.0,1.4,26.97,9.83,1478.3,0.92,8023.0,0.0,39.99
8.6723,0.3277,Africa,Maize,6.2,19.1,28.5,1.48,16.5,1.37,26.97,9.83,1478.3,0.92,8023.0,0.0,39.99
8.7702,0.3236,Africa,Maize,6.1,20.0,25.4,1.6,12.5,1.36,26.97,9.83,1478.3,0.92,8023.0,0.0,39.99
8.6993,0.3604,Africa,Maize,6.1,22.1,25.3,1.55,12.5,1.37,26.97,9.83,1478.3,0.92,8023.0,0.0,39.99
8.6934,0.3536,Africa,Maize,6.1,20.2,21.4,1.49,12.0,1.36,26.97,9.83,1478.3,0.92,8023.0,0.0,39.99
8.6423,0.3287,Africa,Maize,6.1,20.1,25.4,1.24,14.1,1.36,26.97,9.83,1478.3,0.92,8023.0,0.0,39.99
8.6646,0.3978,Africa,Maize,6.1,18.4,24.5,1.21,12.9,1.36,26.26,10.05,1448.3,0.927,7764.0,0.0,39.94
8.7019,0.3781,Africa,Maize,6.2,16.9,24.4,1.26,13.8,1.38,26.26,10.05,1448.3,0.927,7764.0,0.0,39.94
8.6732,0.3897,Africa,Maize,6.1,18.4,24.3,1.33,12.5,1.36,26.26,10.05,1448.3,0.927,7764.0,0.0,39.94
8.6254,0.4008,Africa,Maize,6.1,16.9,24.0,1.58,11.9,1.38,26.26,10.05,1448.3,0.927,7764.0,0.0,39.94
8.7012,0.3318,Africa,Maize,6.2,17.9,23.1,1.43,11.7,1.36,26.97,9.83,1478.3,0.92,8023.0,0.0,39.99
8.5995,-0.1447,Africa,Maize,6.0,18.0,26.3,1.36,15.1,1.38,26.76,8.52,1723.3,0.859,7946.0,0.0,46.88
8.6007,-0.0618,Africa,Maize,6.1,16.0,23.1,1.37,12.8,1.38,26.76,8.52,1723.3,0.859,7946.0,0.0,46.88
8.6279,0.3637,Africa,Maize,6.1,20.7,23.5,1.35,12.5,1.35,26.97,9.83,1478.3,0.92,8023.0,0.0,39.99
8.5968,0.0095,Africa,Maize,6.1,18.3,29.1,1.32,12.7,1.39,26.76,8.52,1723.3,0.859,7946.0,0.0,46.88
8.5651,0.0591,Africa,Maize,6.0,18.3,24.8,1.52,15.6,1.37,26.76,8.52,1723.3,0.859,7946.0,0.0,46.88
8.5533,0.0474,Africa,Maize,6.0,19.2,26.8,1.36,12.6,1.37,26.76,8.52,1723.3,0.859,7946.0,0.0,46.88
8.5842,0.167,Africa,Maize,6.1,19.7,19.2,1.57,13.5,1.4,26.76,8.52,1723.3,0.859,7946.0,0.0,46.88
8.5742,0.1355,Africa,Maize,6.1,15.9,23.9,1.28,12.8,1.41,26.76,8.52,1723.3,0.859,7946.0,0.0,46.88
8.5603,0.1729,Africa,Maize,6.1,24.3,21.1,1.63,15.8,1.39,26.76,8.52,1723.3,0.859,7946.0,0.0,46.88
8.5592,0.2517,Africa,Maize,6.1,18.2,20.0,1.19,15.0,1.38,26.76,8.52,1723.3,0.859,7946.0,0.0,46.88
8.5434,0.2593,Africa,Maize,6.1,15.7,21.4,1.1,11.9,1.37,26.76,8.52,1723.3,0.859,7946.0,0.0,46.88
8.5603,0.1798,Africa,Maize,6.1,21.8,21.8,1.54,13.6,1.4,26.76,8.52,1723.3,0.859,7946.0,0.0,46.88
8.5849,0.1725,Africa,Maize,6.2,19.5,19.8,1.49,13.3,1.37,26.76,8.52,1723.3,0.859,7946.0,0.0,46.88
8.5811,0.3354,Africa,Maize,6.1,16.2,21.9,1.11,12.2,1.37,26.76,8.52,1723.3,0.859,7946.0,0.0,46.88
8.5659,0.2228,Africa,Maize,6.1,18.2,24.7,1.86,17.9,1.36,26.76,8.52,1723.3,0.859,7946.0,0.0,46.88
8.5669,0.3754,Africa,Maize,5.9,20.2,19.6,1.18,11.9,1.36,25.37,8.98,1613.9,0.893,7441.0,0.0,45.62
8.6178,0.3413,Africa,Maize,6.1,21.3,22.6,1.3,14.7,1.37,26.76,8.52,1723.3,0.859,7946.0,0.0,46.88
8.5474,0.2999,Africa,Maize,6.1,15.2,23.5,1.15,13.2,1.39,26.76,8.52,1723.3,0.859,7946.0,0.0,46.88
8.5557,0.2824,Africa,Maize,6.0,13.5,22.4,1.17,11.3,1.4,26.76,8.52,1723.3,0.859,7946.0,0.0,46.88
8.5589,0.323,Africa,Maize,6.1,14.5,23.7,1.0,13.0,1.37,26.76,8.52,1723.3,0.859,7946.0,0.0,46.88
8.607,0.2242,Africa,Maize,6.1,16.9,23.6,1.34,15.5,1.37,26.76,8.52,1723.3,0.859,7946.0,0.0,46.88
8.6173,0.3996,Africa,Maize,6.2,18.7,24.3,1.54,11.8,1.37,25.37,8.98,1613.9,0.893,7441.0,0.0,45.62
8.538,0.3262,Africa,Maize,6.1,15.3,25.1,1.05,12.2,1.39,26.76,8.52,1723.3,0.859,7946.0,0.0,46.88
8.5923,0.3826,Africa,Maize,6.1,15.8,18.6,1.15,13.0,1.36,25.37,8.98,1613.9,0.893,7441.0,0.0,45.62
8.5923,0.3826,Africa,Maize,6.1,15.8,18.6,1.15,13.0,1.36,25.37,8.98,1613.9,0.893,7441.0,0.0,45.62
8.5915,0.3833,Africa,Maize,6.1,15.8,18.6,1.15,13.0,1.36,25.37,8.98,1613.9,0.893,7441.0,0.0,45.62
8.5915,0.3833,Africa,Maize,6.1,15.8,18.6,1.15,13.0,1.36,25.37,8.98,1613.9,0.893,7441.0,0.0,45.62
8.576,0.4709,Africa,Maize,6.0,19.7,22.0,1.39,11.4,1.37,25.37,8.98,1613.9,0.893,7441.0,0.0,45.62
8.4497,-0.1423,Africa,Maize,6.2,20.8,24.5,1.49,17.8,1.39,26.76,8.52,1723.3,0.859,7946.0,0.0,46.88
8.5176,-0.0936,Africa,Maize,6.0,21.9,22.1,1.26,13.7,1.37,26.76,8.52,1723.3,0.859,7946.0,0.0,46.88
8.4846,-0.0013,Africa,Maize,6.0,19.6,22.1,1.23,11.6,1.37,26.76,8.52,1723.3,0.859,7946.0,0.0,46.88
8.4554,0.1138,Africa,Maize,6.2,18.1,21.0,1.3,13.2,1.38,26.76,8.52,1723.3,0.859,7946.0,0.0,46.88
8.5122,0.1663,Africa,Maize,6.0,21.6,25.0,1.46,18.3,1.36,26.76,8.52,1723.3,0.859,7946.0,0.0,46.88
8.4517,-0.0828,Africa,Maize,6.1,19.3,22.5,1.24,13.0,1.39,26.76,8.52,1723.3,0.859,7946.0,0.0,46.88
8.5002,0.1903,Africa,Maize,6.2,16.1,25.4,1.47,17.5,1.35,26.76,8.52,1723.3,0.859,7946.0,0.0,46.88
8.4889,0.1735,Africa,Maize,6.1,16.8,26.2,1.43,15.4,1.4,26.76,8.52,1723.3,0.859,7946.0,0.0,46.88
8.5311,0.1419,Africa,Maize,6.2,20.4,28.7,1.34,17.9,1.36,26.76,8.52,1723.3,0.859,7946.0,0.0,46.88
8.5068,0.1678,Africa,Maize,6.1,21.7,23.6,1.75,18.8,1.37,26.76,8.52,1723.3,0.859,7946.0,0.0,46.88
8.5033,0.1615,Africa,Maize,6.1,20.0,24.5,1.48,17.6,1.36,26.76,8.52,1723.3,0.859,7946.0,0.0,46.88
8.4982,0.1817,Africa,Maize,6.2,19.6,24.9,1.57,19.1,1.35,26.76,8.52,1723.3,0.859,7946.0,0.0,46.88
8.4798,0.1708,Africa,Maize,6.1,16.6,24.9,1.31,14.7,1.4,26.76,8.52,1723.3,0.859,7946.0,0.0,46.88
8.5634,0.3667,Africa,Maize,6.0,15.8,20.5,1.21,12.0,1.38,26.76,8.52,1723.3,0.859,7946.0,0.0,46.88
8.4582,0.1868,Africa,Maize,6.0,16.3,28.4,1.56,15.6,1.37,26.76,8.52,1723.3,0.859,7946.0,0.0,46.88
8.5759,0.4273,Africa,Maize,6.0,19.1,22.6,1.52,16.3,1.39,25.37,8.98,1613.9,0.893,7441.0,0.0,45.62
8.4593,0.1729,Africa,Maize,6.0,15.1,25.6,1.14,15.4,1.37,26.76,8.52,1723.3,0.859,7946.0,0.0,46.88
8.4585,0.1908,Africa,Maize,6.0,18.0,28.1,1.99,16.3,1.37,26.76,8.52,1723.3,0.859,7946.0,0.0,46.88
8.5047,0.1525,Africa,Maize,6.1,18.8,25.2,1.57,16.8,1.39,26.76,8.52,1723.3,0.859,7946.0,0.0,46.88
8.5029,0.1551,Africa,Maize,6.1,21.0,25.5,1.62,17.9,1.39,26.76,8.52,1723.3,0.859,7946.0,0.0,46.88
8.5318,0.2315,Africa,Maize,6.1,16.2,24.4,1.26,18.6,1.38,26.76,8.52,1723.3,0.859,7946.0,0.0,46.88
8.4917,0.207,Africa,Maize,6.1,16.5,22.4,1.37,17.1,1.36,26.76,8.52,1723.3,0.859,7946.0,0.0,46.88
8.4956,0.1899,Africa,Maize,6.2,16.9,26.6,1.41,17.9,1.36,26.76,8.52,1723.3,0.859,7946.0,0.0,46.88
8.4868,0.2724,Africa,Maize,6.2,15.9,24.7,1.24,16.2,1.38,26.76,8.52,1723.3,0.859,7946.0,0.0,46.88
8.5025,0.2543,Africa,Maize,6.1,20.1,22.7,1.17,15.4,1.38,26.76,8.52,1723.3,0.859,7946.0,0.0,46.88
8.469,0.2542,Africa,Maize,6.1,19.7,23.1,1.16,15.3,1.38,26.76,8.52,1723.3,0.859,7946.0,0.0,46.88
8.4921,0.2065,Africa,Maize,6.1,16.5,22.4,1.37,17.1,1.36,26.76,8.52,1723.3,0.859,7946.0,0.0,46.88
8.4966,0.2613,Africa,Maize,6.0,17.9,21.8,1.11,13.8,1.38,26.76,8.52,1723.3,0.859,7946.0,0.0,46.88
8.512,0.2556,Africa,Maize,6.1,16.0,21.7,1.37,15.6,1.38,26.76,8.52,1723.3,0.859,7946.0,0.0,46.88
8.486,0.2383,Africa,Maize,6.1,16.5,23.1,1.35,14.1,1.4,26.76,8.52,1723.3,0.859,7946.0,0.0,46.88
8.4864,0.3198,Africa,Maize,6.1,19.0,24.1,1.64,11.8,1.38,26.76,8.52,1723.3,0.859,7946.0,0.0,46.88
8.5059,0.3371,Africa,Maize,6.2,21.7,25.3,1.57,15.2,1.37,26.76,8.52,1723.3,0.859,7946.0,0.0,46.88
8.4578,0.1707,Africa,Maize,6.1,18.5,25.5,1.13,15.9,1.37,26.76,8.52,1723.3,0.859,7946.0,0.0,46.88
8.4879,0.3683,Africa,Maize,6.1,14.9,25.9,1.42,13.8,1.38,26.76,8.52,1723.3,0.859,7946.0,0.0,46.88
8.4999,0.3363,Africa,Maize,6.2,18.9,24.4,1.45,15.1,1.37,26.76,8.52,1723.3,0.859,7946.0,0.0,46.88
8.4542,0.3019,Africa,Maize,6.2,17.6,23.1,1.55,16.3,1.39,26.76,8.52,1723.3,0.859,7946.0,0.0,46.88
8.5049,0.359,Africa,Maize,6.0,19.7,24.3,1.37,13.0,1.36,26.76,8.52,1723.3,0.859,7946.0,0.0,46.88
8.4925,0.3262,Africa,Maize,6.1,20.9,22.9,1.59,13.0,1.37,26.76,8.52,1723.3,0.859,7946.0,0.0,46.88
8.4498,0.3648,Africa,Maize,6.1,17.1,24.3,1.38,14.9,1.38,26.76,8.52,1723.3,0.859,7946.0,0.0,46.88
8.5045,0.3544,Africa,Maize,6.1,21.5,24.0,1.26,13.2,1.37,26.76,8.52,1723.3,0.859,7946.0,0.0,46.88
8.4819,0.3384,Africa,Maize,6.0,24.1,25.2,1.69,12.7,1.36,26.76,8.52,1723.3,0.859,7946.0,0.0,46.88
8.4624,0.3262,Africa,Maize,6.1,21.3,24.3,1.66,14.8,1.36,26.76,8.52,1723.3,0.859,7946.0,0.0,46.88
8.5218,0.349,Africa,Maize,6.1,18.2,23.6,1.36,11.4,1.39,26.76,8.52,1723.3,0.859,7946.0,0.0,46.88
8.5122,0.398,Africa,Maize,6.0,17.8,24.2,1.44,11.3,1.38,25.37,8.98,1613.9,0.893,7441.0,0.0,45.62
8.4645,0.3776,Africa,Maize,6.1,18.0,25.4,1.64,14.7,1.38,25.37,8.98,1613.9,0.893,7441.0,0.0,45.62
8.4866,0.3898,Africa,Maize,6.1,18.7,25.6,1.7,14.3,1.39,25.37,8.98,1613.9,0.893,7441.0,0.0,45.62
8.5219,0.5447,Africa,Maize,6.0,23.8,23.0,1.82,13.5,1.35,25.37,8.98,1613.9,0.893,7441.0,0.0,45.62
8.4109,-0.0355,Africa,Maize,6.1,21.0,24.6,1.42,14.9,1.37,26.76,8.52,1723.3,0.859,7946.0,0.0,46.88
8.39,-0.0797,Africa,Maize,6.1,15.9,24.4,1.17,12.4,1.38,26.76,8.52,1723.3,0.859,7946.0,0.0,46.88
8.4468,0.1122,Africa,Maize,6.1,16.6,20.7,1.37,11.8,1.38,26.76,8.52,1723.3,0.859,7946.0,0.0,46.88
8.4094,0.108,Africa,Maize,6.1,18.2,24.7,1.24,12.2,1.38,26.76,8.52,1723.3,0.859,7946.0,0.0,46.88
8.4432,0.1457,Africa,Maize,6.1,19.3,26.1,1.38,15.7,1.38,26.76,8.52,1723.3,0.859,7946.0,0.0,46.88
8.4172,0.1168,Africa,Maize,6.0,18.7,24.3,1.25,11.2,1.39,26.76,8.52,1723.3,0.859,7946.0,0.0,46.88
8.3735,0.1915,Africa,Maize,6.1,16.6,21.3,1.45,14.9,1.37,26.76,8.52,1723.3,0.859,7946.0,0.0,46.88
8.4236,0.1786,Africa,Maize,6.0,17.5,25.1,1.53,15.9,1.39,26.76,8.52,1723.3,0.859,7946.0,0.0,46.88
8.4044,0.1359,Africa,Maize,6.1,20.9,24.7,1.48,12.5,1.38,26.76,8.52,1723.3,0.859,7946.0,0.0,46.88
8.4204,0.1733,Africa,Maize,6.0,19.9,23.8,1.59,15.1,1.39,26.76,8.52,1723.3,0.859,7946.0,0.0,46.88
8.4459,0.2689,Africa,Maize,6.1,23.1,28.0,1.55,17.9,1.39,26.76,8.52,1723.3,0.859,7946.0,0.0,46.88
8.4034,0.2691,Africa,Maize,6.1,20.6,23.0,1.44,14.6,1.39,26.76,8.52,1723.3,0.859,7946.0,0.0,46.88
8.4059,0.2633,Africa,Maize,6.1,21.1,22.8,1.24,13.8,1.39,26.76,8.52,1723.3,0.859,7946.0,0.0,46.88
8.4244,0.2687,Africa,Maize,6.1,18.7,26.2,1.52,18.2,1.4,26.76,8.52,1723.3,0.859,7946.0,0.0,46.88
8.3895,0.285,Africa,Maize,6.0,24.0,23.3,1.71,16.3,1.4,26.76,8.52,1723.3,0.859,7946.0,0.0,46.88
8.3861,0.2814,Africa,Maize,6.1,19.0,21.0,1.58,13.9,1.39,26.76,8.52,1723.3,0.859,7946.0,0.0,46.88
8.4244,0.2644,Africa,Maize,6.1,19.7,25.6,1.53,16.4,1.41,26.76,8.52,1723.3,0.859,7946.0,0.0,46.88
8.3981,0.3144,Africa,Maize,6.2,19.0,23.8,1.37,15.7,1.38,26.76,8.52,1723.3,0.859,7946.0,0.0,46.88
8.3946,0.2934,Africa,Maize,6.2,21.8,27.8,1.85,18.7,1.39,26.76,8.52,1723.3,0.859,7946.0,0.0,46.88
8.4325,0.2939,Africa,Maize,6.2,22.3,26.5,1.55,17.3,1.36,26.76,8.52,1723.3,0.859,7946.0,0.0,46.88
8.402,0.3095,Africa,Maize,6.2,17.8,26.5,1.49,16.9,1.37,26.76,8.52,1723.3,0.859,7946.0,0.0,46.88
8.4342,0.368,Africa,Maize,6.2,19.0,23.2,1.48,13.0,1.36,26.76,8.52,1723.3,0.859,7946.0,0.0,46.88
8.3962,0.291,Africa,Maize,6.1,21.5,27.8,1.76,17.8,1.38,26.76,8.52,1723.3,0.859,7946.0,0.0,46.88
8.4044,0.3694,Africa,Maize,6.2,21.5,25.8,1.34,17.0,1.37,26.76,8.52,1723.3,0.859,7946.0,0.0,46.88
8.4248,0.3739,Africa,Maize,6.1,20.2,24.8,1.47,13.1,1.35,26.76,8.52,1723.3,0.859,7946.0,0.0,46.88
8.4318,0.3211,Africa,Maize,6.2,18.1,24.6,1.51,16.7,1.38,26.76,8.52,1723.3,0.859,7946.0,0.0,46.88
8.4419,0.3001,Africa,Maize,6.2,17.9,27.1,1.39,16.6,1.37,26.76,8.52,1723.3,0.859,7946.0,0.0,46.88
8.4114,0.3637,Africa,Maize,6.2,22.5,26.0,1.44,15.7,1.37,26.76,8.52,1723.3,0.859,7946.0,0.0,46.88
8.3867,0.306,Africa,Maize,6.2,20.7,27.8,1.68,18.0,1.37,26.76,8.52,1723.3,0.859,7946.0,0.0,46.88
8.412,0.4003,Africa,Maize,6.2,21.2,27.8,1.63,16.8,1.38,25.37,8.98,1613.9,0.893,7441.0,0.0,45.62
8.4341,0.3886,Africa,Maize,6.2,18.2,24.0,1.27,13.4,1.37,25.37,8.98,1613.9,0.893,7441.0,0.0,45.62
8.4026,0.3121,Africa,Maize,6.2,18.4,24.8,1.52,16.1,1.38,26.76,8.52,1723.3,0.859,7946.0,0.0,46.88
8.3379,0.0509,Africa,Maize,6.0,22.6,22.2,1.56,13.1,1.36,26.76,8.52,1723.3,0.859,7946.0,0.0,46.88
8.3211,-0.1327,Africa,Maize,6.1,27.7,27.1,1.6,18.8,1.37,26.76,8.52,1723.3,0.859,7946.0,0.0,46.88
8.2817,0.1423,Africa,Maize,6.1,16.4,25.6,1.4,14.2,1.35,26.76,8.52,1723.3,0.859,7946.0,0.0,46.88
8.3352,0.1357,Africa,Maize,6.0,15.2,28.4,1.54,13.6,1.35,26.76,8.52,1723.3,0.859,7946.0,0.0,46.88
8.3484,0.0952,Africa,Maize,6.0,21.0,25.8,1.26,13.0,1.35,26.76,8.52,1723.3,0.859,7946.0,0.0,46.88
8.3168,0.2727,Africa,Maize,6.0,21.9,23.0,1.61,15.0,1.41,26.76,8.52,1723.3,0.859,7946.0,0.0,46.88
8.2874,0.2342,Africa,Maize,6.1,17.6,25.7,1.51,13.4,1.38,26.76,8.52,1723.3,0.859,7946.0,0.0,46.88
8.3207,0.2861,Africa,Maize,6.2,20.2,23.5,1.75,15.6,1.4,26.76,8.52,1723.3,0.859,7946.0,0.0,46.88
8.307,0.2703,Africa,Maize,6.0,24.7,25.2,2.19,16.0,1.39,26.76,8.52,1723.3,0.859,7946.0,0.0,46.88
8.2859,0.2503,Africa,Maize,6.2,19.9,27.9,1.47,13.8,1.38,26.76,8.52,1723.3,0.859,7946.0,0.0,46.88
8.3631,0.3683,Africa,Maize,6.1,24.1,27.1,1.56,17.5,1.37,26.76,8.52,1723.3,0.859,7946.0,0.0,46.88
8.2922,0.2981,Africa,Maize,6.2,21.3,28.9,1.76,18.7,1.37,26.76,8.52,1723.3,0.859,7946.0,0.0,46.88
8.2932,0.3221,Africa,Maize,6.1,20.9,28.2,1.58,17.6,1.37,26.76,8.52,1723.3,0.859,7946.0,0.0,46.88
8.3034,0.1659,Africa,Maize,6.2,18.8,24.8,1.56,16.4,1.38,26.76,8.52,1723.3,0.859,7946.0,0.0,46.88
8.2175,-0.1205,Africa,Maize,6.0,16.7,23.3,1.37,12.3,1.37,26.76,8.52,1723.3,0.859,7946.0,0.0,46.88
8.3303,0.3274,Africa,Maize,6.2,24.9,25.9,1.63,16.4,1.38,26.76,8.52,1723.3,0.859,7946.0,0.0,46.88
8.3402,0.3336,Africa,Maize,6.1,23.2,26.9,1.38,18.2,1.36,26.76,8.52,1723.3,0.859,7946.0,0.0,46.88
8.2364,-0.2343,Africa,Maize,6.1,27.5,25.0,1.4,17.7,1.39,26.76,8.52,1723.3,0.859,7946.0,0.0,46.88
8.2047,0.0978,Africa,Maize,6.0,20.6,21.1,1.41,13.8,1.36,26.76,8.52,1723.3,0.859,7946.0,0.0,46.88
8.2704,0.1598,Africa,Maize,6.1,18.5,24.9,1.67,13.9,1.4,26.76,8.52,1723.3,0.859,7946.0,0.0,46.88
8.3421,0.3055,Africa,Maize,6.1,25.3,28.0,2.24,20.6,1.37,26.76,8.52,1723.3,0.859,7946.0,0.0,46.88
8.2199,0.2044,Africa,Maize,6.1,18.4,28.3,1.44,16.7,1.37,26.76,8.52,1723.3,0.859,7946.0,0.0,46.88
8.211,0.1389,Africa,Maize,6.1,19.8,23.2,1.27,14.9,1.38,26.76,8.52,1723.3,0.859,7946.0,0.0,46.88
8.2765,0.1845,Africa,Maize,6.1,19.5,24.4,1.7,16.8,1.4,26.76,8.52,1723.3,0.859,7946.0,0.0,46.88
8.2189,0.1729,Africa,Maize,6.2,23.1,24.4,1.39,15.9,1.36,26.76,8.52,1723.3,0.859,7946.0,0.0,46.88
8.2079,0.2637,Africa,Maize,6.0,26.1,28.5,2.12,19.6,1.39,26.76,8.52,1723.3,0.859,7946.0,0.0,46.88
8.2255,0.215,Africa,Maize,6.1,19.3,28.0,1.6,16.1,1.38,26.76,8.52,1723.3,0.859,7946.0,0.0,46.88
8.2341,0.2184,Africa,Maize,6.1,22.1,28.4,1.64,15.9,1.4,26.76,8.52,1723.3,0.859,7946.0,0.0,46.88
8.2397,0.2243,Africa,Maize,6.1,21.1,28.4,1.76,15.1,1.39,26.76,8.52,1723.3,0.859,7946.0,0.0,46.88
8.2079,0.2193,Africa,Maize,6.2,19.5,26.5,1.43,15.9,1.37,26.76,8.52,1723.3,0.859,7946.0,0.0,46.88
8.2208,0.2122,Africa,Maize,6.1,20.8,26.8,1.65,17.4,1.37,26.76,8.52,1723.3,0.859,7946.0,0.0,46.88
8.2204,0.2163,Africa,Maize,6.1,21.5,27.4,1.63,15.3,1.36,26.76,8.52,1723.3,0.859,7946.0,0.0,46.88
8.2583,0.2479,Africa,Maize,6.2,18.4,29.0,1.49,14.2,1.36,26.76,8.52,1723.3,0.859,7946.0,0.0,46.88
8.2614,0.2917,Africa,Maize,6.1,22.4,27.6,1.87,18.0,1.39,26.76,8.52,1723.3,0.859,7946.0,0.0,46.88
8.2032,0.3107,Africa,Maize,6.1,26.9,25.4,1.65,18.7,1.36,26.76,8.52,1723.3,0.859,7946.0,0.0,46.88
8.1191,-2.0358,Africa,Maize,6.3,28.2,32.2,1.88,21.5,1.39,26.39,9.57,1574.0,0.75,7811.0,0.0,43.26
8.2341,0.3083,Africa,Maize,6.2,21.5,25.8,1.68,16.6,1.38,26.76,8.52,1723.3,0.859,7946.0,0.0,46.88
8.1346,-1.9493,Africa,Maize,6.2,27.0,30.3,1.84,21.6,1.39,26.39,9.57,1574.0,0.75,7811.0,0.0,43.26
8.1395,-1.9132,Africa,Maize,6.2,51.8,31.5,3.28,23.2,1.38,26.39,9.57,1574.0,0.75,7811.0,0.0,43.26
8.1101,-1.985,Africa,Maize,6.3,28.5,32.3,2.12,20.4,1.39,26.39,9.57,1574.0,0.75,7811.0,0.0,43.26
8.1243,-0.9153,Africa,Maize,6.0,19.5,30.5,1.65,14.8,1.36,27.11,8.68,1573.1,0.822,8075.0,0.0,42.39
8.1201,-1.9797,Africa,Maize,6.3,29.0,31.9,1.87,23.5,1.4,26.39,9.57,1574.0,0.75,7811.0,0.0,43.26
8.1708,-0.2777,Africa,Maize,6.1,18.0,28.0,1.55,13.7,1.41,26.76,8.52,1723.3,0.859,7946.0,0.0,46.88
8.1292,0.1227,Africa,Maize,6.1,17.5,27.6,1.55,13.8,1.39,26.76,8.52,1723.3,0.859,7946.0,0.0,46.88
8.1837,0.0613,Africa,Maize,6.0,16.2,22.6,1.23,10.8,1.39,26.76,8.52,1723.3,0.859,7946.0,0.0,46.88
8.113,0.1463,Africa,Maize,6.2,20.4,27.0,1.41,12.5,1.36,26.94,7.01,1892.3,0.808,8012.0,0.0,51.23
8.1706,-0.1077,Africa,Maize,6.0,17.4,22.1,1.11,13.0,1.38,26.76,8.52,1723.3,0.859,7946.0,0.0,46.88
8.1439,0.2704,Africa,Maize,6.1,21.8,28.3,1.44,15.6,1.41,26.76,8.52,1723.3,0.859,7946.0,0.0,46.88
8.1432,0.2185,Africa,Maize,6.1,21.5,30.9,1.67,16.3,1.36,26.76,8.52,1723.3,0.859,7946.0,0.0,46.88
8.1624,0.2414,Africa,Maize,6.0,20.6,25.0,1.43,14.8,1.39,26.76,8.52,1723.3,0.859,7946.0,0.0,46.88
8.1693,0.2533,Africa,Maize,6.1,22.3,25.1,1.43,17.1,1.38,26.76,8.52,1723.3,0.859,7946.0,0.0,46.88
8.112,4.0827,Africa,Maize,6.2,22.5,15.3,1.36,12.0,1.36,24.85,8.04,2125.3,0.8,7248.0,0.0,60.99
8.1091,0.3198,Africa,Maize,6.1,18.2,26.2,1.58,17.9,1.4,26.94,7.01,1892.3,0.808,8012.0,0.0,51.23
8.1528,0.2243,Africa,Maize,6.1,20.1,29.5,1.34,16.9,1.38,26.76,8.52,1723.3,0.859,7946.0,0.0,46.88
8.024,-2.045,Africa,Maize,6.1,25.3,33.9,2.02,19.7,1.39,26.39,9.57,1574.0,0.75,7811.0,0.0,43.26
8.0998,-1.9608,Africa,Maize,6.4,26.8,33.5,1.88,19.3,1.39,26.39,9.57,1574.0,0.75,7811.0,0.0,43.26
8.0849,-1.8676,Africa,Maize,6.4,59.8,30.0,3.64,25.2,1.36,26.39,9.57,1574.0,0.75,7811.0,0.0,43.26
8.0308,-1.6499,Africa,Maize,6.2,26.9,22.1,2.17,14.1,1.34,26.39,9.57,1574.0,0.75,7811.0,0.0,43.26
8.0744,-1.9379,Africa,Maize,6.2,29.4,35.4,2.05,23.5,1.37,26.39,9.57,1574.0,0.75,7811.0,0.0,43.26
8.0458,-1.2238,Africa,Maize,6.2,25.3,24.4,1.9,21.9,1.4,26.92,9.7,1430.8,0.823,8003.0,0.0,38.76
8.0509,-1.1057,Africa,Maize,6.2,20.0,22.4,1.39,15.2,1.37,27.11,8.68,1573.1,0.822,8075.0,0.0,42.39
8.0345,-1.1363,Africa,Maize,6.2,26.2,27.1,1.95,17.9,1.38,26.92,9.7,1430.8,0.823,8003.0,0.0,38.76
8.0436,-1.1248,Africa,Maize,6.2,20.9,27.1,1.53,18.7,1.38,27.11,8.68,1573.1,0.822,8075.0,0.0,42.39
8.0409,-1.0008,Africa,Maize,6.2,19.4,27.5,1.39,13.7,1.39,27.11,8.68,1573.1,0.822,8075.0,0.0,42.39
8.0279,-0.9373,Africa,Maize,6.2,22.5,18.1,1.81,16.2,1.4,27.11,8.68,1573.1,0.822,8075.0,0.0,42.39
8.1059,-0.9048,Africa,Maize,6.1,29.2,30.4,1.79,17.9,1.4,27.11,8.68,1573.1,0.822,8075.0,0.0,42.39
8.1069,-0.9203,Africa,Maize,6.1,19.1,26.9,1.39,14.1,1.35,27.11,8.68,1573.1,0.822,8075.0,0.0,42.39
8.0754,-0.9005,Africa,Maize,6.2,26.4,16.1,2.02,19.4,1.38,27.11,8.68,1573.1,0.822,8075.0,0.0,42.39
8.0325,-0.8898,Africa,Maize,6.3,25.4,17.1,1.6,16.5,1.41,27.11,8.68,1573.1,0.822,8075.0,0.0,42.39
8.0424,-0.7575,Africa,Maize,6.1,21.4,17.5,1.76,18.0,1.39,27.11,8.68,1573.1,0.822,8075.0,0.0,42.39
8.0669,-0.0986,Africa,Maize,6.0,18.1,26.4,1.44,12.6,1.39,26.94,7.01,1892.3,0.808,8012.0,0.0,51.23
8.0787,-0.171,Africa,Maize,6.1,17.4,22.1,1.36,11.7,1.38,26.94,7.01,1892.3,0.808,8012.0,0.0,51.23
8.0679,-0.0646,Africa,Maize,6.0,24.6,21.8,1.27,13.6,1.35,26.94,7.01,1892.3,0.808,8012.0,0.0,51.23
8.0621,-0.0847,Africa,Maize,6.0,19.9,24.4,1.4,13.9,1.36,26.94,7.01,1892.3,0.808,8012.0,0.0,51.23
8.1071,0.152,Africa,Maize,6.2,23.3,26.4,1.58,12.5,1.36,26.94,7.01,1892.3,0.808,8012.0,0.0,51.23
8.0329,-0.0749,Africa,Maize,6.0,24.7,28.8,1.35,15.7,1.38,26.94,7.01,1892.3,0.808,8012.0,0.0,51.23
8.07,0.196,Africa,Maize,6.1,22.9,25.3,1.64,13.6,1.33,26.94,7.01,1892.3,0.808,8012.0,0.0,51.23
8.0399,0.1325,Africa,Maize,6.1,21.4,25.5,1.79,15.7,1.36,26.94,7.01,1892.3,0.808,8012.0,0.0,51.23
8.0876,-0.1318,Africa,Maize,6.1,21.5,25.7,1.46,14.7,1.4,26.94,7.01,1892.3,0.808,8012.0,0.0,51.23
8.0852,0.143,Africa,Maize,6.1,42.6,25.2,1.48,13.4,1.35,26.94,7.01,1892.3,0.808,8012.0,0.0,51.23
8.0602,0.2704,Africa,Maize,6.1,18.4,23.5,1.69,13.2,1.41,26.94,7.01,1892.3,0.808,8012.0,0.0,51.23
8.0823,0.2201,Africa,Maize,6.1,23.9,29.2,1.68,13.9,1.39,26.94,7.01,1892.3,0.808,8012.0,0.0,51.23
8.0544,0.2509,Africa,Maize,6.1,19.8,25.9,1.7,16.6,1.41,26.94,7.01,1892.3,0.808,8012.0,0.0,51.23
8.1009,0.2523,Africa,Maize,6.1,20.3,32.7,1.66,16.1,1.38,26.94,7.01,1892.3,0.808,8012.0,0.0,51.23
8.0665,2.8446,Africa,Maize,6.1,31.4,14.0,1.55,10.3,1.33,25.41,8.34,1871.0,0.865,7453.0,0.0,52.84
8.0383,3.7007,Africa,Maize,6.1,25.3,10.1,1.3,9.4,1.39,25.05,8.1,2005.8,0.853,7322.0,0.0,57.23
8.0441,0.3334,Africa,Maize,5.9,39.2,28.8,2.82,21.8,1.38,26.94,7.01,1892.3,0.808,8012.0,0.0,51.23
8.1035,0.1504,Africa,Maize,6.1,20.4,28.9,1.42,12.8,1.36,26.94,7.01,1892.3,0.808,8012.0,0.0,51.23
8.1051,3.735,Africa,Maize,6.2,24.8,11.2,1.56,9.8,1.35,25.05,8.1,2005.8,0.853,7322.0,0.0,57.23
8.0379,3.8521,Africa,Maize,6.1,23.3,10.5,1.47,9.0,1.39,25.05,8.1,2005.8,0.853,7322.0,0.0,57.23
7.9561,-2.057,Africa,Maize,6.3,30.3,26.2,2.02,24.0,1.4,26.39,9.57,1574.0,0.75,7811.0,0.0,43.26
7.9814,-1.6726,Africa,Maize,6.3,31.0,23.2,2.05,15.0,1.36,26.39,9.57,1574.0,0.75,7811.0,0.0,43.26
7.9426,-1.2653,Africa,Maize,6.2,32.2,27.8,1.98,21.6,1.4,26.92,9.7,1430.8,0.823,8003.0,0.0,38.76
8.0559,0.2621,Africa,Maize,6.0,21.5,22.7,1.67,13.0,1.42,26.94,7.01,1892.3,0.808,8012.0,0.0,51.23
8.0594,4.1766,Africa,Maize,6.2,24.9,15.0,1.31,10.6,1.41,24.85,8.04,2125.3,0.8,7248.0,0.0,60.99
8.0129,-1.2404,Africa,Maize,6.2,24.6,24.6,2.13,23.5,1.4,26.92,9.7,1430.8,0.823,8003.0,0.0,38.76
7.9469,-1.2328,Africa,Maize,6.2,27.1,23.5,1.59,18.4,1.43,26.92,9.7,1430.8,0.823,8003.0,0.0,38.76
7.9761,-1.1161,Africa,Maize,6.3,22.4,24.8,1.63,19.6,1.41,27.11,8.68,1573.1,0.822,8075.0,0.0,42.39
7.9629,-1.0907,Africa,Maize,6.2,26.7,23.7,1.89,20.4,1.4,27.11,8.68,1573.1,0.822,8075.0,0.0,42.39
7.9755,-1.1465,Africa,Maize,6.2,22.6,25.9,1.79,19.9,1.4,26.92,9.7,1430.8,0.823,8003.0,0.0,38.76
7.9719,-1.1456,Africa,Maize,6.2,23.5,25.8,1.79,19.3,1.4,26.92,9.7,1430.8,0.823,8003.0,0.0,38.76
7.9523,-1.1475,Africa,Maize,6.1,28.6,25.7,2.19,23.5,1.38,26.92,9.7,1430.8,0.823,8003.0,0.0,38.76
7.9485,-1.0147,Africa,Maize,6.2,34.1,15.7,1.85,22.0,1.37,27.11,8.68,1573.1,0.822,8075.0,0.0,42.39
7.9634,-1.0117,Africa,Maize,6.2,35.2,26.7,2.19,24.4,1.38,27.11,8.68,1573.1,0.822,8075.0,0.0,42.39
7.9909,-1.0096,Africa,Maize,6.2,32.7,27.6,2.15,22.4,1.38,27.11,8.68,1573.1,0.822,8075.0,0.0,42.39
7.9686,-1.0087,Africa,Maize,6.3,32.7,16.9,2.14,22.8,1.39,27.11,8.68,1573.1,0.822,8075.0,0.0,42.39
7.9629,-1.0745,Africa,Maize,6.3,37.6,24.2,2.76,23.4,1.41,27.11,8.68,1573.1,0.822,8075.0,0.0,42.39
7.951,-1.0085,Africa,Maize,6.2,32.9,14.8,2.07,22.1,1.37,27.11,8.68,1573.1,0.822,8075.0,0.0,42.39
7.992,-1.0071,Africa,Maize,6.2,31.9,17.4,2.21,22.5,1.39,27.11,8.68,1573.1,0.822,8075.0,0.0,42.39
7.9725,-0.9263,Africa,Maize,6.3,43.0,18.0,2.63,24.7,1.37,27.11,8.68,1573.1,0.822,8075.0,0.0,42.39
7.9443,-0.9118,Africa,Maize,6.3,22.1,27.4,1.54,20.3,1.4,27.11,8.68,1573.1,0.822,8075.0,0.0,42.39
7.9567,-0.9582,Africa,Maize,6.2,21.3,24.7,1.43,18.3,1.38,27.11,8.68,1573.1,0.822,8075.0,0.0,42.39
8.0018,-0.9355,Africa,Maize,6.3,24.1,28.7,1.87,23.4,1.39,27.11,8.68,1573.1,0.822,8075.0,0.0,42.39
8.0002,-0.9593,Africa,Maize,6.3,30.8,15.2,2.71,25.8,1.37,27.11,8.68,1573.1,0.822,8075.0,0.0,42.39
7.9968,-0.9535,Africa,Maize,6.3,36.5,15.4,2.56,25.3,1.37,27.11,8.68,1573.1,0.822,8075.0,0.0,42.39
7.9619,-0.9381,Africa,Maize,6.3,40.5,25.4,2.8,24.2,1.38,27.11,8.68,1573.1,0.822,8075.0,0.0,42.39
7.9609,-0.9133,Africa,Maize,6.3,26.4,14.5,2.05,23.7,1.38,27.11,8.68,1573.1,0.822,8075.0,0.0,42.39
7.9474,-0.9343,Africa,Maize,6.4,25.0,28.3,1.53,21.5,1.37,27.11,8.68,1573.1,0.822,8075.0,0.0,42.39
7.9889,-0.9675,Africa,Maize,6.3,32.9,22.8,2.3,23.6,1.37,27.11,8.68,1573.1,0.822,8075.0,0.0,42.39
7.9802,-0.9349,Africa,Maize,6.3,40.2,24.9,2.67,23.6,1.37,27.11,8.68,1573.1,0.822,8075.0,0.0,42.39
7.9779,-0.9477,Africa,Maize,6.3,31.2,14.1,2.82,23.4,1.38,27.11,8.68,1573.1,0.822,8075.0,0.0,42.39
7.9661,-0.9058,Africa,Maize,6.3,25.0,24.2,1.89,23.4,1.37,27.11,8.68,1573.1,0.822,8075.0,0.0,42.39
7.9784,-0.8705,Africa,Maize,6.3,28.6,14.8,2.38,24.7,1.4,27.11,8.68,1573.1,0.822,8075.0,0.0,42.39
7.9393,-0.8903,Africa,Maize,6.4,23.1,22.7,1.45,21.0,1.4,27.11,8.68,1573.1,0.822,8075.0,0.0,42.39
7.9653,-0.8914,Africa,Maize,6.3,22.1,24.3,1.39,20.7,1.41,27.11,8.68,1573.1,0.822,8075.0,0.0,42.39
7.9599,-0.8511,Africa,Maize,6.3,21.6,15.1,1.55,18.8,1.39,27.11,8.68,1573.1,0.822,8075.0,0.0,42.39
7.945,-0.8909,Africa,Maize,6.3,21.2,24.7,1.24,21.5,1.4,27.11,8.68,1573.1,0.822,8075.0,0.0,42.39
8.0037,-0.8636,Africa,Maize,6.2,21.1,14.0,1.35,17.2,1.41,27.11,8.68,1573.1,0.822,8075.0,0.0,42.39
8.0184,-0.8987,Africa,Maize,6.3,26.3,17.3,1.9,16.4,1.41,27.11,8.68,1573.1,0.822,8075.0,0.0,42.39
8.0088,-0.8784,Africa,Maize,6.2,28.3,16.9,1.83,17.5,1.41,27.11,8.68,1573.1,0.822,8075.0,0.0,42.39
7.971,-0.8888,Africa,Maize,6.4,25.9,23.4,1.48,21.3,1.41,27.11,8.68,1573.1,0.822,8075.0,0.0,42.39
8.0179,-0.7596,Africa,Maize,6.2,21.6,17.5,1.61,16.7,1.37,27.11,8.68,1573.1,0.822,8075.0,0.0,42.39
7.95,-0.8965,Africa,Maize,6.3,25.4,13.9,1.36,21.5,1.4,27.11,8.68,1573.1,0.822,8075.0,0.0,42.39
7.9718,-0.8338,Africa,Maize,6.3,31.2,15.6,1.55,19.6,1.39,27.11,8.68,1573.1,0.822,8075.0,0.0,42.39
8.0194,-0.0993,Africa,Maize,6.1,20.5,24.4,1.39,13.2,1.36,26.94,7.01,1892.3,0.808,8012.0,0.0,51.23
7.9479,0.1853,Africa,Maize,6.0,27.3,26.1,1.98,18.4,1.42,26.94,7.01,1892.3,0.808,8012.0,0.0,51.23
8.0075,-0.494,Africa,Maize,6.2,34.8,17.3,1.88,16.9,1.38,27.11,8.68,1573.1,0.822,8075.0,0.0,42.39
7.969,0.1818,Africa,Maize,6.0,22.3,28.6,2.15,16.0,1.4,26.94,7.01,1892.3,0.808,8012.0,0.0,51.23
7.9993,-0.8934,Africa,Maize,6.1,24.5,25.8,1.53,14.3,1.4,27.11,8.68,1573.1,0.822,8075.0,0.0,42.39
7.9563,0.2513,Africa,Maize,5.9,30.2,25.6,2.16,16.8,1.38,26.94,7.01,1892.3,0.808,8012.0,0.0,51.23
7.9792,0.2596,Africa,Maize,6.0,25.9,23.9,1.82,16.0,1.39,26.94,7.01,1892.3,0.808,8012.0,0.0,51.23
7.9464,0.2499,Africa,Maize,5.9,28.2,29.0,2.12,17.3,1.38,26.94,7.01,1892.3,0.808,8012.0,0.0,51.23
7.9525,2.8888,Africa,Maize,6.4,24.7,14.5,1.05,9.9,1.37,25.41,8.34,1871.0,0.865,7453.0,0.0,52.84
7.9949,3.789,Africa,Maize,6.3,21.9,10.5,1.68,12.8,1.36,25.05,8.1,2005.8,0.853,7322.0,0.0,57.23
7.997,3.7918,Africa,Maize,6.2,21.3,10.3,1.63,13.1,1.35,25.05,8.1,2005.8,0.853,7322.0,0.0,57.23
7.9022,-1.3915,Africa,Maize,6.2,32.4,24.0,2.49,28.0,1.37,26.92,9.7,1430.8,0.823,8003.0,0.0,38.76
7.9429,4.0879,Africa,Maize,6.3,24.4,11.7,1.82,12.1,1.34,24.85,8.04,2125.3,0.8,7248.0,0.0,60.99
7.8802,-1.2854,Africa,Maize,6.2,32.4,23.0,2.36,23.6,1.38,26.92,9.7,1430.8,0.823,8003.0,0.0,38.76
7.9202,-1.312,Africa,Maize,6.2,35.2,27.4,2.4,24.4,1.36,26.92,9.7,1430.8,0.823,8003.0,0.0,38.76
7.9026,-1.2805,Africa,Maize,6.2,28.6,26.1,1.87,23.4,1.39,26.92,9.7,1430.8,0.823,8003.0,0.0,38.76
7.8662,-1.1738,Africa,Maize,6.3,29.4,23.1,1.86,20.3,1.41,26.92,9.7,1430.8,0.823,8003.0,0.0,38.76
7.9864,0.2466,Africa,Maize,6.0,26.0,22.9,2.24,16.2,1.41,26.94,7.01,1892.3,0.808,8012.0,0.0,51.23
7.8553,-1.1613,Africa,Maize,6.2,33.7,26.6,1.84,20.3,1.4,26.92,9.7,1430.8,0.823,8003.0,0.0,38.76
7.9119,-1.1874,Africa,Maize,6.2,25.5,24.4,1.74,18.2,1.41,26.92,9.7,1430.8,0.823,8003.0,0.0,38.76
7.8917,-1.2229,Africa,Maize,6.2,25.1,26.5,1.71,19.0,1.43,26.92,9.7,1430.8,0.823,8003.0,0.0,38.76
7.8809,-1.0824,Africa,Maize,6.2,30.6,28.2,1.92,23.3,1.38,27.11,8.68,1573.1,0.822,8075.0,0.0,42.39
7.8934,-1.0975,Africa,Maize,6.3,30.7,24.8,2.13,24.1,1.36,27.11,8.68,1573.1,0.822,8075.0,0.0,42.39
7.9305,-1.0895,Africa,Maize,6.3,24.9,22.8,1.84,23.8,1.4,27.11,8.68,1573.1,0.822,8075.0,0.0,42.39
7.8679,-1.129,Africa,Maize,6.2,34.8,25.9,1.77,20.3,1.39,26.92,9.7,1430.8,0.823,8003.0,0.0,38.76
7.8862,-1.0237,Africa,Maize,6.3,33.6,24.4,2.44,25.4,1.37,27.11,8.68,1573.1,0.822,8075.0,0.0,42.39
7.8658,-1.0401,Africa,Maize,6.3,32.6,25.9,1.84,23.9,1.37,26.92,9.7,1430.8,0.823,8003.0,0.0,38.76
7.8839,-1.0123,Africa,Maize,6.3,33.6,21.8,2.34,25.8,1.38,27.11,8.68,1573.1,0.822,8075.0,0.0,42.39
7.8858,-1.0131,Africa,Maize,6.3,31.7,23.4,2.32,25.5,1.37,27.11,8.68,1573.1,0.822,8075.0,0.0,42.39
7.9088,-1.0142,Africa,Maize,6.3,27.4,28.0,1.84,23.2,1.36,27.11,8.68,1573.1,0.822,8075.0,0.0,42.39
7.8829,-0.9903,Africa,Maize,6.2,34.9,17.9,2.36,22.7,1.39,27.11,8.68,1573.1,0.822,8075.0,0.0,42.39
7.8729,-1.0212,Africa,Maize,6.2,33.0,24.2,2.27,24.1,1.38,26.92,9.7,1430.8,0.823,8003.0,0.0,38.76
7.9335,-1.0015,Africa,Maize,6.3,27.3,15.1,1.85,23.0,1.37,27.11,8.68,1573.1,0.822,8075.0,0.0,42.39
7.8542,-1.0384,Africa,Maize,6.2,33.4,26.9,2.29,23.4,1.38,26.92,9.7,1430.8,0.823,8003.0,0.0,38.76
7.9195,-0.9961,Africa,Maize,6.3,27.4,27.2,1.45,19.4,1.4,27.11,8.68,1573.1,0.822,8075.0,0.0,42.39
7.8861,-0.9243,Africa,Maize,6.3,22.0,22.2,1.52,15.6,1.41,27.11,8.68,1573.1,0.822,8075.0,0.0,42.39
7.8758,-1.0041,Africa,Maize,6.3,29.5,25.4,2.13,22.9,1.39,27.11,8.68,1573.1,0.822,8075.0,0.0,42.39
7.8951,-1.0446,Africa,Maize,6.3,28.9,27.2,1.73,22.3,1.39,27.11,8.68,1573.1,0.822,8075.0,0.0,42.39
7.8894,-0.9502,Africa,Maize,6.3,18.2,23.7,1.29,14.1,1.39,27.11,8.68,1573.1,0.822,8075.0,0.0,42.39
7.8991,-0.9496,Africa,Maize,6.2,20.9,14.9,1.71,15.1,1.39,27.11,8.68,1573.1,0.822,8075.0,0.0,42.39
7.9293,-0.9416,Africa,Maize,6.3,22.0,15.7,1.68,20.4,1.4,27.11,8.68,1573.1,0.822,8075.0,0.0,42.39
7.8514,-0.9755,Africa,Maize,6.2,24.2,22.7,1.67,20.1,1.39,26.92,9.7,1430.8,0.823,8003.0,0.0,38.76
7.9333,-0.9498,Africa,Maize,6.3,28.4,25.5,1.54,20.4,1.39,27.11,8.68,1573.1,0.822,8075.0,0.0,42.39
7.8877,-0.9477,Africa,Maize,6.4,17.0,24.8,1.37,14.3,1.4,27.11,8.68,1573.1,0.822,8075.0,0.0,42.39
7.8694,-0.973,Africa,Maize,6.3,22.7,26.2,1.56,20.7,1.39,26.92,9.7,1430.8,0.823,8003.0,0.0,38.76
7.8683,-0.9743,Africa,Maize,6.2,22.9,24.4,1.69,20.3,1.39,26.92,9.7,1430.8,0.823,8003.0,0.0,38.76
7.8731,-0.93,Africa,Maize,6.4,22.7,24.3,1.46,14.3,1.41,26.92,9.7,1430.8,0.823,8003.0,0.0,38.76
7.9145,-0.9488,Africa,Maize,6.3,26.7,17.8,1.59,16.3,1.39,27.11,8.68,1573.1,0.822,8075.0,0.0,42.39
7.9098,-0.9168,Africa,Maize,6.3,22.4,24.6,1.41,16.6,1.39,27.11,8.68,1573.1,0.822,8075.0,0.0,42.39
7.9134,-0.9122,Africa,Maize,6.3,25.4,26.6,1.4,17.3,1.4,27.11,8.68,1573.1,0.822,8075.0,0.0,42.39
7.8902,-0.9693,Africa,Maize,6.3,26.3,25.7,1.7,20.2,1.39,27.11,8.68,1573.1,0.822,8075.0,0.0,42.39
7.9266,-0.9228,Africa,Maize,6.3,20.3,14.2,1.47,19.1,1.39,27.11,8.68,1573.1,0.822,8075.0,0.0,42.39
7.9092,-0.9888,Africa,Maize,6.3,22.3,24.4,1.51,20.4,1.4,27.11,8.68,1573.1,0.822,8075.0,0.0,42.39
7.8964,-0.9433,Africa,Maize,6.2,22.3,15.2,1.46,15.4,1.41,27.11,8.68,1573.1,0.822,8075.0,0.0,42.39
7.8879,-0.9308,Africa,Maize,6.4,22.1,23.8,1.34,14.1,1.4,27.11,8.68,1573.1,0.822,8075.0,0.0,42.39
7.8717,-0.9397,Africa,Maize,6.3,25.8,26.9,1.42,14.8,1.42,26.92,9.7,1430.8,0.823,8003.0,0.0,38.76
7.9132,-0.9838,Africa,Maize,6.3,25.4,25.0,1.43,19.2,1.39,27.11,8.68,1573.1,0.822,8075.0,0.0,42.39
7.9141,-0.9545,Africa,Maize,6.3,23.3,25.4,1.61,16.3,1.39,27.11,8.68,1573.1,0.822,8075.0,0.0,42.39
7.8899,-0.9608,Africa,Maize,6.4,22.5,24.8,1.35,17.3,1.41,27.11,8.68,1573.1,0.822,8075.0,0.0,42.39
7.8967,-0.9575,Africa,Maize,6.3,21.5,25.4,1.49,16.2,1.39,27.11,8.68,1573.1,0.822,8075.0,0.0,42.39
7.8622,-0.9462,Africa,Maize,6.3,26.2,13.7,1.38,14.6,1.43,26.92,9.7,1430.8,0.823,8003.0,0.0,38.76
7.9282,-0.8703,Africa,Maize,6.4,30.9,13.2,1.96,24.0,1.37,27.11,8.68,1573.1,0.822,8075.0,0.0,42.39
7.9282,-0.8703,Africa,Maize,6.4,30.9,13.2,1.96,24.0,1.37,27.11,8.68,1573.1,0.822,8075.0,0.0,42.39
7.9281,-0.8703,Africa,Maize,6.4,30.9,13.2,1.96,24.0,1.37,27.11,8.68,1573.1,0.822,8075.0,0.0,42.39
7.9281,-0.8703,Africa,Maize,6.4,30.9,13.2,1.96,24.0,1.37,27.11,8.68,1573.1,0.822,8075.0,0.0,42.39
7.9082,-0.8918,Africa,Maize,6.3,21.8,24.9,1.36,19.7,1.4,27.11,8.68,1573.1,0.822,8075.0,0.0,42.39
7.873,-1.046,Africa,Maize,6.3,26.2,23.9,1.65,24.2,1.38,26.92,9.7,1430.8,0.823,8003.0,0.0,38.76
7.9284,-0.8843,Africa,Maize,6.3,23.3,11.6,1.47,22.5,1.39,27.11,8.68,1573.1,0.822,8075.0,0.0,42.39
7.9114,-0.9483,Africa,Maize,6.3,21.8,26.5,1.47,15.8,1.4,27.11,8.68,1573.1,0.822,8075.0,0.0,42.39
7.9249,-0.8979,Africa,Maize,6.4,22.1,11.8,1.45,20.6,1.39,27.11,8.68,1573.1,0.822,8075.0,0.0,42.39
7.9249,-0.8188,Africa,Maize,6.2,21.4,27.8,1.6,14.2,1.41,27.11,8.68,1573.1,0.822,8075.0,0.0,42.39
7.8589,-0.8556,Africa,Maize,6.2,24.4,11.9,1.59,18.7,1.4,27.11,8.68,1573.1,0.822,8075.0,0.0,42.39
7.9188,-0.7946,Africa,Maize,6.0,25.0,13.4,1.47,15.6,1.4,27.11,8.68,1573.1,0.822,8075.0,0.0,42.39
7.9139,-0.5002,Africa,Maize,6.2,27.5,16.6,2.15,22.6,1.39,27.11,8.68,1573.1,0.822,8075.0,0.0,42.39
7.9257,0.1937,Africa,Maize,5.9,25.2,26.5,2.03,17.2,1.4,26.94,7.01,1892.3,0.808,8012.0,0.0,51.23
7.8804,0.1811,Africa,Maize,5.9,29.2,30.4,2.42,14.8,1.37,26.94,7.01,1892.3,0.808,8012.0,0.0,51.23
7.8585,0.2468,Africa,Maize,5.8,32.2,29.4,2.18,17.5,1.37,26.94,7.01,1892.3,0.808,8012.0,0.0,51.23
7.9072,0.2683,Africa,Maize,6.0,25.0,31.6,2.24,15.4,1.37,26.94,7.01,1892.3,0.808,8012.0,0.0,51.23
7.9176,-0.0657,Africa,Maize,6.0,17.6,25.2,1.54,12.8,1.38,26.94,7.01,1892.3,0.808,8012.0,0.0,51.23
7.8539,0.2822,Africa,Maize,6.0,31.7,25.9,2.28,20.1,1.36,26.94,7.01,1892.3,0.808,8012.0,0.0,51.23
7.9212,0.3009,Africa,Maize,5.9,32.0,22.6,2.35,18.1,1.4,26.94,7.01,1892.3,0.808,8012.0,0.0,51.23
7.8849,3.1795,Africa,Maize,6.5,24.5,9.2,1.47,12.7,1.36,25.41,8.34,1871.0,0.865,7453.0,0.0,52.84
7.9243,3.2007,Africa,Maize,6.5,26.5,12.5,1.19,11.2,1.35,25.41,8.34,1871.0,0.865,7453.0,0.0,52.84
7.8704,2.8554,Africa,Maize,6.3,26.9,15.6,1.39,11.7,1.34,25.41,8.34,1871.0,0.865,7453.0,0.0,52.84
7.8781,3.3613,Africa,Maize,6.5,20.5,10.5,1.4,9.5,1.38,25.41,8.34,1871.0,0.865,7453.0,0.0,52.84
7.8849,3.3931,Africa,Maize,6.3,25.8,10.2,1.32,11.3,1.34,25.41,8.34,1871.0,0.865,7453.0,0.0,52.84
7.7791,-1.5928,Africa,Maize,6.2,47.4,25.3,3.1,25.3,1.38,26.39,9.57,1574.0,0.75,7811.0,0.0,43.26
7.8702,3.7804,Africa,Maize,6.3,22.3,9.4,1.8,12.8,1.36,25.05,8.1,2005.8,0.853,7322.0,0.0,57.23
7.8147,-1.5245,Africa,Maize,6.2,32.9,24.9,2.92,26.6,1.39,26.39,9.57,1574.0,0.75,7811.0,0.0,43.26
7.7878,-1.4909,Africa,Maize,6.1,39.3,25.8,3.11,27.1,1.38,26.39,9.57,1574.0,0.75,7811.0,0.0,43.26
7.896,3.8065,Africa,Maize,6.3,30.2,10.8,1.81,11.9,1.39,25.05,8.1,2005.8,0.853,7322.0,0.0,57.23
7.849,-1.4873,Africa,Maize,6.1,39.9,23.3,3.67,28.3,1.38,26.39,9.57,1574.0,0.75,7811.0,0.0,43.26
7.7771,-1.3216,Africa,Maize,6.1,45.0,26.2,3.74,28.1,1.41,26.92,9.7,1430.8,0.823,8003.0,0.0,38.76
7.7809,-1.3742,Africa,Maize,6.1,35.2,23.8,2.55,23.4,1.42,26.92,9.7,1430.8,0.823,8003.0,0.0,38.76
7.7954,-1.2225,Africa,Maize,6.2,29.7,26.1,1.85,20.2,1.43,26.92,9.7,1430.8,0.823,8003.0,0.0,38.76
7.7899,-1.1959,Africa,Maize,6.1,34.7,23.8,2.2,24.6,1.42,26.92,9.7,1430.8,0.823,8003.0,0.0,38.76
7.8127,-1.1841,Africa,Maize,6.2,35.2,24.7,1.83,21.2,1.41,26.92,9.7,1430.8,0.823,8003.0,0.0,38.76
7.7845,-1.3637,Africa,Maize,6.2,30.5,24.4,2.19,23.1,1.41,26.92,9.7,1430.8,0.823,8003.0,0.0,38.76
7.7779,-1.1603,Africa,Maize,6.2,43.4,21.8,2.98,24.8,1.4,26.92,9.7,1430.8,0.823,8003.0,0.0,38.76
7.7699,-1.1681,Africa,Maize,6.1,44.6,21.3,3.1,25.6,1.4,26.92,9.7,1430.8,0.823,8003.0,0.0,38.76
7.8484,-1.2101,Africa,Maize,6.2,44.7,24.5,3.15,24.4,1.4,26.92,9.7,1430.8,0.823,8003.0,0.0,38.76
7.8236,-1.2373,Africa,Maize,6.3,32.9,27.8,2.06,22.5,1.38,26.92,9.7,1430.8,0.823,8003.0,0.0,38.76
7.7671,-1.1075,Africa,Maize,6.2,47.9,26.4,3.49,26.4,1.41,26.92,9.7,1430.8,0.823,8003.0,0.0,38.76
7.8218,-1.1855,Africa,Maize,6.2,31.4,26.7,1.81,22.6,1.38,26.92,9.7,1430.8,0.823,8003.0,0.0,38.76
48.9614,-103.6676,US,Winter Cereals,7.0,48.4,32.9,3.74,24.5,1.16,5.83,11.71,402.0,0.934,2191.0,183.8,25.39
48.964,-103.4664,US,Winter Cereals,7.0,45.8,30.1,3.59,23.6,1.17,5.85,11.72,393.7,0.94,2220.0,184.4,24.84
48.9781,-103.2359,US,Winter Cereals,6.2,50.0,26.9,3.97,24.4,1.13,5.85,11.72,393.7,0.94,2220.0,184.4,24.84
7.8335,-1.0768,Africa,Maize,6.2,43.0,25.7,2.86,25.0,1.38,26.92,9.7,1430.8,0.823,8003.0,0.0,38.76
48.9602,-103.3227,US,Winter Cereals,6.5,46.4,28.5,3.62,24.4,1.17,5.85,11.72,393.7,0.94,2220.0,184.4,24.84
48.9656,-103.0948,US,Winter Cereals,6.6,57.9,23.2,4.58,23.8,1.12,5.85,11.72,393.7,0.94,2220.0,184.4,24.84
48.9487,-102.8273,US,Winter Cereals,6.5,59.6,26.8,4.38,27.4,1.06,5.62,11.68,409.6,0.921,2200.0,186.8,26.22
48.9452,-102.8244,US,Winter Cereals,6.5,59.1,26.5,4.3,26.6,1.08,5.62,11.68,409.6,0.921,2200.0,186.8,26.22
48.9357,-102.2589,US,Winter Cereals,6.9,59.3,28.0,5.31,27.3,1.14,5.62,11.68,409.6,0.921,2200.0,186.8,26.22
48.935,-102.4183,US,Winter Cereals,6.8,55.8,28.2,4.76,28.7,1.19,5.62,11.68,409.6,0.921,2200.0,186.8,26.22
48.9557,-102.9494,US,Winter Cereals,6.4,57.5,25.9,4.18,25.9,1.04,5.85,11.72,393.7,0.94,2220.0,184.4,24.84
48.94,-102.1564,US,Winter Cereals,6.8,58.9,22.4,4.81,26.9,1.11,5.62,11.68,409.6,0.921,2200.0,186.8,26.22
48.9491,-102.1812,US,Winter Cereals,7.0,58.0,27.5,4.85,27.9,1.14,5.62,11.68,409.6,0.921,2200.0,186.8,26.22
48.9434,-100.4292,US,Winter Cereals,7.1,101.5,30.4,3.95,26.1,1.16,4.5,11.39,478.0,0.876,2063.0,191.2,32.96
48.9572,-100.3711,US,Winter Cereals,7.0,97.1,29.3,4.0,29.7,1.15,4.5,11.39,478.0,0.876,2063.0,191.2,32.96
48.9361,-100.5377,US,Winter Cereals,7.2,60.5,31.5,4.32,25.5,1.2,4.5,11.39,478.0,0.876,2063.0,191.2,32.96
48.9434,-101.7762,US,Winter Cereals,7.3,58.3,24.4,4.89,25.1,1.12,5.39,11.67,439.5,0.892,2181.0,188.0,28.55
48.9669,-102.0406,US,Winter Cereals,6.8,59.6,20.1,4.78,28.0,1.13,5.39,11.67,439.5,0.892,2181.0,188.0,28.55
48.9341,-99.9898,US,Winter Cereals,6.6,55.1,27.9,3.8,29.3,1.21,4.02,11.19,484.9,0.884,1973.0,194.4,34.59
48.9866,-99.2366,US,Winter Cereals,7.0,54.6,26.5,4.7,30.1,1.21,4.16,11.23,480.2,0.905,2011.0,194.4,33.91
48.9627,-99.9597,US,Winter Cereals,6.7,61.6,28.5,3.27,27.0,1.2,4.02,11.19,484.9,0.884,1973.0,194.4,34.59
48.9908,-99.1454,US,Winter Cereals,6.8,67.2,27.8,4.88,35.0,1.23,4.16,11.23,480.2,0.905,2011.0,194.4,33.91
48.9524,-99.0058,US,Winter Cereals,6.7,65.0,27.9,4.96,35.6,1.23,4.16,11.23,480.2,0.905,2011.0,194.4,33.91
48.9627,-98.9389,US,Winter Cereals,7.0,69.2,28.7,4.78,35.5,1.2,4.16,11.23,480.2,0.905,2011.0,194.4,33.91
48.9463,-98.7733,US,Winter Cereals,6.8,63.1,26.2,4.65,35.6,1.24,4.2,11.07,496.1,0.909,2029.0,193.8,34.94
48.9635,-98.6159,US,Winter Cereals,6.8,68.9,28.8,4.68,37.6,1.23,4.2,11.07,496.1,0.909,2029.0,193.8,34.94
48.9812,-98.5815,US,Winter Cereals,6.7,69.5,31.5,5.11,37.3,1.12,4.2,11.07,496.1,0.909,2029.0,193.8,34.94
48.9772,-98.5253,US,Winter Cereals,6.9,64.7,28.4,4.63,33.0,1.23,4.2,11.07,496.1,0.909,2029.0,193.8,34.94
48.9564,-98.5034,US,Winter Cereals,6.9,63.1,27.3,5.15,33.0,1.25,4.2,11.07,496.1,0.909,2029.0,193.8,34.94
48.9601,-98.6082,US,Winter Cereals,6.7,70.8,26.9,5.24,36.4,1.24,4.2,11.07,496.1,0.909,2029.0,193.8,34.94
48.9442,-99.0761,US,Winter Cereals,6.8,63.9,26.8,4.77,35.0,1.26,4.16,11.23,480.2,0.905,2011.0,194.4,33.91
48.9497,-98.5084,US,Winter Cereals,7.0,61.5,25.9,4.96,33.6,1.25,4.2,11.07,496.1,0.909,2029.0,193.8,34.94
48.9431,-98.3561,US,Winter Cereals,7.1,60.4,28.4,5.15,35.7,1.29,4.47,11.08,517.5,0.904,2104.0,191.2,35.76
48.9335,-98.3183,US,Winter Cereals,7.0,62.8,31.6,4.87,33.9,1.3,4.47,11.08,517.5,0.904,2104.0,191.2,35.76
48.9542,-98.498,US,Winter Cereals,7.0,64.3,25.9,5.19,33.6,1.25,4.2,11.07,496.1,0.909,2029.0,193.8,34.94
48.9849,-98.2238,US,Winter Cereals,6.6,62.7,31.2,4.19,31.7,1.16,4.47,11.08,517.5,0.904,2104.0,191.2,35.76
48.9867,-98.2327,US,Winter Cereals,6.8,55.5,30.3,4.23,32.3,1.25,4.47,11.08,517.5,0.904,2104.0,191.2,35.76
48.9512,-98.4247,US,Winter Cereals,7.1,66.9,23.9,5.31,33.5,1.28,4.2,11.07,496.1,0.909,2029.0,193.8,34.94
48.9824,-98.2374,US,Winter Cereals,6.7,55.7,32.0,4.59,34.2,1.24,4.47,11.08,517.5,0.904,2104.0,191.2,35.76
48.9839,-98.2389,US,Winter Cereals,6.7,55.6,32.2,4.46,33.1,1.26,4.47,11.08,517.5,0.904,2104.0,191.2,35.76
48.9891,-98.2292,US,Winter Cereals,6.6,60.5,30.6,4.09,31.7,1.25,4.47,11.08,517.5,0.904,2104.0,191.2,35.76
48.9576,-98.1774,US,Winter Cereals,6.7,63.1,31.9,4.37,32.1,1.3,4.47,11.08,517.5,0.904,2104.0,191.2,35.76
48.9485,-98.1752,US,Winter Cereals,6.8,54.3,31.3,4.25,33.0,1.26,4.47,11.08,517.5,0.904,2104.0,191.2,35.76
48.9899,-97.8805,US,Winter Cereals,7.3,49.2,25.3,3.39,33.6,1.29,4.47,11.08,517.5,0.904,2104.0,191.2,35.76
48.9879,-97.8779,US,Winter Cereals,7.3,48.5,23.8,3.45,33.2,1.29,4.47,11.08,517.5,0.904,2104.0,191.2,35.76
48.9666,-97.2758,US,Winter Cereals,7.2,62.7,48.1,4.63,38.0,1.23,4.83,11.34,533.3,0.886,2212.0,186.0,35.95
48.951,-97.2458,US,Winter Cereals,7.6,57.8,47.9,4.74,38.8,1.29,4.83,11.34,533.3,0.886,2212.0,186.0,35.95
48.9786,-97.1845,US,Winter Cereals,7.6,54.1,30.7,4.55,40.7,1.31,4.83,11.34,533.3,0.886,2212.0,186.0,35.95
48.9616,-97.7605,US,Winter Cereals,7.2,58.2,38.6,3.91,31.3,1.3,4.47,11.08,517.5,0.904,2104.0,191.2,35.76
48.9783,-97.1869,US,Winter Cereals,7.6,58.4,30.9,4.45,40.7,1.32,4.83,11.34,533.3,0.886,2212.0,186.0,35.95
48.9856,-97.1447,US,Winter Cereals,7.5,51.8,52.2,4.67,40.7,1.32,4.83,11.34,533.3,0.886,2212.0,186.0,35.95
48.9637,-97.1471,US,Winter Cereals,7.3,74.5,49.1,5.31,40.0,1.24,4.83,11.34,533.3,0.886,2212.0,186.0,35.95
48.9859,-97.1435,US,Winter Cereals,7.5,51.8,52.2,4.67,40.7,1.32,4.83,11.34,533.3,0.886,2212.0,186.0,35.95
48.9477,-95.9994,US,Winter Cereals,7.0,55.8,19.1,3.67,44.0,1.3,3.96,11.0,570.5,0.855,2069.0,190.8,40.85
48.9901,-95.9781,US,Winter Cereals,6.8,43.5,18.8,4.42,32.3,1.22,3.96,11.0,570.5,0.855,2069.0,190.8,40.85
48.9901,-95.9446,US,Winter Cereals,7.1,52.0,25.1,3.82,37.5,1.27,3.96,11.0,570.5,0.855,2069.0,190.8,40.85
48.9906,-95.9388,US,Winter Cereals,7.1,55.0,24.8,3.97,39.9,1.27,3.96,11.0,570.5,0.855,2069.0,190.8,40.85
48.9839,-95.9356,US,Winter Cereals,7.2,56.9,27.6,3.97,37.7,1.28,3.96,11.0,570.5,0.855,2069.0,190.8,40.85
48.9904,-95.9531,US,Winter Cereals,7.0,46.4,19.4,3.44,38.0,1.28,3.96,11.0,570.5,0.855,2069.0,190.8,40.85
48.9781,-95.8371,US,Winter Cereals,6.7,54.9,23.4,3.94,38.2,1.12,3.92,10.38,581.7,0.83,2064.0,185.8,41.78
48.9902,-95.9471,US,Winter Cereals,7.1,49.1,24.3,3.81,38.5,1.27,3.96,11.0,570.5,0.855,2069.0,190.8,40.85
48.9578,-95.8497,US,Winter Cereals,7.2,49.5,20.3,3.18,36.3,1.3,3.92,10.38,581.7,0.83,2064.0,185.8,41.78
48.9459,-95.0376,US,Winter Cereals,7.2,50.4,18.5,4.01,31.5,1.25,4.06,9.02,589.9,0.777,2116.0,176.2,41.94
48.9579,-95.8628,US,Winter Cereals,6.9,55.5,19.8,2.94,37.4,1.17,3.92,10.38,581.7,0.83,2064.0,185.8,41.78
48.9503,-95.0101,US,Winter Cereals,7.2,57.3,19.0,4.28,35.6,1.29,4.06,9.02,589.9,0.777,2116.0,176.2,41.94
48.9538,-95.0157,US,Winter Cereals,7.3,52.0,18.5,4.56,35.2,1.31,4.06,9.02,589.9,0.777,2116.0,176.2,41.94
48.9131,-103.7635,US,Winter Cereals,7.2,46.5,28.8,3.54,26.2,1.21,5.83,11.71,402.0,0.934,2191.0,183.8,25.39
48.8466,-103.9891,US,Winter Cereals,7.5,53.2,28.9,3.79,23.1,1.17,5.83,11.71,402.0,0.934,2191.0,183.8,25.39
48.8536,-103.7367,US,Winter Cereals,7.2,47.3,33.8,3.61,24.9,1.21,5.83,11.71,402.0,0.934,2191.0,183.8,25.39
48.9294,-103.6678,US,Winter Cereals,6.9,46.0,34.3,3.86,23.1,1.16,5.83,11.71,402.0,0.934,2191.0,183.8,25.39
48.919,-103.7145,US,Winter Cereals,7.2,44.6,32.1,3.92,26.0,1.16,5.83,11.71,402.0,0.934,2191.0,183.8,25.39
48.9294,-103.7044,US,Winter Cereals,7.1,44.6,31.0,3.83,25.3,1.15,5.83,11.71,402.0,0.934,2191.0,183.8,25.39
48.8536,-103.4154,US,Winter Cereals,7.0,53.1,30.5,3.67,23.4,1.19,5.85,11.72,393.7,0.94,2220.0,184.4,24.84
48.8471,-103.3854,US,Winter Cereals,7.0,59.6,30.5,3.93,25.3,1.14,5.85,11.72,393.7,0.94,2220.0,184.4,24.84
48.8806,-103.2451,US,Winter Cereals,6.5,44.8,30.9,3.8,23.1,1.17,5.85,11.72,393.7,0.94,2220.0,184.4,24.84
48.9066,-103.1741,US,Winter Cereals,6.6,49.4,26.8,3.67,24.5,1.13,5.85,11.72,393.7,0.94,2220.0,184.4,24.84
48.9064,-103.2554,US,Winter Cereals,6.6,42.6,25.8,3.9,23.0,1.14,5.85,11.72,393.7,0.94,2220.0,184.4,24.84
48.8876,-103.0559,US,Winter Cereals,7.0,53.4,22.9,3.76,23.5,1.14,5.85,11.72,393.7,0.94,2220.0,184.4,24.84
48.9009,-102.8143,US,Winter Cereals,6.5,56.4,25.1,3.98,25.4,1.13,5.62,11.68,409.6,0.921,2200.0,186.8,26.22
48.8549,-102.7329,US,Winter Cereals,6.7,61.1,27.4,4.29,24.2,1.13,5.62,11.68,409.6,0.921,2200.0,186.8,26.22
48.903,-102.7549,US,Winter Cereals,6.7,59.7,24.6,4.31,24.5,1.13,5.62,11.68,409.6,0.921,2200.0,186.8,26.22
48.9172,-102.7984,US,Winter Cereals,6.5,61.0,24.8,4.33,24.9,1.12,5.62,11.68,409.6,0.921,2200.0,186.8,26.22
48.902,-102.7673,US,Winter Cereals,6.8,59.8,25.0,4.26,24.7,1.15,5.62,11.68,409.6,0.921,2200.0,186.8,26.22
48.8894,-102.7124,US,Winter Cereals,6.9,55.4,26.0,3.98,24.9,1.13,5.62,11.68,409.6,0.921,2200.0,186.8,26.22
48.9041,-102.768,US,Winter Cereals,6.7,58.1,25.1,3.96,24.9,1.13,5.62,11.68,409.6,0.921,2200.0,186.8,26.22
48.9061,-102.7706,US,Winter Cereals,6.7,59.3,24.6,3.92,24.3,1.13,5.62,11.68,409.6,0.921,2200.0,186.8,26.22
48.8965,-102.6589,US,Winter Cereals,6.8,59.4,26.3,4.3,25.7,1.11,5.62,11.68,409.6,0.921,2200.0,186.8,26.22
48.8905,-102.7143,US,Winter Cereals,6.7,57.8,25.4,4.5,24.6,1.13,5.62,11.68,409.6,0.921,2200.0,186.8,26.22
48.8973,-102.6212,US,Winter Cereals,6.8,63.4,25.1,4.35,25.2,1.16,5.62,11.68,409.6,0.921,2200.0,186.8,26.22
48.8984,-102.6181,US,Winter Cereals,6.9,68.5,24.8,4.53,25.6,1.17,5.62,11.68,409.6,0.921,2200.0,186.8,26.22
48.9287,-102.2603,US,Winter Cereals,6.9,65.4,27.6,5.23,27.4,1.15,5.62,11.68,409.6,0.921,2200.0,186.8,26.22
48.8521,-102.2897,US,Winter Cereals,6.9,61.4,26.2,5.07,26.8,1.16,5.62,11.68,409.6,0.921,2200.0,186.8,26.22
48.9232,-102.2274,US,Winter Cereals,6.9,59.7,25.1,5.01,26.5,1.12,5.62,11.68,409.6,0.921,2200.0,186.8,26.22
48.8776,-102.2471,US,Winter Cereals,6.8,63.5,25.8,5.1,26.6,1.1,5.62,11.68,409.6,0.921,2200.0,186.8,26.22
48.8928,-102.2021,US,Winter Cereals,6.9,57.4,24.2,4.77,26.3,1.14,5.62,11.68,409.6,0.921,2200.0,186.8,26.22
48.9166,-102.2154,US,Winter Cereals,6.9,61.4,23.0,4.72,27.2,1.11,5.62,11.68,409.6,0.921,2200.0,186.8,26.22
48.8986,-102.6166,US,Winter Cereals,6.9,68.5,24.8,4.53,25.6,1.17,5.62,11.68,409.6,0.921,2200.0,186.8,26.22
48.8851,-102.1536,US,Winter Cereals,6.9,62.2,24.8,5.13,27.7,1.15,5.62,11.68,409.6,0.921,2200.0,186.8,26.22
48.8997,-102.6174,US,Winter Cereals,6.9,68.5,24.8,4.53,25.6,1.17,5.62,11.68,409.6,0.921,2200.0,186.8,26.22
48.8874,-102.1564,US,Winter Cereals,6.9,65.7,23.9,5.05,27.9,1.1,5.62,11.68,409.6,0.921,2200.0,186.8,26.22
48.9289,-101.9902,US,Winter Cereals,6.9,61.4,25.9,5.16,25.3,1.11,5.39,11.67,439.5,0.892,2181.0,188.0,28.55
48.9048,-101.8406,US,Winter Cereals,7.1,61.7,24.5,5.37,25.2,1.13,5.39,11.67,439.5,0.892,2181.0,188.0,28.55
48.8741,-102.2479,US,Winter Cereals,6.8,62.9,25.9,5.06,26.3,1.11,5.62,11.68,409.6,0.921,2200.0,186.8,26.22
48.8634,-101.8987,US,Winter Cereals,7.0,61.5,24.0,4.85,24.3,1.16,5.39,11.67,439.5,0.892,2181.0,188.0,28.55
48.9045,-101.7353,US,Winter Cereals,7.2,61.7,24.5,5.25,25.7,1.11,5.39,11.67,439.5,0.892,2181.0,188.0,28.55
48.913,-101.6478,US,Winter Cereals,7.3,56.5,21.8,4.88,26.1,1.11,5.39,11.67,439.5,0.892,2181.0,188.0,28.55
48.8779,-101.1223,US,Winter Cereals,7.5,61.4,21.4,4.52,18.6,1.19,5.18,11.7,459.2,0.879,2175.0,188.0,30.25
48.8554,-101.1061,US,Winter Cereals,7.6,56.6,32.4,4.46,22.9,1.24,5.18,11.7,459.2,0.879,2175.0,188.0,30.25
48.8471,-100.4774,US,Winter Cereals,7.2,58.6,29.2,4.66,25.5,1.17,4.5,11.39,478.0,0.876,2063.0,191.2,32.96
48.9244,-98.9529,US,Winter Cereals,6.8,63.0,25.4,4.76,36.0,1.24,4.16,11.23,480.2,0.905,2011.0,194.4,33.91
48.9128,-102.1668,US,Winter Cereals,6.9,64.9,24.2,5.08,26.0,1.11,5.62,11.68,409.6,0.921,2200.0,186.8,26.22
48.9145,-99.9249,US,Winter Cereals,6.6,57.5,30.6,4.26,28.4,1.22,4.02,11.19,484.9,0.884,1973.0,194.4,34.59
48.8694,-101.8479,US,Winter Cereals,7.1,57.3,25.1,4.85,26.2,1.15,5.39,11.67,439.5,0.892,2181.0,188.0,28.55
48.9205,-99.9344,US,Winter Cereals,6.6,58.7,27.7,4.1,30.4,1.25,4.02,11.19,484.9,0.884,1973.0,194.4,34.59
48.8741,-98.8961,US,Winter Cereals,6.9,68.4,26.2,5.39,37.3,1.24,4.2,11.07,496.1,0.909,2029.0,193.8,34.94
48.9151,-98.8476,US,Winter Cereals,6.7,65.8,27.7,4.91,34.0,1.25,4.2,11.07,496.1,0.909,2029.0,193.8,34.94
48.8655,-98.7306,US,Winter Cereals,7.1,66.5,26.9,4.54,37.1,1.24,4.2,11.07,496.1,0.909,2029.0,193.8,34.94
48.9284,-98.9433,US,Winter Cereals,6.6,67.2,25.6,5.19,35.5,1.16,4.16,11.23,480.2,0.905,2011.0,194.4,33.91
48.8931,-98.6754,US,Winter Cereals,6.8,81.9,28.4,4.19,33.7,1.25,4.2,11.07,496.1,0.909,2029.0,193.8,34.94
48.8979,-98.5531,US,Winter Cereals,7.0,62.5,30.3,4.69,33.3,1.29,4.2,11.07,496.1,0.909,2029.0,193.8,34.94
48.9268,-98.454,US,Winter Cereals,7.2,60.6,27.5,4.67,32.0,1.27,4.2,11.07,496.1,0.909,2029.0,193.8,34.94
48.8697,-98.4403,US,Winter Cereals,7.3,63.3,27.5,4.9,31.8,1.25,4.2,11.07,496.1,0.909,2029.0,193.8,34.94
48.8946,-98.5563,US,Winter Cereals,7.0,63.6,30.5,4.72,33.0,1.28,4.2,11.07,496.1,0.909,2029.0,193.8,34.94
48.9144,-98.4154,US,Winter Cereals,7.2,62.8,27.7,4.94,33.3,1.27,4.2,11.07,496.1,0.909,2029.0,193.8,34.94
48.8997,-98.4329,US,Winter Cereals,7.2,62.8,27.4,4.67,32.9,1.26,4.2,11.07,496.1,0.909,2029.0,193.8,34.94
48.9216,-98.5039,US,Winter Cereals,7.2,63.0,28.8,4.96,34.4,1.27,4.2,11.07,496.1,0.909,2029.0,193.8,34.94
48.8634,-98.4654,US,Winter Cereals,7.1,59.2,29.6,5.24,32.9,1.28,4.2,11.07,496.1,0.909,2029.0,193.8,34.94
48.8549,-98.3789,US,Winter Cereals,7.1,63.6,27.3,5.22,29.7,1.27,4.2,11.07,496.1,0.909,2029.0,193.8,34.94
48.8927,-98.382,US,Winter Cereals,7.1,59.3,31.4,5.05,33.6,1.26,4.2,11.07,496.1,0.909,2029.0,193.8,34.94
48.885,-98.4214,US,Winter Cereals,7.3,62.1,27.6,5.17,31.9,1.26,4.2,11.07,496.1,0.909,2029.0,193.8,34.94
48.9072,-98.3481,US,Winter Cereals,7.1,60.7,29.7,5.11,33.9,1.27,4.47,11.08,517.5,0.904,2104.0,191.2,35.76
48.9039,-98.3442,US,Winter Cereals,7.0,63.4,30.1,4.9,34.1,1.27,4.47,11.08,517.5,0.904,2104.0,191.2,35.76
48.9292,-98.3481,US,Winter Cereals,6.9,59.3,31.1,5.12,34.8,1.28,4.47,11.08,517.5,0.904,2104.0,191.2,35.76
48.9151,-98.328,US,Winter Cereals,7.1,59.2,29.1,4.95,33.5,1.25,4.47,11.08,517.5,0.904,2104.0,191.2,35.76
48.9211,-98.24,US,Winter Cereals,7.0,57.7,30.3,5.12,33.4,1.27,4.47,11.08,517.5,0.904,2104.0,191.2,35.76
48.8723,-98.3259,US,Winter Cereals,7.1,61.0,27.4,5.15,31.1,1.26,4.47,11.08,517.5,0.904,2104.0,191.2,35.76
48.8804,-98.2373,US,Winter Cereals,7.1,63.2,30.1,5.07,31.7,1.26,4.47,11.08,517.5,0.904,2104.0,191.2,35.76
48.9233,-98.2254,US,Winter Cereals,7.0,56.0,29.8,4.58,32.5,1.27,4.47,11.08,517.5,0.904,2104.0,191.2,35.76
48.8544,-98.1868,US,Winter Cereals,7.1,54.2,29.0,4.92,31.5,1.26,4.47,11.08,517.5,0.904,2104.0,191.2,35.76
48.8994,-98.1665,US,Winter Cereals,7.0,59.8,30.1,4.48,34.3,1.28,4.47,11.08,517.5,0.904,2104.0,191.2,35.76
48.9024,-98.1658,US,Winter Cereals,7.1,61.4,29.6,4.57,34.3,1.27,4.47,11.08,517.5,0.904,2104.0,191.2,35.76
48.8493,-97.8691,US,Winter Cereals,6.8,59.4,35.3,4.5,30.5,1.26,4.47,11.08,517.5,0.904,2104.0,191.2,35.76
48.8571,-97.7758,US,Winter Cereals,7.1,71.0,38.4,3.54,29.5,1.3,4.47,11.08,517.5,0.904,2104.0,191.2,35.76
48.8666,-97.6136,US,Winter Cereals,7.3,52.3,43.6,4.56,34.3,1.3,4.83,11.34,533.3,0.886,2212.0,186.0,35.95
48.882,-97.5612,US,Winter Cereals,7.3,51.8,43.9,4.26,35.6,1.31,4.83,11.34,533.3,0.886,2212.0,186.0,35.95
48.899,-97.4944,US,Winter Cereals,7.4,54.3,40.7,4.41,36.8,1.3,4.83,11.34,533.3,0.886,2212.0,186.0,35.95
48.8611,-97.4833,US,Winter Cereals,7.4,57.7,42.4,4.4,35.6,1.32,4.83,11.34,533.3,0.886,2212.0,186.0,35.95
48.8791,-97.4083,US,Winter Cereals,7.5,58.8,43.8,4.63,38.3,1.28,4.83,11.34,533.3,0.886,2212.0,186.0,35.95
48.8728,-97.2697,US,Winter Cereals,7.6,52.8,48.3,4.71,39.0,1.23,4.83,11.34,533.3,0.886,2212.0,186.0,35.95
48.8787,-97.4101,US,Winter Cereals,7.5,60.4,45.6,4.7,37.9,1.27,4.83,11.34,533.3,0.886,2212.0,186.0,35.95
48.8709,-97.2574,US,Winter Cereals,7.6,51.8,47.2,4.78,39.7,1.25,4.83,11.34,533.3,0.886,2212.0,186.0,35.95
48.8559,-97.2699,US,Winter Cereals,7.5,55.7,44.4,4.69,38.6,1.28,4.83,11.34,533.3,0.886,2212.0,186.0,35.95
48.8714,-97.3244,US,Winter Cereals,7.6,49.5,50.4,4.34,38.9,1.33,4.83,11.34,533.3,0.886,2212.0,186.0,35.95
48.9292,-97.1989,US,Winter Cereals,7.6,55.5,46.9,4.94,39.0,1.27,4.83,11.34,533.3,0.886,2212.0,186.0,35.95
48.9148,-97.2346,US,Winter Cereals,7.6,57.2,48.8,4.91,38.6,1.29,4.83,11.34,533.3,0.886,2212.0,186.0,35.95
48.8901,-97.1452,US,Winter Cereals,7.5,60.0,42.4,4.84,38.9,1.28,4.83,11.34,533.3,0.886,2212.0,186.0,35.95
48.8681,-96.863,US,Winter Cereals,7.4,50.3,42.8,3.61,35.8,1.32,4.41,11.3,554.8,0.864,2150.0,188.4,38.51
48.8705,-97.2664,US,Winter Cereals,7.6,53.4,46.7,4.79,40.0,1.24,4.83,11.34,533.3,0.886,2212.0,186.0,35.95
48.9075,-96.509,US,Winter Cereals,7.2,52.8,15.0,3.82,30.1,1.19,3.96,11.0,570.5,0.855,2069.0,190.8,40.85
48.8515,-96.4093,US,Winter Cereals,7.1,54.5,19.3,3.78,35.5,1.14,3.96,11.0,570.5,0.855,2069.0,190.8,40.85
48.8791,-96.3743,US,Winter Cereals,7.3,45.8,14.8,3.36,33.6,1.26,3.96,11.0,570.5,0.855,2069.0,190.8,40.85
48.8551,-96.2111,US,Winter Cereals,7.3,45.0,17.2,2.97,33.5,1.25,3.96,11.0,570.5,0.855,2069.0,190.8,40.85
48.8551,-96.1263,US,Winter Cereals,7.3,42.2,23.1,3.35,33.7,1.28,3.96,11.0,570.5,0.855,2069.0,190.8,40.85
48.8929,-96.0819,US,Winter Cereals,7.3,64.3,26.0,3.54,35.3,1.26,3.96,11.0,570.5,0.855,2069.0,190.8,40.85
48.8586,-96.0016,US,Winter Cereals,7.2,44.9,36.8,3.94,42.8,1.3,3.96,11.0,570.5,0.855,2069.0,190.8,40.85
48.8608,-95.9993,US,Winter Cereals,7.3,47.7,34.8,3.66,39.3,1.34,3.96,11.0,570.5,0.855,2069.0,190.8,40.85
48.858,-95.9834,US,Winter Cereals,7.2,45.2,26.9,3.83,37.3,1.33,3.96,11.0,570.5,0.855,2069.0,190.8,40.85
48.9066,-95.9013,US,Winter Cereals,7.2,52.7,27.0,4.13,35.7,1.25,3.96,11.0,570.5,0.855,2069.0,190.8,40.85
48.859,-95.8961,US,Winter Cereals,7.1,40.2,24.7,3.46,31.4,1.25,3.96,11.0,570.5,0.855,2069.0,190.8,40.85
48.8988,-95.9482,US,Winter Cereals,7.2,59.1,29.4,5.23,40.8,1.27,3.96,11.0,570.5,0.855,2069.0,190.8,40.85
48.8895,-95.9399,US,Winter Cereals,7.2,51.1,29.6,4.58,41.8,1.3,3.96,11.0,570.5,0.855,2069.0,190.8,40.85
48.9146,-95.9364,US,Winter Cereals,7.1,52.6,28.6,4.14,39.6,1.29,3.96,11.0,570.5,0.855,2069.0,190.8,40.85
48.8579,-95.9757,US,Winter Cereals,7.3,47.1,26.4,3.82,37.1,1.33,3.96,11.0,570.5,0.855,2069.0,190.8,40.85
48.9147,-95.9352,US,Winter Cereals,7.1,54.3,29.2,4.28,40.0,1.3,3.96,11.0,570.5,0.855,2069.0,190.8,40.85
48.9036,-95.9189,US,Winter Cereals,7.2,60.0,27.5,4.69,39.0,1.27,3.96,11.0,570.5,0.855,2069.0,190.8,40.85
48.8688,-95.8635,US,Winter Cereals,7.1,39.0,23.1,3.15,31.7,1.32,3.92,10.38,581.7,0.83,2064.0,185.8,41.78
48.8653,-95.8674,US,Winter Cereals,6.9,41.0,21.5,3.29,29.9,1.27,3.92,10.38,581.7,0.83,2064.0,185.8,41.78
48.8796,-95.8611,US,Winter Cereals,6.9,40.2,18.0,3.63,35.1,1.26,3.92,10.38,581.7,0.83,2064.0,185.8,41.78
48.8757,-95.7976,US,Winter Cereals,7.2,47.0,22.0,3.74,35.7,1.34,3.92,10.38,581.7,0.83,2064.0,185.8,41.78
48.8765,-95.8649,US,Winter Cereals,7.1,41.4,19.5,3.52,35.8,1.33,3.92,10.38,581.7,0.83,2064.0,185.8,41.78
48.8504,-95.8343,US,Winter Cereals,7.1,42.9,20.4,2.76,30.0,1.35,3.92,10.38,581.7,0.83,2064.0,185.8,41.78
48.8754,-95.838,US,Winter Cereals,7.0,40.3,19.0,2.97,33.7,1.35,3.92,10.38,581.7,0.83,2064.0,185.8,41.78
48.873,-95.8358,US,Winter Cereals,7.2,38.5,19.2,2.95,35.1,1.36,3.92,10.38,581.7,0.83,2064.0,185.8,41.78
48.903,-95.8776,US,Winter Cereals,7.0,45.7,22.1,3.26,27.3,1.31,3.96,11.0,570.5,0.855,2069.0,190.8,40.85
48.8697,-95.8045,US,Winter Cereals,7.2,38.7,23.8,3.11,38.5,1.34,3.92,10.38,581.7,0.83,2064.0,185.8,41.78
48.8965,-95.8042,US,Winter Cereals,7.2,47.2,18.8,3.04,35.2,1.31,3.92,10.38,581.7,0.83,2064.0,185.8,41.78
48.8847,-95.8064,US,Winter Cereals,6.9,41.6,24.4,3.44,36.7,1.27,3.92,10.38,581.7,0.83,2064.0,185.8,41.78
48.8742,-95.865,US,Winter Cereals,7.1,39.2,17.0,3.52,36.0,1.34,3.92,10.38,581.7,0.83,2064.0,185.8,41.78
48.8873,-95.8582,US,Winter Cereals,7.1,38.3,19.2,2.9,36.3,1.3,3.92,10.38,581.7,0.83,2064.0,185.8,41.78
48.8623,-95.8398,US,Winter Cereals,7.2,41.3,23.0,3.08,31.2,1.3,3.92,10.38,581.7,0.83,2064.0,185.8,41.78
48.8909,-95.8641,US,Winter Cereals,7.2,37.8,19.7,2.93,34.6,1.32,3.92,10.38,581.7,0.83,2064.0,185.8,41.78
48.8611,-95.835,US,Winter Cereals,7.3,45.7,22.9,2.9,31.1,1.31,3.92,10.38,581.7,0.83,2064.0,185.8,41.78
48.8842,-95.8468,US,Winter Cereals,7.0,42.4,18.8,3.48,35.2,1.31,3.92,10.38,581.7,0.83,2064.0,185.8,41.78
48.8624,-95.8444,US,Winter Cereals,7.2,43.8,22.1,3.16,31.5,1.31,3.92,10.38,581.7,0.83,2064.0,185.8,41.78
48.8509,-95.7715,US,Winter Cereals,7.1,52.9,27.7,3.84,35.4,1.34,3.92,10.38,581.7,0.83,2064.0,185.8,41.78
48.8593,-95.7738,US,Winter Cereals,7.2,43.5,29.4,3.01,37.5,1.38,3.92,10.38,581.7,0.83,2064.0,185.8,41.78
48.8611,-95.7819,US,Winter Cereals,7.2,44.4,29.3,4.07,37.4,1.36,3.92,10.38,581.7,0.83,2064.0,185.8,41.78
48.8845,-95.7741,US,Winter Cereals,6.8,51.2,23.0,3.63,35.1,1.2,3.92,10.38,581.7,0.83,2064.0,185.8,41.78
48.8596,-95.7733,US,Winter Cereals,7.2,43.5,29.4,3.01,37.5,1.38,3.92,10.38,581.7,0.83,2064.0,185.8,41.78
48.8513,-95.7794,US,Winter Cereals,7.2,43.5,30.7,3.94,39.0,1.33,3.92,10.38,581.7,0.83,2064.0,185.8,41.78
48.8633,-95.7835,US,Winter Cereals,7.2,48.5,24.4,3.89,38.1,1.34,3.92,10.38,581.7,0.83,2064.0,185.8,41.78
48.9044,-95.7602,US,Winter Cereals,7.2,51.9,23.6,3.77,36.2,1.31,3.92,10.38,581.7,0.83,2064.0,185.8,41.78
48.8617,-95.6939,US,Winter Cereals,7.3,48.8,21.8,3.53,33.6,1.3,3.92,10.38,581.7,0.83,2064.0,185.8,41.78
48.8596,-95.6318,US,Winter Cereals,7.3,49.2,24.5,3.13,35.3,1.3,3.92,10.38,581.7,0.83,2064.0,185.8,41.78
48.8993,-95.6597,US,Winter Cereals,7.3,50.0,21.1,3.34,38.4,1.32,3.92,10.38,581.7,0.83,2064.0,185.8,41.78
48.8871,-95.6691,US,Winter Cereals,7.2,49.9,18.9,3.6,39.2,1.27,3.92,10.38,581.7,0.83,2064.0,185.8,41.78
48.8788,-95.6094,US,Winter Cereals,6.8,56.7,20.5,4.18,32.1,1.2,3.92,10.38,581.7,0.83,2064.0,185.8,41.78
48.8787,-95.6134,US,Winter Cereals,6.9,51.9,19.6,3.79,38.2,1.3,3.92,10.38,581.7,0.83,2064.0,185.8,41.78
48.8804,-95.6134,US,Winter Cereals,6.9,51.9,19.6,3.79,38.2,1.3,3.92,10.38,581.7,0.83,2064.0,185.8,41.78
48.9281,-95.4783,US,Winter Cereals,7.3,47.5,19.2,2.85,33.4,1.31,3.92,10.38,581.7,0.83,2064.0,185.8,41.78
48.9291,-95.4799,US,Winter Cereals,7.2,45.9,19.3,3.19,34.6,1.3,3.92,10.38,581.7,0.83,2064.0,185.8,41.78
48.9259,-95.4761,US,Winter Cereals,7.2,48.5,19.7,3.17,33.3,1.27,3.92,10.38,581.7,0.83,2064.0,185.8,41.78
48.8855,-95.3556,US,Winter Cereals,7.2,62.5,17.0,3.18,38.4,1.26,3.92,10.38,581.7,0.83,2064.0,185.8,41.78
48.9211,-95.3632,US,Winter Cereals,6.8,49.1,18.7,3.1,27.7,1.15,3.92,10.38,581.7,0.83,2064.0,185.8,41.78
48.8682,-95.2476,US,Winter Cereals,7.0,58.2,17.6,3.61,30.9,1.22,4.06,9.02,589.9,0.777,2116.0,176.2,41.94
48.8733,-95.2416,US,Winter Cereals,7.1,67.0,17.1,4.32,30.8,1.22,4.06,9.02,589.9,0.777,2116.0,176.2,41.94
48.8754,-95.2334,US,Winter Cereals,6.9,68.1,16.9,4.02,29.6,1.17,3.92,10.38,581.7,0.83,2064.0,185.8,41.78
48.8532,-95.1544,US,Winter Cereals,7.2,44.1,18.3,3.53,35.2,1.3,4.06,9.02,589.9,0.777,2116.0,176.2,41.94
48.8603,-95.1121,US,Winter Cereals,7.2,46.1,20.3,3.32,33.9,1.28,4.06,9.02,589.9,0.777,2116.0,176.2,41.94
48.8726,-95.17,US,Winter Cereals,7.3,56.8,19.5,3.8,35.4,1.24,4.06,9.02,589.9,0.777,2116.0,176.2,41.94
48.8744,-95.1745,US,Winter Cereals,7.1,51.0,19.4,3.89,39.5,1.2,4.06,9.02,589.9,0.777,2116.0,176.2,41.94
48.858,-95.1234,US,Winter Cereals,7.2,54.2,21.5,3.18,37.6,1.25,4.06,9.02,589.9,0.777,2116.0,176.2,41.94
48.8542,-95.2937,US,Winter Cereals,7.2,53.7,16.4,3.07,34.6,1.27,4.06,9.02,589.9,0.777,2116.0,176.2,41.94
48.8582,-95.1163,US,Winter Cereals,7.2,45.1,21.4,3.24,37.8,1.27,4.06,9.02,589.9,0.777,2116.0,176.2,41.94
48.851,-95.1918,US,Winter Cereals,7.2,46.6,17.4,3.36,33.0,1.29,4.06,9.02,589.9,0.777,2116.0,176.2,41.94
48.8504,-95.1368,US,Winter Cereals,6.6,59.5,20.3,3.65,35.5,1.13,4.06,9.02,589.9,0.777,2116.0,176.2,41.94
48.8586,-95.1654,US,Winter Cereals,7.2,49.4,19.4,3.48,37.0,1.28,4.06,9.02,589.9,0.777,2116.0,176.2,41.94
48.8996,-95.0747,US,Winter Cereals,7.2,50.6,20.1,2.58,37.5,1.27,4.06,9.02,589.9,0.777,2116.0,176.2,41.94
48.9019,-95.0681,US,Winter Cereals,7.4,50.7,20.2,3.28,40.9,1.31,4.06,9.02,589.9,0.777,2116.0,176.2,41.94
48.8938,-95.0858,US,Winter Cereals,7.2,54.6,20.9,3.68,40.5,1.28,4.06,9.02,589.9,0.777,2116.0,176.2,41.94
48.8971,-95.0525,US,Winter Cereals,6.8,51.1,22.9,3.38,30.8,1.18,4.06,9.02,589.9,0.777,2116.0,176.2,41.94
48.9156,-95.06,US,Winter Cereals,7.2,54.8,18.0,3.73,32.5,1.3,4.06,9.02,589.9,0.777,2116.0,176.2,41.94
48.8476,-95.0759,US,Winter Cereals,7.1,44.4,17.7,2.96,33.3,1.25,4.06,9.02,589.9,0.777,2116.0,176.2,41.94
48.9276,-95.0429,US,Winter Cereals,6.8,53.7,19.0,3.62,34.7,1.26,4.06,9.02,589.9,0.777,2116.0,176.2,41.94
48.8596,-95.105,US,Winter Cereals,7.1,44.5,21.0,3.31,32.1,1.26,4.06,9.02,589.9,0.777,2116.0,176.2,41.94
48.9066,-95.0153,US,Winter Cereals,6.8,49.8,21.2,3.46,32.1,1.24,4.06,9.02,589.9,0.777,2116.0,176.2,41.94
48.8939,-95.0897,US,Winter Cereals,7.3,55.0,21.1,3.51,40.8,1.26,4.06,9.02,589.9,0.777,2116.0,176.2,41.94
48.915,-95.0218,US,Winter Cereals,6.5,48.1,18.5,3.58,31.1,1.22,4.06,9.02,589.9,0.777,2116.0,176.2,41.94
48.9076,-95.0133,US,Winter Cereals,6.5,46.8,21.9,3.47,28.6,1.18,4.06,9.02,589.9,0.777,2116.0,176.2,41.94
48.8851,-95.0443,US,Winter Cereals,7.2,48.4,20.6,3.81,34.5,1.32,4.06,9.02,589.9,0.777,2116.0,176.2,41.94
48.859,-94.9546,US,Winter Cereals,7.0,49.3,19.4,3.89,36.1,1.25,4.06,9.02,589.9,0.777,2116.0,176.2,41.94
48.9147,-94.9128,US,Winter Cereals,7.1,55.7,14.1,3.5,40.3,1.28,4.06,9.02,589.9,0.777,2116.0,176.2,41.94
48.8528,-94.8764,US,Winter Cereals,6.6,48.5,18.9,3.33,34.1,1.11,4.06,9.02,589.9,0.777,2116.0,176.2,41.94
48.8426,-103.9862,US,Winter Cereals,7.3,48.1,28.5,3.38,22.5,1.2,5.83,11.71,402.0,0.934,2191.0,183.8,25.39
48.8711,-94.927,US,Winter Cereals,7.1,53.7,17.6,4.01,33.1,1.25,4.06,9.02,589.9,0.777,2116.0,176.2,41.94
48.8454,-103.7821,US,Winter Cereals,7.2,54.2,29.6,4.2,25.2,1.18,5.83,11.71,402.0,0.934,2191.0,183.8,25.39
48.7886,-103.7548,US,Winter Cereals,7.4,49.4,30.0,3.55,25.2,1.22,5.83,11.71,402.0,0.934,2191.0,183.8,25.39
48.8051,-103.9512,US,Winter Cereals,7.3,44.7,31.7,3.48,23.6,1.19,5.83,11.71,402.0,0.934,2191.0,183.8,25.39
48.805,-103.6849,US,Winter Cereals,7.3,50.1,30.1,3.65,26.5,1.18,5.83,11.71,402.0,0.934,2191.0,183.8,25.39
48.8392,-103.4624,US,Winter Cereals,7.0,49.9,31.4,3.52,24.4,1.21,5.85,11.72,393.7,0.94,2220.0,184.4,24.84
48.783,-103.7546,US,Winter Cereals,7.5,49.0,29.5,3.43,25.0,1.23,5.83,11.71,402.0,0.934,2191.0,183.8,25.39
48.8106,-103.4689,US,Winter Cereals,7.1,48.0,34.4,3.54,25.2,1.21,5.85,11.72,393.7,0.94,2220.0,184.4,24.84
48.7772,-103.1715,US,Winter Cereals,7.1,54.3,32.5,3.79,24.5,1.17,5.85,11.72,393.7,0.94,2220.0,184.4,24.84
48.7867,-103.4555,US,Winter Cereals,7.1,47.7,33.2,3.42,22.2,1.19,5.85,11.72,393.7,0.94,2220.0,184.4,24.84
48.7785,-102.9639,US,Winter Cereals,6.9,55.2,32.6,4.32,24.5,1.21,5.85,11.72,393.7,0.94,2220.0,184.4,24.84
48.8014,-102.8667,US,Winter Cereals,6.7,64.2,31.6,4.08,26.9,1.18,5.62,11.68,409.6,0.921,2200.0,186.8,26.22
48.836,-102.8114,US,Winter Cereals,7.0,51.8,25.8,4.06,25.1,1.14,5.62,11.68,409.6,0.921,2200.0,186.8,26.22
48.8035,-103.0119,US,Winter Cereals,6.9,55.8,28.4,4.06,24.5,1.17,5.85,11.72,393.7,0.94,2220.0,184.4,24.84
48.8031,-102.8781,US,Winter Cereals,6.9,61.7,28.7,4.45,26.0,1.17,5.85,11.72,393.7,0.94,2220.0,184.4,24.84
48.7944,-102.8669,US,Winter Cereals,6.8,59.4,30.5,4.23,25.5,1.18,5.62,11.68,409.6,0.921,2200.0,186.8,26.22
48.8327,-102.8646,US,Winter Cereals,6.9,59.7,30.8,4.19,26.6,1.15,5.62,11.68,409.6,0.921,2200.0,186.8,26.22
48.7879,-102.8693,US,Winter Cereals,6.9,58.3,32.1,4.08,24.2,1.2,5.62,11.68,409.6,0.921,2200.0,186.8,26.22
48.7949,-102.7904,US,Winter Cereals,7.0,66.6,31.0,4.59,25.8,1.14,5.62,11.68,409.6,0.921,2200.0,186.8,26.22
48.7823,-102.7389,US,Winter Cereals,6.8,66.8,29.7,4.44,25.6,1.13,5.62,11.68,409.6,0.921,2200.0,186.8,26.22
48.7958,-102.8053,US,Winter Cereals,6.9,63.4,32.8,4.8,25.8,1.16,5.62,11.68,409.6,0.921,2200.0,186.8,26.22
48.7745,-102.6779,US,Winter Cereals,6.9,57.3,31.4,4.38,25.6,1.17,5.62,11.68,409.6,0.921,2200.0,186.8,26.22
48.7991,-102.8604,US,Winter Cereals,6.8,62.9,30.3,4.49,27.1,1.17,5.62,11.68,409.6,0.921,2200.0,186.8,26.22
48.7761,-102.1965,US,Winter Cereals,6.8,57.2,25.9,4.53,24.2,1.17,5.62,11.68,409.6,0.921,2200.0,186.8,26.22
48.7671,-102.2184,US,Winter Cereals,6.9,55.6,26.5,4.39,24.3,1.18,5.62,11.68,409.6,0.921,2200.0,186.8,26.22
48.7687,-102.2597,US,Winter Cereals,6.9,60.4,27.2,4.46,23.7,1.14,5.62,11.68,409.6,0.921,2200.0,186.8,26.22
48.7668,-102.2169,US,Winter Cereals,6.9,55.6,26.5,4.39,24.3,1.18,5.62,11.68,409.6,0.921,2200.0,186.8,26.22
48.8183,-102.2332,US,Winter Cereals,6.9,58.5,25.7,5.06,23.5,1.15,5.62,11.68,409.6,0.921,2200.0,186.8,26.22
48.7714,-102.1918,US,Winter Cereals,6.7,58.3,26.1,4.52,24.4,1.17,5.62,11.68,409.6,0.921,2200.0,186.8,26.22
48.7727,-102.1312,US,Winter Cereals,6.5,56.8,23.7,4.48,25.4,1.15,5.62,11.68,409.6,0.921,2200.0,186.8,26.22
48.7757,-102.1918,US,Winter Cereals,6.8,56.2,25.3,4.48,24.3,1.17,5.62,11.68,409.6,0.921,2200.0,186.8,26.22
48.7865,-102.0746,US,Winter Cereals,6.7,58.5,22.0,4.6,25.9,1.19,5.39,11.67,439.5,0.892,2181.0,188.0,28.55
48.8416,-101.939,US,Winter Cereals,6.8,62.0,23.9,4.59,24.7,1.14,5.39,11.67,439.5,0.892,2181.0,188.0,28.55
48.8333,-101.9435,US,Winter Cereals,6.8,71.4,23.6,5.03,27.5,1.12,5.39,11.67,439.5,0.892,2181.0,188.0,28.55
48.8242,-101.9806,US,Winter Cereals,6.9,65.2,22.8,4.63,25.7,1.1,5.39,11.67,439.5,0.892,2181.0,188.0,28.55
48.8379,-101.9549,US,Winter Cereals,6.9,60.5,23.7,4.84,25.8,1.13,5.39,11.67,439.5,0.892,2181.0,188.0,28.55
48.8332,-101.8888,US,Winter Cereals,6.9,58.1,26.4,4.65,26.4,1.1,5.39,11.67,439.5,0.892,2181.0,188.0,28.55
48.7905,-101.7327,US,Winter Cereals,7.4,60.1,24.1,4.86,24.7,1.1,5.39,11.67,439.5,0.892,2181.0,188.0,28.55
48.8261,-101.9197,US,Winter Cereals,6.9,62.5,22.4,4.62,24.8,1.13,5.39,11.67,439.5,0.892,2181.0,188.0,28.55
48.8011,-101.6958,US,Winter Cereals,7.6,62.2,23.2,4.9,23.7,1.12,5.39,11.67,439.5,0.892,2181.0,188.0,28.55
48.8316,-101.7008,US,Winter Cereals,7.4,61.4,25.7,4.77,24.8,1.13,5.39,11.67,439.5,0.892,2181.0,188.0,28.55
48.8006,-101.7036,US,Winter Cereals,7.5,66.8,23.9,5.03,23.5,1.1,5.39,11.67,439.5,0.892,2181.0,188.0,28.55
48.7741,-101.6986,US,Winter Cereals,7.4,65.5,24.6,5.2,24.7,1.12,5.39,11.67,439.5,0.892,2181.0,188.0,28.55
48.7776,-101.7078,US,Winter Cereals,7.3,68.1,23.4,4.8,23.6,1.09,5.39,11.67,439.5,0.892,2181.0,188.0,28.55
48.8284,-102.7075,US,Winter Cereals,6.7,57.6,26.6,4.07,25.1,1.13,5.62,11.68,409.6,0.921,2200.0,186.8,26.22
48.7811,-101.6549,US,Winter Cereals,7.5,67.3,24.3,4.82,25.0,1.16,5.39,11.67,439.5,0.892,2181.0,188.0,28.55
48.8166,-101.4432,US,Winter Cereals,7.5,74.1,23.9,5.07,25.6,1.14,5.39,11.67,439.5,0.892,2181.0,188.0,28.55
48.8245,-99.3791,US,Winter Cereals,7.0,62.9,26.7,5.42,29.6,1.23,4.16,11.23,480.2,0.905,2011.0,194.4,33.91
48.8242,-98.7679,US,Winter Cereals,7.0,69.8,27.7,5.7,35.4,1.23,4.2,11.07,496.1,0.909,2029.0,193.8,34.94
48.8166,-98.6879,US,Winter Cereals,7.2,62.4,29.3,5.24,33.7,1.24,4.2,11.07,496.1,0.909,2029.0,193.8,34.94
48.78,-99.3743,US,Winter Cereals,6.9,62.5,24.7,5.12,28.6,1.26,4.16,11.23,480.2,0.905,2011.0,194.4,33.91
48.8076,-98.5299,US,Winter Cereals,7.3,64.1,28.7,5.13,32.6,1.22,4.2,11.07,496.1,0.909,2029.0,193.8,34.94
48.7816,-98.4654,US,Winter Cereals,7.3,61.0,38.0,4.89,31.8,1.23,4.2,11.07,496.1,0.909,2029.0,193.8,34.94
48.8121,-98.4434,US,Winter Cereals,7.2,62.0,30.6,5.31,30.3,1.27,4.2,11.07,496.1,0.909,2029.0,193.8,34.94
48.766,-101.622,US,Winter Cereals,7.5,72.0,23.2,4.89,26.1,1.13,5.39,11.67,439.5,0.892,2181.0,188.0,28.55
48.8321,-98.4624,US,Winter Cereals,7.3,60.5,31.9,5.44,32.2,1.25,4.2,11.07,496.1,0.909,2029.0,193.8,34.94
48.7876,-98.4356,US,Winter Cereals,7.2,57.9,32.2,4.82,31.2,1.23,4.2,11.07,496.1,0.909,2029.0,193.8,34.94
48.7772,-98.3487,US,Winter Cereals,7.1,63.1,29.9,5.48,32.1,1.2,4.47,11.08,517.5,0.904,2104.0,191.2,35.76
48.8365,-98.3329,US,Winter Cereals,7.2,64.9,33.3,5.04,30.9,1.25,4.47,11.08,517.5,0.904,2104.0,191.2,35.76
48.7688,-98.289,US,Winter Cereals,7.0,66.8,34.0,5.37,32.1,1.25,4.47,11.08,517.5,0.904,2104.0,191.2,35.76
48.786,-98.2859,US,Winter Cereals,7.1,58.7,34.5,4.71,32.3,1.23,4.47,11.08,517.5,0.904,2104.0,191.2,35.76
48.7874,-98.2989,US,Winter Cereals,7.1,61.0,34.8,5.02,31.6,1.23,4.47,11.08,517.5,0.904,2104.0,191.2,35.76
48.7623,-98.2991,US,Winter Cereals,6.7,76.0,35.7,5.73,31.7,1.27,4.47,11.08,517.5,0.904,2104.0,191.2,35.76
48.7916,-98.2295,US,Winter Cereals,7.0,60.0,29.9,4.6,30.7,1.25,4.47,11.08,517.5,0.904,2104.0,191.2,35.76
48.8101,-98.2676,US,Winter Cereals,7.0,63.0,30.8,4.85,30.0,1.27,4.47,11.08,517.5,0.904,2104.0,191.2,35.76
48.7689,-98.2151,US,Winter Cereals,6.6,61.5,32.6,5.21,29.1,1.21,4.47,11.08,517.5,0.904,2104.0,191.2,35.76
48.8068,-98.2372,US,Winter Cereals,7.0,61.7,32.8,4.74,30.8,1.25,4.47,11.08,517.5,0.904,2104.0,191.2,35.76
48.7845,-98.2354,US,Winter Cereals,7.1,63.4,33.0,5.12,30.2,1.28,4.47,11.08,517.5,0.904,2104.0,191.2,35.76
48.7688,-98.2233,US,Winter Cereals,7.0,58.8,32.6,4.82,30.2,1.25,4.47,11.08,517.5,0.904,2104.0,191.2,35.76
48.7671,-98.2599,US,Winter Cereals,7.1,62.3,34.5,5.61,32.5,1.25,4.47,11.08,517.5,0.904,2104.0,191.2,35.76
48.788,-98.1536,US,Winter Cereals,7.0,59.1,30.0,4.96,30.4,1.25,4.47,11.08,517.5,0.904,2104.0,191.2,35.76
48.7873,-98.1687,US,Winter Cereals,7.0,54.8,30.5,4.68,30.9,1.24,4.47,11.08,517.5,0.904,2104.0,191.2,35.76
48.8152,-97.6174,US,Winter Cereals,7.4,53.9,44.3,4.66,34.1,1.33,4.83,11.34,533.3,0.886,2212.0,186.0,35.95
48.8169,-97.5869,US,Winter Cereals,7.4,58.0,45.1,4.64,34.3,1.28,4.83,11.34,533.3,0.886,2212.0,186.0,35.95
48.7985,-98.1549,US,Winter Cereals,6.9,60.3,29.8,5.11,30.9,1.26,4.47,11.08,517.5,0.904,2104.0,191.2,35.76
48.7714,-97.5296,US,Winter Cereals,7.5,51.1,42.3,4.14,35.3,1.32,4.83,11.34,533.3,0.886,2212.0,186.0,35.95
48.7677,-97.5431,US,Winter Cereals,7.3,48.8,39.5,4.34,35.4,1.3,4.83,11.34,533.3,0.886,2212.0,186.0,35.95
48.7726,-97.471,US,Winter Cereals,7.5,49.1,42.7,4.33,35.0,1.3,4.83,11.34,533.3,0.886,2212.0,186.0,35.95
48.7989,-97.4299,US,Winter Cereals,7.5,50.4,47.0,4.2,36.4,1.3,4.83,11.34,533.3,0.886,2212.0,186.0,35.95
48.774,-97.4748,US,Winter Cereals,7.5,50.8,41.8,4.45,34.7,1.29,4.83,11.34,533.3,0.886,2212.0,186.0,35.95
48.7976,-97.4319,US,Winter Cereals,7.5,50.0,44.2,4.47,36.2,1.29,4.83,11.34,533.3,0.886,2212.0,186.0,35.95
48.7976,-97.4319,US,Winter Cereals,7.5,50.0,44.2,4.47,36.2,1.29,4.83,11.34,533.3,0.886,2212.0,186.0,35.95
48.7982,-97.4324,US,Winter Cereals,7.5,51.7,46.5,4.47,36.4,1.3,4.83,11.34,533.3,0.886,2212.0,186.0,35.95
48.7982,-97.4324,US,Winter Cereals,7.5,51.7,46.5,4.47,36.4,1.3,4.83,11.34,533.3,0.886,2212.0,186.0,35.95
48.7733,-97.4753,US,Winter Cereals,7.5,50.8,41.8,4.45,34.7,1.29,4.83,11.34,533.3,0.886,2212.0,186.0,35.95
48.8006,-97.3914,US,Winter Cereals,7.6,56.3,42.9,4.58,35.3,1.31,4.83,11.34,533.3,0.886,2212.0,186.0,35.95
48.7635,-97.3764,US,Winter Cereals,7.6,49.8,45.2,4.32,34.8,1.29,4.83,11.34,533.3,0.886,2212.0,186.0,35.95
48.8035,-97.4569,US,Winter Cereals,7.5,52.3,47.4,4.58,37.4,1.31,4.83,11.34,533.3,0.886,2212.0,186.0,35.95
48.7642,-97.4106,US,Winter Cereals,7.4,52.9,41.4,4.52,34.1,1.27,4.83,11.34,533.3,0.886,2212.0,186.0,35.95
48.8381,-97.4069,US,Winter Cereals,7.6,51.9,42.7,4.37,35.6,1.27,4.83,11.34,533.3,0.886,2212.0,186.0,35.95
48.7791,-97.287,US,Winter Cereals,7.6,56.8,42.9,4.35,35.8,1.31,4.83,11.34,533.3,0.886,2212.0,186.0,35.95
48.8376,-97.2876,US,Winter Cereals,7.6,54.5,46.8,4.58,39.0,1.3,4.83,11.34,533.3,0.886,2212.0,186.0,35.95
48.7951,-97.1769,US,Winter Cereals,7.4,58.5,50.3,5.25,39.0,1.33,4.83,11.34,533.3,0.886,2212.0,186.0,35.95
48.8291,-97.0432,US,Winter Cereals,7.3,60.3,56.5,5.08,39.0,1.28,4.41,11.3,554.8,0.864,2150.0,188.4,38.51
48.804,-97.0859,US,Winter Cereals,7.3,58.1,48.2,4.57,38.6,1.29,4.41,11.3,554.8,0.864,2150.0,188.4,38.51
48.8142,-96.9636,US,Winter Cereals,7.6,47.0,44.5,4.4,36.8,1.31,4.41,11.3,554.8,0.864,2150.0,188.4,38.51
48.767,-96.8782,US,Winter Cereals,7.2,54.4,51.3,4.56,37.5,1.26,4.41,11.3,554.8,0.864,2150.0,188.4,38.51
48.8021,-96.8264,US,Winter Cereals,7.4,50.6,42.5,4.12,32.7,1.34,4.41,11.3,554.8,0.864,2150.0,188.4,38.51
48.8211,-97.0037,US,Winter Cereals,7.5,50.6,52.9,4.01,42.6,1.3,4.41,11.3,554.8,0.864,2150.0,188.4,38.51
48.7792,-96.8157,US,Winter Cereals,7.2,54.8,35.2,4.52,33.1,1.32,4.41,11.3,554.8,0.864,2150.0,188.4,38.51
48.8236,-96.8748,US,Winter Cereals,7.3,49.2,51.3,3.84,39.9,1.33,4.41,11.3,554.8,0.864,2150.0,188.4,38.51
48.7795,-96.7811,US,Winter Cereals,7.3,48.2,30.5,3.96,32.2,1.38,4.41,11.3,554.8,0.864,2150.0,188.4,38.51
48.8305,-96.7126,US,Winter Cereals,7.1,62.4,25.1,3.03,34.4,1.22,4.41,11.3,554.8,0.864,2150.0,188.4,38.51
48.7811,-96.3316,US,Winter Cereals,7.3,48.6,16.5,3.65,32.6,1.32,3.96,11.0,570.5,0.855,2069.0,190.8,40.85
48.7667,-96.8094,US,Winter Cereals,7.2,50.9,40.9,4.24,34.8,1.34,4.41,11.3,554.8,0.864,2150.0,188.4,38.51
48.7981,-96.3658,US,Winter Cereals,7.2,52.3,16.4,3.36,39.9,1.21,3.96,11.0,570.5,0.855,2069.0,190.8,40.85
48.8171,-96.1382,US,Winter Cereals,7.3,42.6,26.5,3.02,29.8,1.29,3.96,11.0,570.5,0.855,2069.0,190.8,40.85
48.8211,-96.1101,US,Winter Cereals,7.3,38.9,25.2,3.15,33.4,1.3,3.96,11.0,570.5,0.855,2069.0,190.8,40.85
48.7946,-96.0794,US,Winter Cereals,7.2,45.5,27.7,3.36,37.9,1.31,3.96,11.0,570.5,0.855,2069.0,190.8,40.85
48.7826,-96.0936,US,Winter Cereals,7.3,43.9,26.1,3.85,40.8,1.31,3.96,11.0,570.5,0.855,2069.0,190.8,40.85
48.8151,-96.1101,US,Winter Cereals,6.9,42.4,25.9,3.0,32.8,1.22,3.96,11.0,570.5,0.855,2069.0,190.8,40.85
48.7841,-96.0875,US,Winter Cereals,6.8,56.2,26.4,3.9,40.0,1.23,3.96,11.0,570.5,0.855,2069.0,190.8,40.85
48.8146,-96.0974,US,Winter Cereals,7.3,39.6,28.4,2.9,35.5,1.33,3.96,11.0,570.5,0.855,2069.0,190.8,40.85
48.7917,-96.1109,US,Winter Cereals,7.3,43.6,25.2,3.29,37.6,1.33,3.96,11.0,570.5,0.855,2069.0,190.8,40.85
48.7936,-96.0602,US,Winter Cereals,7.2,51.6,29.9,3.41,41.7,1.31,3.96,11.0,570.5,0.855,2069.0,190.8,40.85
48.7693,-95.9816,US,Winter Cereals,7.3,46.2,20.2,2.88,32.7,1.36,3.96,11.0,570.5,0.855,2069.0,190.8,40.85
48.8301,-96.0018,US,Winter Cereals,7.3,48.6,26.2,3.5,35.3,1.34,3.96,11.0,570.5,0.855,2069.0,190.8,40.85
48.8101,-96.0989,US,Winter Cereals,7.2,38.1,28.8,2.76,36.5,1.33,3.96,11.0,570.5,0.855,2069.0,190.8,40.85
48.834,-96.0278,US,Winter Cereals,7.3,45.0,24.8,3.64,38.5,1.32,3.96,11.0,570.5,0.855,2069.0,190.8,40.85
48.7685,-95.98,US,Winter Cereals,7.3,46.2,20.2,2.88,32.7,1.36,3.96,11.0,570.5,0.855,2069.0,190.8,40.85
48.8126,-95.9934,US,Winter Cereals,7.3,48.5,23.4,3.96,37.7,1.33,3.96,11.0,570.5,0.855,2069.0,190.8,40.85
48.829,-96.033,US,Winter Cereals,7.0,43.1,24.7,3.5,33.4,1.28,3.96,11.0,570.5,0.855,2069.0,190.8,40.85
48.7948,-95.9302,US,Winter Cereals,7.3,42.8,21.7,3.07,34.0,1.34,3.96,11.0,570.5,0.855,2069.0,190.8,40.85
48.806,-95.9274,US,Winter Cereals,7.3,44.6,21.4,3.14,34.4,1.33,3.96,11.0,570.5,0.855,2069.0,190.8,40.85
48.7845,-95.9571,US,Winter Cereals,7.2,49.6,26.2,3.28,37.8,1.32,3.96,11.0,570.5,0.855,2069.0,190.8,40.85
48.8073,-95.9349,US,Winter Cereals,7.3,44.1,21.3,3.19,34.7,1.33,3.96,11.0,570.5,0.855,2069.0,190.8,40.85
48.7634,-95.907,US,Winter Cereals,7.1,48.1,24.1,3.59,36.5,1.32,3.96,11.0,570.5,0.855,2069.0,190.8,40.85
48.801,-95.9071,US,Winter Cereals,7.3,41.6,24.0,3.42,34.7,1.33,3.96,11.0,570.5,0.855,2069.0,190.8,40.85
48.7633,-95.933,US,Winter Cereals,7.2,48.2,22.8,4.06,34.7,1.33,3.96,11.0,570.5,0.855,2069.0,190.8,40.85
48.7637,-95.7975,US,Winter Cereals,7.2,48.2,18.3,3.31,39.4,1.34,3.92,10.38,581.7,0.83,2064.0,185.8,41.78
48.7878,-95.8102,US,Winter Cereals,7.2,50.7,20.8,3.78,35.7,1.35,3.92,10.38,581.7,0.83,2064.0,185.8,41.78
48.785,-95.8016,US,Winter Cereals,7.3,44.9,22.0,3.9,36.7,1.36,3.92,10.38,581.7,0.83,2064.0,185.8,41.78
48.7661,-95.8643,US,Winter Cereals,7.2,46.2,20.6,3.52,37.0,1.37,3.92,10.38,581.7,0.83,2064.0,185.8,41.78
48.8136,-96.198,US,Winter Cereals,7.3,46.2,23.3,3.25,31.6,1.24,3.96,11.0,570.5,0.855,2069.0,190.8,40.85
48.7943,-95.8182,US,Winter Cereals,7.3,53.7,18.5,3.87,36.6,1.36,3.92,10.38,581.7,0.83,2064.0,185.8,41.78
48.7816,-95.8039,US,Winter Cereals,7.3,46.9,22.1,3.85,37.2,1.37,3.92,10.38,581.7,0.83,2064.0,185.8,41.78
48.8086,-95.7971,US,Winter Cereals,7.3,41.9,20.2,3.23,35.3,1.34,3.92,10.38,581.7,0.83,2064.0,185.8,41.78
48.7872,-95.8037,US,Winter Cereals,7.3,51.8,21.5,3.68,36.9,1.34,3.92,10.38,581.7,0.83,2064.0,185.8,41.78
48.7944,-95.8124,US,Winter Cereals,7.3,51.6,19.5,3.64,36.9,1.35,3.92,10.38,581.7,0.83,2064.0,185.8,41.78
48.809,-95.8456,US,Winter Cereals,7.2,43.7,19.3,3.24,36.6,1.36,3.92,10.38,581.7,0.83,2064.0,185.8,41.78
48.788,-95.8333,US,Winter Cereals,7.2,46.2,16.9,3.02,33.6,1.35,3.92,10.38,581.7,0.83,2064.0,185.8,41.78
48.7901,-95.8121,US,Winter Cereals,7.3,51.7,20.6,3.56,37.3,1.35,3.92,10.38,581.7,0.83,2064.0,185.8,41.78
48.8312,-95.8324,US,Winter Cereals,7.3,51.1,24.0,3.56,38.1,1.34,3.92,10.38,581.7,0.83,2064.0,185.8,41.78
48.8035,-95.813,US,Winter Cereals,7.3,48.7,22.0,3.39,33.9,1.35,3.92,10.38,581.7,0.83,2064.0,185.8,41.78
48.7957,-95.8216,US,Winter Cereals,7.0,46.4,19.2,3.39,32.0,1.25,3.92,10.38,581.7,0.83,2064.0,185.8,41.78
48.815,-95.7429,US,Winter Cereals,6.7,67.1,23.0,4.85,32.2,1.19,3.92,10.38,581.7,0.83,2064.0,185.8,41.78
48.8131,-95.7411,US,Winter Cereals,7.3,50.4,22.7,4.45,37.2,1.3,3.92,10.38,581.7,0.83,2064.0,185.8,41.78
48.7661,-95.7889,US,Winter Cereals,7.3,50.6,19.8,3.34,41.6,1.36,3.92,10.38,581.7,0.83,2064.0,185.8,41.78
48.8125,-95.7476,US,Winter Cereals,7.3,45.1,20.1,4.21,39.0,1.3,3.92,10.38,581.7,0.83,2064.0,185.8,41.78
48.774,-95.7799,US,Winter Cereals,7.2,45.9,21.8,3.24,40.0,1.35,3.92,10.38,581.7,0.83,2064.0,185.8,41.78
48.8136,-95.7469,US,Winter Cereals,7.3,48.1,22.8,3.94,39.3,1.3,3.92,10.38,581.7,0.83,2064.0,185.8,41.78
48.8167,-95.8461,US,Winter Cereals,7.3,48.1,20.0,3.42,38.9,1.35,3.92,10.38,581.7,0.83,2064.0,185.8,41.78
48.7888,-95.7861,US,Winter Cereals,7.0,40.1,20.1,2.92,33.1,1.33,3.92,10.38,581.7,0.83,2064.0,185.8,41.78
48.8129,-95.7526,US,Winter Cereals,7.3,47.3,19.8,3.62,39.1,1.3,3.92,10.38,581.7,0.83,2064.0,185.8,41.78
48.7917,-95.763,US,Winter Cereals,7.3,45.8,23.8,3.43,36.5,1.31,3.92,10.38,581.7,0.83,2064.0,185.8,41.78
48.7806,-95.7147,US,Winter Cereals,7.2,56.1,21.5,3.47,36.2,1.31,3.92,10.38,581.7,0.83,2064.0,185.8,41.78
48.7914,-95.7616,US,Winter Cereals,7.3,45.8,23.8,3.43,36.5,1.31,3.92,10.38,581.7,0.83,2064.0,185.8,41.78
48.824,-95.7744,US,Winter Cereals,7.3,44.6,22.5,3.35,36.4,1.31,3.92,10.38,581.7,0.83,2064.0,185.8,41.78
48.7746,-95.7752,US,Winter Cereals,7.2,49.6,21.0,3.04,38.5,1.35,3.92,10.38,581.7,0.83,2064.0,185.8,41.78
48.7792,-95.7726,US,Winter Cereals,7.0,51.3,24.0,3.08,37.2,1.26,3.92,10.38,581.7,0.83,2064.0,185.8,41.78
48.7846,-95.7692,US,Winter Cereals,6.9,52.3,23.2,3.68,34.0,1.2,3.92,10.38,581.7,0.83,2064.0,185.8,41.78
48.7682,-95.7881,US,Winter Cereals,7.2,51.5,21.4,3.29,40.3,1.33,3.92,10.38,581.7,0.83,2064.0,185.8,41.78
48.7914,-95.7631,US,Winter Cereals,7.3,45.8,23.8,3.43,36.5,1.31,3.92,10.38,581.7,0.83,2064.0,185.8,41.78
48.7671,-95.6754,US,Winter Cereals,7.1,61.8,16.6,3.77,32.6,1.25,3.92,10.38,581.7,0.83,2064.0,185.8,41.78
48.7685,-95.7584,US,Winter Cereals,7.2,51.2,20.7,4.12,36.4,1.35,3.92,10.38,581.7,0.83,2064.0,185.8,41.78
48.8349,-95.7147,US,Winter Cereals,7.0,52.4,27.8,3.4,34.9,1.21,3.92,10.38,581.7,0.83,2064.0,185.8,41.78
48.7971,-95.7041,US,Winter Cereals,7.3,46.2,19.6,3.69,39.2,1.33,3.92,10.38,581.7,0.83,2064.0,185.8,41.78
48.7621,-95.6696,US,Winter Cereals,6.7,71.5,17.4,4.93,35.6,1.15,3.92,10.38,581.7,0.83,2064.0,185.8,41.78
48.7979,-95.6518,US,Winter Cereals,7.3,52.4,18.6,3.2,38.6,1.3,3.92,10.38,581.7,0.83,2064.0,185.8,41.78
48.7993,-95.7026,US,Winter Cereals,7.3,48.9,20.6,3.71,40.5,1.32,3.92,10.38,581.7,0.83,2064.0,185.8,41.78
48.7825,-95.7074,US,Winter Cereals,7.3,52.6,21.3,3.92,38.6,1.32,3.92,10.38,581.7,0.83,2064.0,185.8,41.78
48.7971,-95.5442,US,Winter Cereals,7.3,45.0,17.9,3.14,37.8,1.26,3.92,10.38,581.7,0.83,2064.0,185.8,41.78
48.7771,-95.6868,US,Winter Cereals,7.2,53.9,16.6,3.06,33.2,1.29,3.92,10.38,581.7,0.83,2064.0,185.8,41.78
48.7756,-95.5564,US,Winter Cereals,6.9,47.5,21.4,3.71,35.5,1.19,3.92,10.38,581.7,0.83,2064.0,185.8,41.78
48.8405,-95.5207,US,Winter Cereals,7.2,56.1,19.5,3.77,35.9,1.28,3.92,10.38,581.7,0.83,2064.0,185.8,41.78
48.8308,-95.4022,US,Winter Cereals,7.2,53.2,15.9,3.32,36.6,1.3,3.92,10.38,581.7,0.83,2064.0,185.8,41.78
48.842,-95.3855,US,Winter Cereals,7.2,53.2,19.0,2.9,37.8,1.25,3.92,10.38,581.7,0.83,2064.0,185.8,41.78
48.7618,-95.5082,US,Winter Cereals,7.3,52.2,17.0,3.22,36.0,1.3,3.92,10.38,581.7,0.83,2064.0,185.8,41.78
48.7947,-95.3156,US,Winter Cereals,7.1,51.8,14.7,3.25,39.3,1.24,4.06,9.02,589.9,0.777,2116.0,176.2,41.94
48.8303,-95.4053,US,Winter Cereals,7.2,48.8,17.6,2.91,36.5,1.33,3.92,10.38,581.7,0.83,2064.0,185.8,41.78
48.8126,-95.3048,US,Winter Cereals,6.9,54.8,15.1,3.72,29.0,1.17,4.06,9.02,589.9,0.777,2116.0,176.2,41.94
48.7926,-95.3151,US,Winter Cereals,7.1,50.9,14.1,3.31,38.3,1.24,4.06,9.02,589.9,0.777,2116.0,176.2,41.94
-12.5509,28.0946,Africa,Winter Cereals,5.3,19.3,22.4,1.17,9.8,1.32,20.57,12.27,1345.4,1.14,5687.0,0.0,44.01
-11.9507,31.3093,Africa,Winter Cereals,6.2,18.0,30.0,1.11,6.6,1.39,18.99,10.41,1575.8,1.142,5109.0,0.0,54.36
-12.5521,28.0941,Africa,Winter Cereals,5.5,19.5,22.8,1.3,10.1,1.32,20.57,12.27,1345.4,1.14,5687.0,0.0,44.01
48.7767,-95.2739,US,Winter Cereals,7.1,50.4,16.9,3.69,38.3,1.23,4.06,9.02,589.9,0.777,2116.0,176.2,41.94
-12.5361,28.0958,Africa,Winter Cereals,5.3,18.8,21.5,1.28,9.7,1.32,20.57,12.27,1345.4,1.14,5687.0,0.0,44.01
-12.5317,33.1262,Africa,Winter Cereals,6.0,13.8,17.3,1.1,7.4,1.45,20.58,10.49,1474.1,1.461,5691.0,0.0,48.2
-12.5896,30.0216,Africa,Winter Cereals,6.0,16.4,20.5,1.18,7.7,1.34,20.71,12.04,1396.0,1.253,5737.0,0.0,45.46
-12.5888,30.0208,Africa,Winter Cereals,6.0,16.4,20.5,1.18,7.7,1.34,20.71,12.04,1396.0,1.253,5737.0,0.0,45.46
-12.5147,28.0759,Africa,Winter Cereals,5.9,20.2,20.8,1.43,9.8,1.3,20.57,12.27,1345.4,1.14,5687.0,0.0,44.01
-12.596,30.0283,Africa,Winter Cereals,6.0,16.3,26.5,1.16,7.7,1.37,20.71,12.04,1396.0,1.253,5737.0,0.0,45.46
-12.5879,30.03,Africa,Winter Cereals,6.0,17.2,24.8,1.19,7.4,1.37,20.71,12.04,1396.0,1.253,5737.0,0.0,45.46
-12.588,30.0214,Africa,Winter Cereals,6.0,16.4,20.5,1.18,7.7,1.34,20.71,12.04,1396.0,1.253,5737.0,0.0,45.46
-12.6645,28.1993,Africa,Winter Cereals,5.4,21.9,21.9,1.33,8.9,1.35,20.57,12.27,1345.4,1.14,5687.0,0.0,44.01
-12.8471,27.2732,Africa,Winter Cereals,5.6,21.9,29.8,1.14,8.2,1.3,21.25,12.71,1235.0,1.173,5933.0,0.0,39.52
-12.6701,28.214,Africa,Winter Cereals,5.4,18.5,22.3,1.39,10.6,1.33,20.57,12.27,1345.4,1.14,5687.0,0.0,44.01
-12.9141,30.1776,Africa,Winter Cereals,6.2,14.2,25.7,1.1,6.3,1.36,19.6,11.63,1533.6,1.25,5332.0,0.0,51.81
-12.9516,29.9454,Africa,Winter Cereals,6.1,18.2,20.9,1.16,6.5,1.34,19.6,11.63,1533.6,1.25,5332.0,0.0,51.81
-13.058,28.5488,Africa,Winter Cereals,5.5,18.5,13.7,1.18,9.2,1.29,20.61,12.55,1227.2,1.255,5700.0,0.0,40.09
-13.0599,28.5526,Africa,Winter Cereals,5.5,18.5,14.3,1.09,9.1,1.31,20.61,12.55,1227.2,1.255,5700.0,0.0,40.09
-12.7096,28.2299,Africa,Winter Cereals,5.4,18.2,29.0,1.83,9.1,1.3,20.57,12.27,1345.4,1.14,5687.0,0.0,44.01
-12.7198,28.2233,Africa,Winter Cereals,5.5,18.9,25.4,1.32,9.2,1.33,20.57,12.27,1345.4,1.14,5687.0,0.0,44.01
-12.8726,27.2573,Africa,Winter Cereals,5.6,20.5,28.0,1.24,8.3,1.31,21.25,12.71,1235.0,1.173,5933.0,0.0,39.52
-13.0646,29.9347,Africa,Winter Cereals,6.1,16.6,25.7,1.19,8.6,1.31,19.6,11.63,1533.6,1.25,5332.0,0.0,51.81
-13.0746,29.9114,Africa,Winter Cereals,6.0,16.5,23.3,1.12,8.6,1.34,19.6,11.63,1533.6,1.25,5332.0,0.0,51.81
-13.0718,29.9237,Africa,Winter Cereals,6.1,15.8,26.2,1.15,9.7,1.33,19.6,11.63,1533.6,1.25,5332.0,0.0,51.81
-13.0703,29.9035,Africa,Winter Cereals,6.1,16.7,24.6,1.18,9.1,1.34,19.6,11.63,1533.6,1.25,5332.0,0.0,51.81
-13.0778,29.9346,Africa,Winter Cereals,6.1,16.9,23.2,1.1,8.4,1.32,19.6,11.63,1533.6,1.25,5332.0,0.0,51.81
-13.0566,29.9587,Africa,Winter Cereals,6.1,18.8,23.6,1.02,9.4,1.34,19.6,11.63,1533.6,1.25,5332.0,0.0,51.81
-13.0761,29.9678,Africa,Winter Cereals,6.2,18.9,22.2,1.01,7.3,1.34,19.6,11.63,1533.6,1.25,5332.0,0.0,51.81
-13.0546,29.9463,Africa,Winter Cereals,6.1,16.4,22.2,1.08,8.3,1.38,19.6,11.63,1533.6,1.25,5332.0,0.0,51.81
-13.0621,29.9058,Africa,Winter Cereals,6.1,16.0,23.4,1.13,9.4,1.36,19.6,11.63,1533.6,1.25,5332.0,0.0,51.81
-13.0386,29.9608,Africa,Winter Cereals,6.1,21.0,22.2,1.23,9.4,1.33,19.6,11.63,1533.6,1.25,5332.0,0.0,51.81
-13.0737,29.9664,Africa,Winter Cereals,6.1,19.3,21.4,1.07,6.8,1.33,19.6,11.63,1533.6,1.25,5332.0,0.0,51.81
-13.082,29.9553,Africa,Winter Cereals,6.1,20.4,23.7,1.1,7.2,1.33,19.6,11.63,1533.6,1.25,5332.0,0.0,51.81
-13.069,29.9671,Africa,Winter Cereals,6.1,20.9,22.0,0.98,8.1,1.35,19.6,11.63,1533.6,1.25,5332.0,0.0,51.81
-13.1541,29.9138,Africa,Winter Cereals,6.1,15.7,22.4,1.14,6.8,1.38,19.6,11.63,1533.6,1.25,5332.0,0.0,51.81
-13.1292,29.9242,Africa,Winter Cereals,6.1,15.4,22.5,1.1,6.1,1.36,19.6,11.63,1533.6,1.25,5332.0,0.0,51.81
-13.1315,29.9211,Africa,Winter Cereals,6.1,17.8,21.4,1.17,7.1,1.36,19.6,11.63,1533.6,1.25,5332.0,0.0,51.81
-13.1061,29.9144,Africa,Winter Cereals,6.1,20.0,21.9,1.08,6.0,1.37,19.6,11.63,1533.6,1.25,5332.0,0.0,51.81
-13.0853,29.966,Africa,Winter Cereals,6.1,18.5,23.0,1.12,6.6,1.36,19.6,11.63,1533.6,1.25,5332.0,0.0,51.81
-13.1086,29.9073,Africa,Winter Cereals,6.2,18.9,21.2,1.3,6.5,1.37,19.6,11.63,1533.6,1.25,5332.0,0.0,51.81
-13.0875,29.9395,Africa,Winter Cereals,6.0,22.3,24.4,1.28,12.5,1.3,19.6,11.63,1533.6,1.25,5332.0,0.0,51.81
-13.1026,29.9539,Africa,Winter Cereals,6.1,17.4,25.1,1.16,7.1,1.37,19.6,11.63,1533.6,1.25,5332.0,0.0,51.81
-13.1026,29.9539,Africa,Winter Cereals,6.1,17.4,25.1,1.16,7.1,1.37,19.6,11.63,1533.6,1.25,5332.0,0.0,51.81
-13.1172,29.9668,Africa,Winter Cereals,6.0,15.5,23.3,1.09,6.7,1.41,19.6,11.63,1533.6,1.25,5332.0,0.0,51.81
-13.1027,29.9536,Africa,Winter Cereals,6.1,17.4,25.1,1.16,7.1,1.37,19.6,11.63,1533.6,1.25,5332.0,0.0,51.81
-13.1027,29.9536,Africa,Winter Cereals,6.1,17.4,25.1,1.16,7.1,1.37,19.6,11.63,1533.6,1.25,5332.0,0.0,51.81
-13.1174,29.9504,Africa,Winter Cereals,6.1,17.1,23.6,1.16,6.8,1.35,19.6,11.63,1533.6,1.25,5332.0,0.0,51.81
-13.1063,29.9533,Africa,Winter Cereals,6.1,16.0,25.1,1.18,7.0,1.38,19.6,11.63,1533.6,1.25,5332.0,0.0,51.81
-13.0863,29.9731,Africa,Winter Cereals,6.0,17.2,23.1,1.06,6.9,1.41,19.6,11.63,1533.6,1.25,5332.0,0.0,51.81
-13.1102,29.9698,Africa,Winter Cereals,6.1,18.9,25.4,1.21,7.0,1.4,19.6,11.63,1533.6,1.25,5332.0,0.0,51.81
-13.3596,28.5076,Africa,Winter Cereals,5.7,17.9,21.3,1.25,9.5,1.28,20.15,12.43,1301.9,1.275,5534.0,0.0,43.18
-13.5081,27.7213,Africa,Winter Cereals,6.2,22.6,29.4,1.42,7.7,1.25,21.55,12.94,1165.2,1.201,6044.0,0.0,36.93
-13.1141,29.9583,Africa,Winter Cereals,6.1,16.0,24.5,1.11,6.7,1.38,19.6,11.63,1533.6,1.25,5332.0,0.0,51.81
-13.4805,27.8999,Africa,Winter Cereals,5.9,19.5,33.0,1.18,8.2,1.26,21.23,12.7,1148.8,1.256,5927.0,0.0,36.79
-13.5054,27.7232,Africa,Winter Cereals,6.1,21.3,29.4,1.34,7.1,1.25,21.55,12.94,1165.2,1.201,6044.0,0.0,36.93
-13.5772,27.7673,Africa,Winter Cereals,5.9,15.3,26.3,1.04,5.8,1.28,21.55,12.94,1165.2,1.201,6044.0,0.0,36.93
-13.5711,27.7498,Africa,Winter Cereals,6.0,15.4,27.4,1.14,6.6,1.25,21.55,12.94,1165.2,1.201,6044.0,0.0,36.93
-13.4734,27.9065,Africa,Winter Cereals,5.8,16.4,33.3,1.16,8.3,1.25,21.23,12.7,1148.8,1.256,5927.0,0.0,36.79
-13.5646,27.7479,Africa,Winter Cereals,5.8,15.1,26.3,1.03,6.0,1.25,21.55,12.94,1165.2,1.201,6044.0,0.0,36.93
-13.5674,27.7547,Africa,Winter Cereals,6.0,16.1,27.6,1.06,6.7,1.25,21.55,12.94,1165.2,1.201,6044.0,0.0,36.93
-13.5441,27.7402,Africa,Winter Cereals,6.1,15.7,26.8,1.19,6.5,1.26,21.55,12.94,1165.2,1.201,6044.0,0.0,36.93
-13.5436,27.7423,Africa,Winter Cereals,6.2,14.8,26.8,1.23,6.3,1.27,21.55,12.94,1165.2,1.201,6044.0,0.0,36.93
-13.5629,27.7358,Africa,Winter Cereals,5.9,15.6,28.5,1.11,6.3,1.24,21.55,12.94,1165.2,1.201,6044.0,0.0,36.93
-13.5743,27.7688,Africa,Winter Cereals,6.2,14.1,26.9,1.23,5.7,1.28,21.55,12.94,1165.2,1.201,6044.0,0.0,36.93
-13.5361,27.7376,Africa,Winter Cereals,6.1,15.5,26.1,1.12,6.6,1.29,21.55,12.94,1165.2,1.201,6044.0,0.0,36.93
-13.5607,28.0573,Africa,Winter Cereals,6.1,19.3,30.1,1.26,7.9,1.22,21.23,12.7,1148.8,1.256,5927.0,0.0,36.79
-13.5942,28.0558,Africa,Winter Cereals,5.9,20.2,32.8,1.42,10.3,1.15,21.23,12.7,1148.8,1.256,5927.0,0.0,36.79
-13.5673,28.0542,Africa,Winter Cereals,6.2,18.0,29.3,1.3,9.0,1.22,21.23,12.7,1148.8,1.256,5927.0,0.0,36.79
-13.5297,27.9836,Africa,Winter Cereals,5.7,15.7,30.8,1.15,8.2,1.25,21.23,12.7,1148.8,1.256,5927.0,0.0,36.79
-13.5458,28.0321,Africa,Winter Cereals,5.7,16.3,26.9,1.0,7.9,1.24,21.23,12.7,1148.8,1.256,5927.0,0.0,36.79
-13.5804,28.0448,Africa,Winter Cereals,6.2,17.5,34.1,1.27,8.2,1.21,21.23,12.7,1148.8,1.256,5927.0,0.0,36.79
-13.54,28.0317,Africa,Winter Cereals,5.9,15.8,26.5,1.09,8.0,1.26,21.23,12.7,1148.8,1.256,5927.0,0.0,36.79
-13.5499,28.0532,Africa,Winter Cereals,5.9,16.6,28.2,1.1,7.7,1.23,21.23,12.7,1148.8,1.256,5927.0,0.0,36.79
-13.5657,28.037,Africa,Winter Cereals,6.0,18.8,30.0,1.08,7.9,1.24,21.23,12.7,1148.8,1.256,5927.0,0.0,36.79
-13.5687,28.0475,Africa,Winter Cereals,6.2,17.6,30.2,1.13,7.9,1.21,21.23,12.7,1148.8,1.256,5927.0,0.0,36.79
-13.5642,28.0305,Africa,Winter Cereals,5.8,17.3,29.1,1.06,7.4,1.25,21.23,12.7,1148.8,1.256,5927.0,0.0,36.79
-13.5426,28.0299,Africa,Winter Cereals,5.9,16.7,26.9,1.14,8.0,1.25,21.23,12.7,1148.8,1.256,5927.0,0.0,36.79
-13.5416,28.0485,Africa,Winter Cereals,5.9,16.8,27.0,1.03,8.1,1.25,21.23,12.7,1148.8,1.256,5927.0,0.0,36.79
-13.5483,28.0302,Africa,Winter Cereals,5.7,15.8,27.3,1.01,7.5,1.24,21.23,12.7,1148.8,1.256,5927.0,0.0,36.79
-13.5514,28.0437,Africa,Winter Cereals,5.9,16.2,28.6,1.1,7.3,1.27,21.23,12.7,1148.8,1.256,5927.0,0.0,36.79
-13.5511,28.0424,Africa,Winter Cereals,6.0,15.8,28.8,1.19,7.3,1.27,21.23,12.7,1148.8,1.256,5927.0,0.0,36.79
-13.5377,28.0903,Africa,Winter Cereals,6.0,18.8,32.3,1.24,10.5,1.25,21.23,12.7,1148.8,1.256,5927.0,0.0,36.79
-13.5766,28.0497,Africa,Winter Cereals,6.2,17.5,30.2,1.17,7.9,1.23,21.23,12.7,1148.8,1.256,5927.0,0.0,36.79
-13.5704,28.1414,Africa,Winter Cereals,5.9,18.5,30.1,1.18,7.6,1.3,21.23,12.7,1148.8,1.256,5927.0,0.0,36.79
-13.5628,28.112,Africa,Winter Cereals,6.0,17.1,31.5,1.26,9.2,1.2,21.23,12.7,1148.8,1.256,5927.0,0.0,36.79
-13.5691,28.1131,Africa,Winter Cereals,6.0,18.5,34.0,1.16,9.9,1.2,21.23,12.7,1148.8,1.256,5927.0,0.0,36.79
-13.5635,28.0678,Africa,Winter Cereals,6.1,18.3,34.3,1.27,8.3,1.2,21.23,12.7,1148.8,1.256,5927.0,0.0,36.79
-13.5686,28.1213,Africa,Winter Cereals,6.1,17.9,32.7,1.19,7.6,1.22,21.23,12.7,1148.8,1.256,5927.0,0.0,36.79
-13.5728,28.1355,Africa,Winter Cereals,6.2,17.6,31.5,1.21,7.7,1.3,21.23,12.7,1148.8,1.256,5927.0,0.0,36.79
-13.5724,28.1408,Africa,Winter Cereals,5.9,18.0,30.9,1.15,7.0,1.31,21.23,12.7,1148.8,1.256,5927.0,0.0,36.79
-13.5461,28.0713,Africa,Winter Cereals,5.9,19.2,29.2,1.21,9.7,1.25,21.23,12.7,1148.8,1.256,5927.0,0.0,36.79
-13.5704,28.1346,Africa,Winter Cereals,5.9,17.3,31.5,1.22,7.9,1.3,21.23,12.7,1148.8,1.256,5927.0,0.0,36.79
-13.5777,28.0709,Africa,Winter Cereals,6.2,18.2,36.0,1.28,7.5,1.19,21.23,12.7,1148.8,1.256,5927.0,0.0,36.79
-13.5624,28.134,Africa,Winter Cereals,5.9,15.8,29.8,1.05,7.6,1.26,21.23,12.7,1148.8,1.256,5927.0,0.0,36.79
-13.5661,28.0712,Africa,Winter Cereals,6.2,19.6,38.2,1.47,8.7,1.21,21.23,12.7,1148.8,1.256,5927.0,0.0,36.79
-13.5544,28.0708,Africa,Winter Cereals,6.2,17.4,29.1,1.27,8.8,1.2,21.23,12.7,1148.8,1.256,5927.0,0.0,36.79
-13.5619,28.1489,Africa,Winter Cereals,6.1,14.8,31.9,1.12,8.1,1.25,21.23,12.7,1148.8,1.256,5927.0,0.0,36.79
-13.5262,29.3338,Africa,Winter Cereals,6.1,15.0,17.7,1.05,7.5,1.41,19.39,11.75,1384.9,1.243,5256.0,0.0,47.12
-13.5561,29.3487,Africa,Winter Cereals,6.1,14.9,17.9,1.22,7.2,1.42,19.39,11.75,1384.9,1.243,5256.0,0.0,47.12
-13.5939,29.5933,Africa,Winter Cereals,6.1,16.8,18.0,0.94,7.2,1.44,19.39,11.75,1384.9,1.243,5256.0,0.0,47.12
-13.5624,28.1307,Africa,Winter Cereals,5.9,15.4,30.4,1.08,7.2,1.26,21.23,12.7,1148.8,1.256,5927.0,0.0,36.79
-13.5921,29.6828,Africa,Winter Cereals,5.9,13.9,20.0,0.93,6.4,1.38,19.39,11.75,1384.9,1.243,5256.0,0.0,47.12
-13.5519,29.6313,Africa,Winter Cereals,6.1,13.4,19.8,1.06,6.7,1.4,19.39,11.75,1384.9,1.243,5256.0,0.0,47.12
-13.5476,29.6283,Africa,Winter Cereals,6.1,14.1,18.9,1.03,6.9,1.4,19.39,11.75,1384.9,1.243,5256.0,0.0,47.12
-13.5592,29.3478,Africa,Winter Cereals,6.1,14.7,17.4,1.17,7.5,1.41,19.39,11.75,1384.9,1.243,5256.0,0.0,47.12
-13.5618,29.6264,Africa,Winter Cereals,6.1,15.8,19.4,0.9,6.6,1.4,19.39,11.75,1384.9,1.243,5256.0,0.0,47.12
-13.5895,29.6283,Africa,Winter Cereals,6.2,16.0,18.7,1.08,7.4,1.38,19.39,11.75,1384.9,1.243,5256.0,0.0,47.12
-13.562,29.6241,Africa,Winter Cereals,6.1,16.7,18.4,0.93,6.9,1.41,19.39,11.75,1384.9,1.243,5256.0,0.0,47.12
-13.563,29.637,Africa,Winter Cereals,6.3,14.6,20.4,0.93,6.5,1.4,19.39,11.75,1384.9,1.243,5256.0,0.0,47.12
-13.5991,29.628,Africa,Winter Cereals,6.0,15.2,18.6,0.94,6.6,1.41,19.39,11.75,1384.9,1.243,5256.0,0.0,47.12
-13.5502,29.6392,Africa,Winter Cereals,6.1,12.8,19.5,0.99,5.8,1.4,19.39,11.75,1384.9,1.243,5256.0,0.0,47.12
-13.587,29.6313,Africa,Winter Cereals,6.2,16.2,18.7,1.06,7.5,1.36,19.39,11.75,1384.9,1.243,5256.0,0.0,47.12
-13.5686,29.6246,Africa,Winter Cereals,6.2,14.2,18.8,0.99,6.7,1.4,19.39,11.75,1384.9,1.243,5256.0,0.0,47.12
-13.5587,29.6391,Africa,Winter Cereals,6.2,13.0,18.6,0.96,6.0,1.4,19.39,11.75,1384.9,1.243,5256.0,0.0,47.12
-13.5898,29.6307,Africa,Winter Cereals,6.2,16.2,19.4,1.07,7.3,1.37,19.39,11.75,1384.9,1.243,5256.0,0.0,47.12
-13.5556,29.673,Africa,Winter Cereals,6.1,17.6,22.2,1.06,8.0,1.4,19.39,11.75,1384.9,1.243,5256.0,0.0,47.12
-13.5584,29.6403,Africa,Winter Cereals,6.2,13.0,18.6,0.96,6.0,1.4,19.39,11.75,1384.9,1.243,5256.0,0.0,47.12
-13.5921,29.6523,Africa,Winter Cereals,6.0,15.8,17.6,0.99,6.9,1.41,19.39,11.75,1384.9,1.243,5256.0,0.0,47.12
-13.5441,29.6372,Africa,Winter Cereals,6.1,14.0,18.6,0.99,7.5,1.39,19.39,11.75,1384.9,1.243,5256.0,0.0,47.12
-13.5474,29.65,Africa,Winter Cereals,6.0,13.9,19.3,0.93,6.3,1.4,19.39,11.75,1384.9,1.243,5256.0,0.0,47.12
-13.5693,29.6648,Africa,Winter Cereals,6.2,13.9,18.1,0.99,7.7,1.4,19.39,11.75,1384.9,1.243,5256.0,0.0,47.12
-13.5837,29.6838,Africa,Winter Cereals,5.9,14.8,18.3,0.95,6.3,1.36,19.39,11.75,1384.9,1.243,5256.0,0.0,47.12
-13.5961,29.688,Africa,Winter Cereals,6.1,13.9,20.1,0.89,6.0,1.39,19.39,11.75,1384.9,1.243,5256.0,0.0,47.12
-13.5862,29.6886,Africa,Winter Cereals,5.9,14.0,19.4,0.96,7.2,1.38,19.39,11.75,1384.9,1.243,5256.0,0.0,47.12
-13.581,29.6846,Africa,Winter Cereals,5.9,14.0,18.6,0.96,7.3,1.37,19.39,11.75,1384.9,1.243,5256.0,0.0,47.12
-13.641,27.7128,Africa,Winter Cereals,6.0,18.0,30.6,1.17,7.8,1.22,21.55,12.94,1165.2,1.201,6044.0,0.0,36.93
-13.5936,29.9473,Africa,Winter Cereals,6.1,16.8,20.5,1.05,8.8,1.39,19.0,10.72,1685.0,1.387,5113.0,0.0,58.1
-13.5908,29.6258,Africa,Winter Cereals,6.1,14.8,18.3,1.01,7.0,1.4,19.39,11.75,1384.9,1.243,5256.0,0.0,47.12
-13.643,27.6905,Africa,Winter Cereals,6.0,18.3,28.9,1.1,6.7,1.24,21.55,12.94,1165.2,1.201,6044.0,0.0,36.93
-13.653,27.6943,Africa,Winter Cereals,6.1,17.8,28.0,1.19,7.9,1.24,21.55,12.94,1165.2,1.201,6044.0,0.0,36.93
-13.6436,27.6903,Africa,Winter Cereals,6.0,17.1,28.2,1.21,7.5,1.23,21.55,12.94,1165.2,1.201,6044.0,0.0,36.93
-13.638,27.7138,Africa,Winter Cereals,6.0,17.6,28.3,1.2,7.5,1.24,21.55,12.94,1165.2,1.201,6044.0,0.0,36.93
-13.6497,27.7024,Africa,Winter Cereals,6.0,18.3,31.4,1.21,7.7,1.24,21.55,12.94,1165.2,1.201,6044.0,0.0,36.93
-13.6416,27.7032,Africa,Winter Cereals,6.1,16.0,30.9,1.26,7.5,1.26,21.55,12.94,1165.2,1.201,6044.0,0.0,36.93
-13.6586,27.6883,Africa,Winter Cereals,6.0,17.9,29.3,1.15,8.6,1.23,21.55,12.94,1165.2,1.201,6044.0,0.0,36.93
-13.6493,27.7383,Africa,Winter Cereals,6.0,17.5,29.1,1.12,6.8,1.22,21.55,12.94,1165.2,1.201,6044.0,0.0,36.93
-13.6409,27.721,Africa,Winter Cereals,6.2,17.9,29.2,1.26,7.1,1.25,21.55,12.94,1165.2,1.201,6044.0,0.0,36.93
-13.6724,27.731,Africa,Winter Cereals,6.0,16.2,28.1,1.28,6.7,1.27,21.55,12.94,1165.2,1.201,6044.0,0.0,36.93
-13.6686,27.7783,Africa,Winter Cereals,6.2,16.1,28.5,1.13,5.6,1.25,21.55,12.94,1165.2,1.201,6044.0,0.0,36.93
-13.6678,27.7789,Africa,Winter Cereals,6.2,16.5,28.1,1.13,5.3,1.26,21.55,12.94,1165.2,1.201,6044.0,0.0,36.93
-13.6721,27.7582,Africa,Winter Cereals,6.3,16.3,29.5,1.15,6.0,1.26,21.55,12.94,1165.2,1.201,6044.0,0.0,36.93
-13.6606,27.7512,Africa,Winter Cereals,6.1,18.5,25.4,1.22,6.7,1.25,21.55,12.94,1165.2,1.201,6044.0,0.0,36.93
-13.6602,27.7548,Africa,Winter Cereals,6.1,18.9,29.1,1.27,6.6,1.26,21.55,12.94,1165.2,1.201,6044.0,0.0,36.93
-13.6684,27.7826,Africa,Winter Cereals,6.2,15.7,27.3,1.12,5.7,1.25,21.55,12.94,1165.2,1.201,6044.0,0.0,36.93
-13.6615,27.7502,Africa,Winter Cereals,6.0,17.1,26.7,1.17,7.0,1.22,21.55,12.94,1165.2,1.201,6044.0,0.0,36.93
-13.6568,27.7671,Africa,Winter Cereals,6.0,16.4,26.0,1.16,5.6,1.25,21.55,12.94,1165.2,1.201,6044.0,0.0,36.93
-13.6699,27.7848,Africa,Winter Cereals,6.2,16.2,27.6,1.09,5.6,1.23,21.55,12.94,1165.2,1.201,6044.0,0.0,36.93
-13.6784,27.724,Africa,Winter Cereals,6.0,15.7,22.3,1.14,5.5,1.26,21.55,12.94,1165.2,1.201,6044.0,0.0,36.93
-13.6656,27.7518,Africa,Winter Cereals,6.1,17.6,29.6,1.23,7.1,1.24,21.55,12.94,1165.2,1.201,6044.0,0.0,36.93
-13.6329,27.7435,Africa,Winter Cereals,6.3,17.0,27.1,0.98,7.4,1.24,21.55,12.94,1165.2,1.201,6044.0,0.0,36.93
-13.6447,27.7379,Africa,Winter Cereals,6.0,18.5,29.9,1.13,7.6,1.24,21.55,12.94,1165.2,1.201,6044.0,0.0,36.93
-13.6567,27.768,Africa,Winter Cereals,6.0,16.4,26.0,1.16,5.6,1.25,21.55,12.94,1165.2,1.201,6044.0,0.0,36.93
-13.6672,27.7452,Africa,Winter Cereals,6.1,18.7,29.2,1.28,7.4,1.24,21.55,12.94,1165.2,1.201,6044.0,0.0,36.93
-13.6655,27.7378,Africa,Winter Cereals,6.0,18.4,29.3,1.22,7.3,1.21,21.55,12.94,1165.2,1.201,6044.0,0.0,36.93
-13.6063,28.0543,Africa,Winter Cereals,6.2,18.5,31.4,1.44,11.1,1.19,21.23,12.7,1148.8,1.256,5927.0,0.0,36.79
-13.6643,27.7253,Africa,Winter Cereals,6.0,18.6,29.3,1.26,7.7,1.23,21.55,12.94,1165.2,1.201,6044.0,0.0,36.93
-13.6129,28.0588,Africa,Winter Cereals,6.2,19.6,31.8,1.39,9.8,1.19,21.23,12.7,1148.8,1.256,5927.0,0.0,36.79
-13.6011,28.0469,Africa,Winter Cereals,6.2,18.6,30.6,1.2,11.0,1.19,21.23,12.7,1148.8,1.256,5927.0,0.0,36.79
-13.6079,28.0526,Africa,Winter Cereals,6.2,18.8,30.5,1.36,10.9,1.2,21.23,12.7,1148.8,1.256,5927.0,0.0,36.79
-13.6841,29.0368,Africa,Winter Cereals,6.2,15.6,17.7,1.02,6.7,1.37,20.15,12.43,1301.9,1.275,5534.0,0.0,43.18
-13.6756,29.0303,Africa,Winter Cereals,6.2,15.4,18.2,1.07,5.5,1.38,20.15,12.43,1301.9,1.275,5534.0,0.0,43.18
-13.6609,29.1869,Africa,Winter Cereals,6.0,15.3,16.3,1.1,7.8,1.39,19.39,11.75,1384.9,1.243,5256.0,0.0,47.12
-13.6681,29.4262,Africa,Winter Cereals,6.1,17.8,17.0,1.15,8.3,1.43,19.39,11.75,1384.9,1.243,5256.0,0.0,47.12
-13.6446,29.215,Africa,Winter Cereals,6.0,14.8,16.6,0.99,7.6,1.37,19.39,11.75,1384.9,1.243,5256.0,0.0,47.12
-13.6605,29.4829,Africa,Winter Cereals,6.2,16.3,13.3,1.03,6.1,1.49,19.39,11.75,1384.9,1.243,5256.0,0.0,47.12
-13.6633,29.4552,Africa,Winter Cereals,6.1,15.0,17.9,1.2,8.2,1.43,19.39,11.75,1384.9,1.243,5256.0,0.0,47.12
-13.6412,29.4514,Africa,Winter Cereals,6.1,16.0,17.8,1.14,8.4,1.41,19.39,11.75,1384.9,1.243,5256.0,0.0,47.12
-13.6583,29.4539,Africa,Winter Cereals,6.1,15.5,17.8,1.22,8.6,1.43,19.39,11.75,1384.9,1.243,5256.0,0.0,47.12
-13.6502,29.4798,Africa,Winter Cereals,6.3,15.4,12.9,1.17,6.9,1.48,19.39,11.75,1384.9,1.243,5256.0,0.0,47.12
-13.6648,29.5239,Africa,Winter Cereals,6.2,17.5,16.9,1.09,7.3,1.41,19.39,11.75,1384.9,1.243,5256.0,0.0,47.12
-13.6032,29.6672,Africa,Winter Cereals,5.9,15.4,19.5,0.99,5.9,1.39,19.39,11.75,1384.9,1.243,5256.0,0.0,47.12
-13.6448,29.452,Africa,Winter Cereals,6.1,15.6,18.2,1.2,8.5,1.4,19.39,11.75,1384.9,1.243,5256.0,0.0,47.12
-13.6118,29.6575,Africa,Winter Cereals,6.0,14.9,19.4,1.02,6.5,1.37,19.39,11.75,1384.9,1.243,5256.0,0.0,47.12
-13.6376,29.6468,Africa,Winter Cereals,6.0,16.3,19.7,0.97,5.8,1.39,19.39,11.75,1384.9,1.243,5256.0,0.0,47.12
-13.6116,29.6568,Africa,Winter Cereals,6.0,16.0,18.7,0.94,6.2,1.36,19.39,11.75,1384.9,1.243,5256.0,0.0,47.12
-13.615,29.6277,Africa,Winter Cereals,6.2,15.8,18.6,1.17,6.6,1.4,19.39,11.75,1384.9,1.243,5256.0,0.0,47.12
-13.62,29.6643,Africa,Winter Cereals,6.0,15.1,19.9,1.01,6.6,1.39,19.39,11.75,1384.9,1.243,5256.0,0.0,47.12
-13.6146,29.6577,Africa,Winter Cereals,6.0,15.2,18.9,1.03,6.6,1.36,19.39,11.75,1384.9,1.243,5256.0,0.0,47.12
-13.6126,29.6414,Africa,Winter Cereals,6.1,16.2,20.6,0.91,6.7,1.38,19.39,11.75,1384.9,1.243,5256.0,0.0,47.12
-13.6103,29.6618,Africa,Winter Cereals,5.9,15.5,20.4,1.01,6.5,1.35,19.39,11.75,1384.9,1.243,5256.0,0.0,47.12
-13.6006,29.6262,Africa,Winter Cereals,6.1,16.8,19.2,0.98,6.7,1.41,19.39,11.75,1384.9,1.243,5256.0,0.0,47.12
-13.6465,29.6594,Africa,Winter Cereals,6.1,14.1,18.3,0.97,5.6,1.41,19.39,11.75,1384.9,1.243,5256.0,0.0,47.12
-13.6096,29.9278,Africa,Winter Cereals,6.1,16.2,21.0,0.95,7.7,1.39,19.0,10.72,1685.0,1.387,5113.0,0.0,58.1
-13.6198,29.6623,Africa,Winter Cereals,6.0,15.1,19.7,1.02,6.7,1.38,19.39,11.75,1384.9,1.243,5256.0,0.0,47.12
-13.6126,29.9663,Africa,Winter Cereals,6.2,14.6,20.5,0.94,7.9,1.37,19.0,10.72,1685.0,1.387,5113.0,0.0,58.1
-13.6101,29.655,Africa,Winter Cereals,6.0,16.3,19.7,0.95,6.0,1.36,19.39,11.75,1384.9,1.243,5256.0,0.0,47.12
-13.628,29.955,Africa,Winter Cereals,6.2,15.8,17.6,1.1,8.5,1.39,19.0,10.72,1685.0,1.387,5113.0,0.0,58.1
-13.6061,29.9654,Africa,Winter Cereals,6.2,14.5,21.6,0.94,7.8,1.38,19.0,10.72,1685.0,1.387,5113.0,0.0,58.1
-13.6281,29.9568,Africa,Winter Cereals,6.1,16.5,17.6,1.11,8.6,1.39,19.0,10.72,1685.0,1.387,5113.0,0.0,58.1
-13.6889,29.0358,Africa,Winter Cereals,6.2,15.4,17.6,1.04,7.0,1.37,20.15,12.43,1301.9,1.275,5534.0,0.0,43.18
-13.7221,29.0811,Africa,Winter Cereals,6.1,15.5,17.7,0.96,6.3,1.39,20.15,12.43,1301.9,1.275,5534.0,0.0,43.18
-13.674,29.4034,Africa,Winter Cereals,6.0,15.9,19.6,0.98,7.8,1.4,19.39,11.75,1384.9,1.243,5256.0,0.0,47.12
-13.7589,29.1346,Africa,Winter Cereals,6.3,14.9,18.4,1.16,7.5,1.35,19.39,11.75,1384.9,1.243,5256.0,0.0,47.12
-13.77,29.0902,Africa,Winter Cereals,6.2,14.4,16.0,1.0,6.0,1.39,20.15,12.43,1301.9,1.275,5534.0,0.0,43.18
-13.7581,29.137,Africa,Winter Cereals,6.3,15.6,18.2,1.16,7.8,1.35,19.39,11.75,1384.9,1.243,5256.0,0.0,47.12
-13.7244,29.0778,Africa,Winter Cereals,6.1,14.1,17.7,0.95,6.0,1.38,20.15,12.43,1301.9,1.275,5534.0,0.0,43.18
-13.7256,29.1674,Africa,Winter Cereals,6.1,13.9,18.2,0.99,6.2,1.36,19.39,11.75,1384.9,1.243,5256.0,0.0,47.12
-13.7634,29.1647,Africa,Winter Cereals,6.1,16.8,18.2,1.15,7.0,1.35,19.39,11.75,1384.9,1.243,5256.0,0.0,47.12
-13.7398,29.2531,Africa,Winter Cereals,6.1,15.7,19.1,1.09,6.7,1.39,19.39,11.75,1384.9,1.243,5256.0,0.0,47.12
-13.7166,29.1888,Africa,Winter Cereals,6.3,14.2,18.5,1.05,6.9,1.37,19.39,11.75,1384.9,1.243,5256.0,0.0,47.12
-13.717,29.2213,Africa,Winter Cereals,6.1,16.0,18.2,1.01,7.1,1.36,19.39,11.75,1384.9,1.243,5256.0,0.0,47.12
-13.7291,29.2501,Africa,Winter Cereals,6.1,15.7,18.5,1.1,6.4,1.36,19.39,11.75,1384.9,1.243,5256.0,0.0,47.12
-13.7688,29.2474,Africa,Winter Cereals,6.2,15.9,17.1,1.2,7.7,1.39,19.39,11.75,1384.9,1.243,5256.0,0.0,47.12
-13.7281,29.252,Africa,Winter Cereals,6.1,16.0,18.6,1.12,6.5,1.38,19.39,11.75,1384.9,1.243,5256.0,0.0,47.12
-13.7276,29.2502,Africa,Winter Cereals,6.1,15.5,18.2,1.12,6.3,1.37,19.39,11.75,1384.9,1.243,5256.0,0.0,47.12
-13.7601,29.2483,Africa,Winter Cereals,6.2,14.4,18.4,0.94,6.2,1.4,19.39,11.75,1384.9,1.243,5256.0,0.0,47.12
-13.7228,29.2168,Africa,Winter Cereals,6.2,15.3,18.2,1.06,6.5,1.36,19.39,11.75,1384.9,1.243,5256.0,0.0,47.12
-13.7286,29.2518,Africa,Winter Cereals,6.1,16.3,18.7,1.18,6.7,1.38,19.39,11.75,1384.9,1.243,5256.0,0.0,47.12
-13.7237,29.2534,Africa,Winter Cereals,6.3,15.2,19.0,1.07,6.6,1.37,19.39,11.75,1384.9,1.243,5256.0,0.0,47.12
-13.7164,29.302,Africa,Winter Cereals,6.1,14.8,19.2,1.01,6.3,1.43,19.39,11.75,1384.9,1.243,5256.0,0.0,47.12
-13.7244,29.217,Africa,Winter Cereals,6.2,15.8,18.3,0.97,6.1,1.37,19.39,11.75,1384.9,1.243,5256.0,0.0,47.12
-13.7223,29.258,Africa,Winter Cereals,6.4,14.7,18.4,1.12,7.2,1.37,19.39,11.75,1384.9,1.243,5256.0,0.0,47.12
-13.7389,29.2837,Africa,Winter Cereals,6.3,14.1,17.8,0.94,7.2,1.4,19.39,11.75,1384.9,1.243,5256.0,0.0,47.12
-13.7205,29.3034,Africa,Winter Cereals,6.3,14.3,17.7,1.02,6.6,1.41,19.39,11.75,1384.9,1.243,5256.0,0.0,47.12
-13.7646,29.2609,Africa,Winter Cereals,6.1,13.8,17.8,0.96,6.6,1.41,19.39,11.75,1384.9,1.243,5256.0,0.0,47.12
-13.7641,29.26,Africa,Winter Cereals,6.0,13.1,15.9,0.94,6.4,1.42,19.39,11.75,1384.9,1.243,5256.0,0.0,47.12
-13.7565,29.2659,Africa,Winter Cereals,6.3,15.3,15.2,0.92,6.3,1.42,19.39,11.75,1384.9,1.243,5256.0,0.0,47.12
-13.7351,29.2822,Africa,Winter Cereals,6.2,14.3,18.4,0.99,7.3,1.4,19.39,11.75,1384.9,1.243,5256.0,0.0,47.12
-13.7391,29.2638,Africa,Winter Cereals,6.4,14.1,18.7,0.99,7.1,1.41,19.39,11.75,1384.9,1.243,5256.0,0.0,47.12
-13.7361,29.2885,Africa,Winter Cereals,6.2,13.9,17.0,1.0,7.6,1.41,19.39,11.75,1384.9,1.243,5256.0,0.0,47.12
-13.7408,29.26,Africa,Winter Cereals,6.1,15.1,19.2,1.01,6.8,1.39,19.39,11.75,1384.9,1.243,5256.0,0.0,47.12
-13.6871,29.4218,Africa,Winter Cereals,6.2,16.8,20.7,1.07,9.1,1.39,19.39,11.75,1384.9,1.243,5256.0,0.0,47.12
-13.7604,29.2681,Africa,Winter Cereals,6.1,14.4,16.9,0.96,6.8,1.43,19.39,11.75,1384.9,1.243,5256.0,0.0,47.12
-13.6976,29.4227,Africa,Winter Cereals,6.2,16.6,19.8,1.07,8.6,1.39,19.39,11.75,1384.9,1.243,5256.0,0.0,47.12
-13.7014,29.4213,Africa,Winter Cereals,6.1,16.1,20.8,1.05,9.6,1.38,19.39,11.75,1384.9,1.243,5256.0,0.0,47.12
-13.723,29.4983,Africa,Winter Cereals,6.2,16.9,17.9,1.14,7.7,1.38,19.39,11.75,1384.9,1.243,5256.0,0.0,47.12
-13.7327,29.4832,Africa,Winter Cereals,6.1,13.9,16.2,1.09,6.0,1.45,19.39,11.75,1384.9,1.243,5256.0,0.0,47.12
-13.6996,29.4398,Africa,Winter Cereals,6.1,17.4,20.6,1.13,7.7,1.42,19.39,11.75,1384.9,1.243,5256.0,0.0,47.12
-13.7118,29.4298,Africa,Winter Cereals,6.2,15.4,19.5,1.14,9.4,1.42,19.39,11.75,1384.9,1.243,5256.0,0.0,47.12
-13.7223,29.4928,Africa,Winter Cereals,6.0,15.8,17.8,1.01,6.7,1.4,19.39,11.75,1384.9,1.243,5256.0,0.0,47.12
-13.7341,29.5828,Africa,Winter Cereals,6.2,15.9,20.1,1.17,7.7,1.37,19.39,11.75,1384.9,1.243,5256.0,0.0,47.12
-13.7361,29.5778,Africa,Winter Cereals,6.1,15.6,19.2,1.02,6.9,1.37,19.39,11.75,1384.9,1.243,5256.0,0.0,47.12
-13.7804,28.9083,Africa,Winter Cereals,6.1,14.2,19.4,1.06,6.8,1.38,20.15,12.43,1301.9,1.275,5534.0,0.0,43.18
-13.7298,29.5803,Africa,Winter Cereals,6.1,16.9,19.9,1.06,7.0,1.37,19.39,11.75,1384.9,1.243,5256.0,0.0,47.12
-13.7742,29.0609,Africa,Winter Cereals,6.2,14.5,15.7,0.98,6.3,1.39,20.15,12.43,1301.9,1.275,5534.0,0.0,43.18
-13.7331,29.5824,Africa,Winter Cereals,6.2,15.9,20.1,1.17,7.7,1.37,19.39,11.75,1384.9,1.243,5256.0,0.0,47.12
-13.7916,29.0858,Africa,Winter Cereals,6.1,15.5,16.7,0.96,6.7,1.42,20.15,12.43,1301.9,1.275,5534.0,0.0,43.18
-13.7792,29.0857,Africa,Winter Cereals,6.1,13.8,16.9,0.93,6.0,1.4,20.15,12.43,1301.9,1.275,5534.0,0.0,43.18
-13.7739,29.0842,Africa,Winter Cereals,6.1,14.7,16.8,0.88,6.1,1.4,20.15,12.43,1301.9,1.275,5534.0,0.0,43.18
-13.7805,29.0818,Africa,Winter Cereals,6.1,14.1,15.8,0.98,6.1,1.4,20.15,12.43,1301.9,1.275,5534.0,0.0,43.18
-13.8091,29.0911,Africa,Winter Cereals,6.0,15.0,15.8,0.96,6.4,1.37,20.15,12.43,1301.9,1.275,5534.0,0.0,43.18
-13.772,29.0883,Africa,Winter Cereals,6.2,13.9,16.1,1.03,6.1,1.4,20.15,12.43,1301.9,1.275,5534.0,0.0,43.18
-13.7879,29.1257,Africa,Winter Cereals,6.0,14.9,18.5,0.98,5.8,1.38,19.39,11.75,1384.9,1.243,5256.0,0.0,47.12
-13.791,29.1203,Africa,Winter Cereals,6.0,15.7,17.7,0.93,6.8,1.39,20.15,12.43,1301.9,1.275,5534.0,0.0,43.18
-13.8286,29.0908,Africa,Winter Cereals,6.2,15.6,19.3,1.03,6.3,1.37,20.15,12.43,1301.9,1.275,5534.0,0.0,43.18
-13.8552,29.2438,Africa,Winter Cereals,6.2,15.5,20.1,0.96,6.1,1.39,19.39,11.75,1384.9,1.243,5256.0,0.0,47.12
-13.7949,29.0976,Africa,Winter Cereals,6.2,13.9,16.5,0.96,7.1,1.41,20.15,12.43,1301.9,1.275,5534.0,0.0,43.18
-13.832,29.2048,Africa,Winter Cereals,6.1,14.2,18.9,1.04,6.5,1.39,19.39,11.75,1384.9,1.243,5256.0,0.0,47.12
-13.8551,29.1988,Africa,Winter Cereals,6.1,14.9,18.5,1.01,7.1,1.41,19.39,11.75,1384.9,1.243,5256.0,0.0,47.12
-13.7738,29.2476,Africa,Winter Cereals,6.3,15.7,18.3,1.08,7.1,1.38,19.39,11.75,1384.9,1.243,5256.0,0.0,47.12
-13.7843,29.2487,Africa,Winter Cereals,6.1,15.5,17.8,1.07,6.8,1.37,19.39,11.75,1384.9,1.243,5256.0,0.0,47.12
-13.8226,29.2323,Africa,Winter Cereals,6.3,16.9,19.1,1.13,6.7,1.38,19.39,11.75,1384.9,1.243,5256.0,0.0,47.12
-13.8073,29.2313,Africa,Winter Cereals,6.3,14.7,17.9,0.99,7.2,1.4,19.39,11.75,1384.9,1.243,5256.0,0.0,47.12
-13.8181,29.2639,Africa,Winter Cereals,6.0,14.4,18.5,1.0,7.0,1.38,19.39,11.75,1384.9,1.243,5256.0,0.0,47.12
-13.8195,29.2693,Africa,Winter Cereals,6.0,15.5,19.4,0.98,6.9,1.37,19.39,11.75,1384.9,1.243,5256.0,0.0,47.12
-13.8109,29.2658,Africa,Winter Cereals,6.0,15.3,17.5,0.95,6.3,1.38,19.39,11.75,1384.9,1.243,5256.0,0.0,47.12
-13.8211,29.2948,Africa,Winter Cereals,6.1,14.5,18.3,0.96,6.9,1.42,19.39,11.75,1384.9,1.243,5256.0,0.0,47.12
-13.7859,29.2587,Africa,Winter Cereals,6.1,15.5,17.8,1.06,7.9,1.39,19.39,11.75,1384.9,1.243,5256.0,0.0,47.12
-13.8219,29.2919,Africa,Winter Cereals,6.0,14.8,19.2,0.88,7.0,1.4,19.39,11.75,1384.9,1.243,5256.0,0.0,47.12
-13.8551,29.2423,Africa,Winter Cereals,6.2,15.5,20.1,0.96,6.1,1.39,19.39,11.75,1384.9,1.243,5256.0,0.0,47.12
-13.808,29.2697,Africa,Winter Cereals,6.1,14.5,17.9,0.89,6.5,1.38,19.39,11.75,1384.9,1.243,5256.0,0.0,47.12
-13.8482,29.2124,Africa,Winter Cereals,6.1,15.1,16.6,0.95,6.4,1.4,19.39,11.75,1384.9,1.243,5256.0,0.0,47.12
-13.8216,29.2657,Africa,Winter Cereals,6.1,15.7,18.8,1.02,7.1,1.38,19.39,11.75,1384.9,1.243,5256.0,0.0,47.12
-13.8433,29.4112,Africa,Winter Cereals,6.1,16.1,15.8,0.98,6.7,1.4,19.39,11.75,1384.9,1.243,5256.0,0.0,47.12
-13.8491,29.4187,Africa,Winter Cereals,6.1,14.7,16.4,0.94,7.2,1.39,19.39,11.75,1384.9,1.243,5256.0,0.0,47.12
-13.8207,29.2687,Africa,Winter Cereals,6.1,15.5,19.2,1.01,6.8,1.39,19.39,11.75,1384.9,1.243,5256.0,0.0,47.12
-13.8551,29.3355,Africa,Winter Cereals,6.1,14.8,19.1,0.87,6.8,1.38,19.39,11.75,1384.9,1.243,5256.0,0.0,47.12
-13.8402,29.361,Africa,Winter Cereals,6.1,14.7,13.2,1.01,5.6,1.39,19.39,11.75,1384.9,1.243,5256.0,0.0,47.12
-13.8209,29.2734,Africa,Winter Cereals,6.1,15.9,18.8,1.03,7.4,1.38,19.39,11.75,1384.9,1.243,5256.0,0.0,47.12
-13.8261,29.3908,Africa,Winter Cereals,6.0,16.7,14.7,1.08,6.6,1.39,19.39,11.75,1384.9,1.243,5256.0,0.0,47.12
-13.8536,29.4053,Africa,Winter Cereals,6.2,14.8,17.8,0.96,7.3,1.4,19.39,11.75,1384.9,1.243,5256.0,0.0,47.12
-13.8448,29.411,Africa,Winter Cereals,6.1,16.1,15.8,0.98,6.7,1.4,19.39,11.75,1384.9,1.243,5256.0,0.0,47.12
-13.8318,29.4234,Africa,Winter Cereals,6.1,15.0,20.2,0.93,6.4,1.41,19.39,11.75,1384.9,1.243,5256.0,0.0,47.12
-13.8771,29.1075,Africa,Winter Cereals,6.2,18.9,18.1,1.12,8.0,1.34,20.32,11.41,1341.5,1.244,5593.0,0.0,44.25
-13.9086,29.1465,Africa,Winter Cereals,6.1,18.5,19.3,1.01,9.6,1.36,20.32,11.41,1341.5,1.244,5593.0,0.0,44.25
-13.9197,29.1367,Africa,Winter Cereals,6.3,19.0,18.2,1.09,7.6,1.36,20.32,11.41,1341.5,1.244,5593.0,0.0,44.25
-13.8303,29.4243,Africa,Winter Cereals,6.1,14.4,20.3,0.96,6.5,1.4,19.39,11.75,1384.9,1.243,5256.0,0.0,47.12
-13.9111,29.1413,Africa,Winter Cereals,6.2,19.0,18.9,1.05,9.3,1.37,20.32,11.41,1341.5,1.244,5593.0,0.0,44.25
-13.8791,29.1794,Africa,Winter Cereals,6.2,18.4,18.1,1.01,6.0,1.39,20.32,11.41,1341.5,1.244,5593.0,0.0,44.25
-13.9379,29.1373,Africa,Winter Cereals,6.2,18.1,16.7,1.05,9.0,1.34,20.32,11.41,1341.5,1.244,5593.0,0.0,44.25
-13.8806,29.2083,Africa,Winter Cereals,6.0,15.3,19.4,0.97,7.8,1.41,20.32,11.41,1341.5,1.244,5593.0,0.0,44.25
-13.8856,29.1827,Africa,Winter Cereals,6.1,15.9,18.8,1.05,6.5,1.4,20.32,11.41,1341.5,1.244,5593.0,0.0,44.25
-13.923,29.2358,Africa,Winter Cereals,6.0,15.2,19.4,1.04,6.6,1.37,20.32,11.41,1341.5,1.244,5593.0,0.0,44.25
-13.9156,29.2363,Africa,Winter Cereals,6.0,18.1,16.3,1.01,6.8,1.39,20.32,11.41,1341.5,1.244,5593.0,0.0,44.25
-13.8965,29.2464,Africa,Winter Cereals,6.2,16.3,19.0,1.06,6.8,1.4,20.32,11.41,1341.5,1.244,5593.0,0.0,44.25
-13.9309,29.2182,Africa,Winter Cereals,6.2,27.7,21.9,1.22,8.2,1.38,20.32,11.41,1341.5,1.244,5593.0,0.0,44.25
-13.9146,29.2372,Africa,Winter Cereals,6.0,17.1,16.6,1.05,6.5,1.39,20.32,11.41,1341.5,1.244,5593.0,0.0,44.25
-13.8605,29.2433,Africa,Winter Cereals,6.2,14.5,19.9,0.92,5.6,1.37,19.39,11.75,1384.9,1.243,5256.0,0.0,47.12
-13.913,29.2289,Africa,Winter Cereals,6.1,15.1,17.6,1.07,6.8,1.39,20.32,11.41,1341.5,1.244,5593.0,0.0,44.25
-13.8642,29.3077,Africa,Winter Cereals,6.2,18.0,16.7,1.07,8.3,1.4,19.39,11.75,1384.9,1.243,5256.0,0.0,47.12
-13.866,29.2752,Africa,Winter Cereals,6.1,16.8,15.4,1.04,5.6,1.38,19.39,11.75,1384.9,1.243,5256.0,0.0,47.12
-13.8996,29.3347,Africa,Winter Cereals,6.2,21.5,20.8,1.08,7.9,1.39,20.32,11.41,1341.5,1.244,5593.0,0.0,44.25
-13.8616,29.2877,Africa,Winter Cereals,6.2,17.3,16.5,1.06,7.7,1.38,19.39,11.75,1384.9,1.243,5256.0,0.0,47.12
-13.8631,29.2889,Africa,Winter Cereals,6.1,17.3,15.5,1.13,7.8,1.39,19.39,11.75,1384.9,1.243,5256.0,0.0,47.12
-13.8937,29.3378,Africa,Winter Cereals,6.2,16.6,18.0,1.03,8.3,1.37,20.32,11.41,1341.5,1.244,5593.0,0.0,44.25
-13.8783,29.2953,Africa,Winter Cereals,6.2,15.2,15.1,1.14,6.6,1.39,20.32,11.41,1341.5,1.244,5593.0,0.0,44.25
-13.8625,29.3317,Africa,Winter Cereals,6.1,15.0,18.9,0.95,6.9,1.39,19.39,11.75,1384.9,1.243,5256.0,0.0,47.12
-13.8945,29.2781,Africa,Winter Cereals,6.2,15.4,14.3,0.99,6.9,1.41,20.32,11.41,1341.5,1.244,5593.0,0.0,44.25
-13.8737,29.3222,Africa,Winter Cereals,6.2,17.1,19.1,1.02,8.4,1.38,19.39,11.75,1384.9,1.243,5256.0,0.0,47.12
-13.9164,29.4063,Africa,Winter Cereals,6.2,14.7,18.0,0.92,6.2,1.4,20.32,11.41,1341.5,1.244,5593.0,0.0,44.25
-13.8591,29.3876,Africa,Winter Cereals,6.2,15.7,18.5,0.94,8.3,1.42,19.39,11.75,1384.9,1.243,5256.0,0.0,47.12
-13.8958,29.3954,Africa,Winter Cereals,6.1,16.7,19.1,0.96,7.7,1.39,20.32,11.41,1341.5,1.244,5593.0,0.0,44.25
-13.8567,29.3933,Africa,Winter Cereals,6.2,14.9,19.9,1.0,8.1,1.4,19.39,11.75,1384.9,1.243,5256.0,0.0,47.12
-13.9106,29.3938,Africa,Winter Cereals,6.1,17.2,17.9,1.04,6.2,1.37,20.32,11.41,1341.5,1.244,5593.0,0.0,44.25
-13.8621,29.3836,Africa,Winter Cereals,6.3,14.0,17.7,1.07,6.9,1.43,19.39,11.75,1384.9,1.243,5256.0,0.0,47.12
-13.8956,29.3988,Africa,Winter Cereals,6.2,16.5,18.2,0.97,7.0,1.41,20.32,11.41,1341.5,1.244,5593.0,0.0,44.25
-13.8581,29.3868,Africa,Winter Cereals,6.2,15.1,19.4,1.0,8.6,1.41,19.39,11.75,1384.9,1.243,5256.0,0.0,47.12
-13.8751,29.3494,Africa,Winter Cereals,6.2,46.1,18.7,1.02,7.2,1.21,20.32,11.41,1341.5,1.244,5593.0,0.0,44.25
-13.9204,29.3567,Africa,Winter Cereals,6.1,19.8,17.2,0.95,6.3,1.38,20.32,11.41,1341.5,1.244,5593.0,0.0,44.25
-13.9131,29.3563,Africa,Winter Cereals,6.1,20.0,18.6,0.94,7.3,1.38,20.32,11.41,1341.5,1.244,5593.0,0.0,44.25
-13.8565,29.3937,Africa,Winter Cereals,6.2,15.0,19.4,1.08,7.8,1.39,19.39,11.75,1384.9,1.243,5256.0,0.0,47.12
-13.8636,29.3942,Africa,Winter Cereals,6.2,14.9,22.1,1.0,7.0,1.39,19.39,11.75,1384.9,1.243,5256.0,0.0,47.12
-13.8603,29.3751,Africa,Winter Cereals,6.2,16.8,17.7,1.0,7.6,1.41,19.39,11.75,1384.9,1.243,5256.0,0.0,47.12
-13.9001,29.586,Africa,Winter Cereals,6.2,15.8,17.2,0.96,7.6,1.44,20.32,11.41,1341.5,1.244,5593.0,0.0,44.25
-13.9951,29.139,Africa,Winter Cereals,6.2,22.1,18.6,1.16,8.8,1.4,20.32,11.41,1341.5,1.244,5593.0,0.0,44.25
-14.0781,28.5318,Africa,Winter Cereals,6.1,15.2,27.1,1.05,6.6,1.38,20.6,12.73,1163.5,1.336,5696.0,0.0,38.03
-14.0711,28.5525,Africa,Winter Cereals,6.0,14.1,18.9,0.96,7.1,1.38,20.6,12.73,1163.5,1.336,5696.0,0.0,38.03
-14.0714,28.56,Africa,Winter Cereals,6.1,17.3,19.0,1.13,7.7,1.38,20.6,12.73,1163.5,1.336,5696.0,0.0,38.03
-14.1925,28.6227,Africa,Winter Cereals,6.0,14.9,20.8,1.07,6.2,1.39,20.6,12.73,1163.5,1.336,5696.0,0.0,38.03
-14.0907,28.5227,Africa,Winter Cereals,6.1,16.0,24.3,1.03,6.6,1.35,20.6,12.73,1163.5,1.336,5696.0,0.0,38.03
-14.2215,28.6333,Africa,Winter Cereals,6.2,14.0,21.2,0.98,5.8,1.4,20.6,12.73,1163.5,1.336,5696.0,0.0,38.03
-14.2446,28.5878,Africa,Winter Cereals,6.2,15.6,24.2,1.02,7.0,1.38,20.6,12.73,1163.5,1.336,5696.0,0.0,38.03
-14.2455,28.5905,Africa,Winter Cereals,6.3,15.1,26.6,0.98,6.6,1.37,20.6,12.73,1163.5,1.336,5696.0,0.0,38.03
-14.2228,28.6334,Africa,Winter Cereals,6.1,14.7,21.3,1.04,5.9,1.39,20.6,12.73,1163.5,1.336,5696.0,0.0,38.03
-14.2444,28.5743,Africa,Winter Cereals,6.2,15.5,25.8,1.05,6.1,1.38,20.6,12.73,1163.5,1.336,5696.0,0.0,38.03
-14.2454,28.5823,Africa,Winter Cereals,6.2,14.9,25.0,1.07,6.8,1.39,20.6,12.73,1163.5,1.336,5696.0,0.0,38.03
-14.2008,28.6231,Africa,Winter Cereals,6.0,15.6,18.5,0.97,6.6,1.37,20.6,12.73,1163.5,1.336,5696.0,0.0,38.03
-14.2116,28.6239,Africa,Winter Cereals,6.0,14.4,18.5,1.08,5.5,1.39,20.6,12.73,1163.5,1.336,5696.0,0.0,38.03
-14.3127,28.3812,Africa,Winter Cereals,6.2,14.8,23.8,1.01,5.7,1.36,20.6,12.73,1163.5,1.336,5696.0,0.0,38.03
-14.2458,28.8554,Africa,Winter Cereals,6.0,14.1,15.0,0.97,5.6,1.4,20.6,12.73,1163.5,1.336,5696.0,0.0,38.03
-14.2115,28.6276,Africa,Winter Cereals,6.0,14.7,19.3,1.04,5.7,1.39,20.6,12.73,1163.5,1.336,5696.0,0.0,38.03
-14.3086,28.3827,Africa,Winter Cereals,6.1,16.9,20.9,1.08,6.4,1.36,20.6,12.73,1163.5,1.336,5696.0,0.0,38.03
-14.3401,28.4473,Africa,Winter Cereals,6.3,17.7,24.3,1.06,6.1,1.39,20.6,12.73,1163.5,1.336,5696.0,0.0,38.03
-14.3157,28.4576,Africa,Winter Cereals,6.2,16.9,16.8,1.13,6.0,1.41,20.6,12.73,1163.5,1.336,5696.0,0.0,38.03
-14.3261,28.4531,Africa,Winter Cereals,6.3,16.5,17.7,1.16,6.1,1.42,20.6,12.73,1163.5,1.336,5696.0,0.0,38.03
-14.3246,28.4544,Africa,Winter Cereals,6.2,17.0,17.6,1.09,6.0,1.41,20.6,12.73,1163.5,1.336,5696.0,0.0,38.03
-14.3407,28.4464,Africa,Winter Cereals,6.3,17.7,24.3,1.06,6.1,1.39,20.6,12.73,1163.5,1.336,5696.0,0.0,38.03
-14.3484,28.4672,Africa,Winter Cereals,6.2,15.6,20.8,1.05,5.7,1.37,20.6,12.73,1163.5,1.336,5696.0,0.0,38.03
-14.3528,28.4963,Africa,Winter Cereals,6.1,15.5,25.3,0.98,6.8,1.4,20.6,12.73,1163.5,1.336,5696.0,0.0,38.03
-14.3201,28.5378,Africa,Winter Cereals,6.0,15.3,19.4,0.98,5.8,1.41,20.6,12.73,1163.5,1.336,5696.0,0.0,38.03
-14.3477,28.5478,Africa,Winter Cereals,6.1,15.5,19.6,1.1,6.0,1.39,20.6,12.73,1163.5,1.336,5696.0,0.0,38.03
-14.3076,28.537,Africa,Winter Cereals,6.1,15.7,20.7,1.05,6.8,1.41,20.6,12.73,1163.5,1.336,5696.0,0.0,38.03
-14.3105,28.5285,Africa,Winter Cereals,6.1,16.6,18.0,0.93,5.6,1.41,20.6,12.73,1163.5,1.336,5696.0,0.0,38.03
-14.2975,28.5449,Africa,Winter Cereals,6.0,15.5,23.2,1.08,7.4,1.41,20.6,12.73,1163.5,1.336,5696.0,0.0,38.03
-14.3543,28.4941,Africa,Winter Cereals,6.0,16.4,26.0,0.97,7.3,1.39,20.6,12.73,1163.5,1.336,5696.0,0.0,38.03
-14.4412,28.2928,Africa,Winter Cereals,6.4,16.2,21.6,1.08,6.1,1.37,21.47,12.63,1098.9,1.268,6013.0,0.0,34.92
-14.4505,28.2985,Africa,Winter Cereals,6.3,18.0,22.0,1.1,6.7,1.38,21.47,12.63,1098.9,1.268,6013.0,0.0,34.92
-14.4401,28.295,Africa,Winter Cereals,6.4,17.1,21.6,1.03,5.5,1.38,21.47,12.63,1098.9,1.268,6013.0,0.0,34.92
-14.3817,28.3514,Africa,Winter Cereals,6.1,14.7,19.1,0.96,5.4,1.39,21.47,12.63,1098.9,1.268,6013.0,0.0,34.92
-14.4207,28.2981,Africa,Winter Cereals,6.3,14.4,17.5,0.98,5.2,1.4,21.47,12.63,1098.9,1.268,6013.0,0.0,34.92
-14.4858,28.2434,Africa,Winter Cereals,6.0,15.0,24.4,1.06,6.7,1.38,21.47,12.63,1098.9,1.268,6013.0,0.0,34.92
-14.4534,28.2867,Africa,Winter Cereals,6.2,15.4,21.6,1.01,5.9,1.39,21.47,12.63,1098.9,1.268,6013.0,0.0,34.92
-14.4546,28.292,Africa,Winter Cereals,6.3,17.9,20.1,1.18,6.7,1.4,21.47,12.63,1098.9,1.268,6013.0,0.0,34.92
-14.5268,28.3578,Africa,Winter Cereals,6.2,14.2,16.6,0.97,5.3,1.43,21.47,12.63,1098.9,1.268,6013.0,0.0,34.92
-14.6171,28.2337,Africa,Winter Cereals,6.2,16.6,17.7,1.02,14.8,1.4,21.47,12.63,1098.9,1.268,6013.0,0.0,34.92
-14.6006,28.3696,Africa,Winter Cereals,6.3,20.4,17.2,0.98,7.6,1.37,21.47,12.63,1098.9,1.268,6013.0,0.0,34.92
-14.6004,28.3702,Africa,Winter Cereals,6.3,20.4,17.2,0.98,7.6,1.37,21.47,12.63,1098.9,1.268,6013.0,0.0,34.92
-14.6012,28.3358,Africa,Winter Cereals,6.4,14.4,21.8,0.95,5.5,1.4,21.47,12.63,1098.9,1.268,6013.0,0.0,34.92
-14.3824,28.3603,Africa,Winter Cereals,6.1,15.2,20.8,0.94,5.6,1.4,21.47,12.63,1098.9,1.268,6013.0,0.0,34.92
-14.6357,26.9482,Africa,Winter Cereals,6.1,16.6,23.8,1.03,7.0,1.4,21.73,13.13,1073.2,1.278,6109.0,0.0,33.82
-14.6956,27.0008,Africa,Winter Cereals,6.1,15.7,20.3,1.04,6.6,1.39,21.73,13.13,1073.2,1.278,6109.0,0.0,33.82
-14.6595,28.4358,Africa,Winter Cereals,6.3,16.3,18.5,1.18,5.8,1.41,21.47,12.63,1098.9,1.268,6013.0,0.0,34.92
-14.6842,26.9867,Africa,Winter Cereals,6.1,17.8,21.6,0.95,6.8,1.38,21.73,13.13,1073.2,1.278,6109.0,0.0,33.82
-14.6812,28.4401,Africa,Winter Cereals,6.3,15.0,19.4,1.03,6.7,1.44,21.47,12.63,1098.9,1.268,6013.0,0.0,34.92
-14.7761,26.9631,Africa,Winter Cereals,6.1,16.1,21.8,1.11,6.3,1.38,21.73,13.13,1073.2,1.278,6109.0,0.0,33.82
-14.7482,28.3561,Africa,Winter Cereals,6.2,14.9,24.1,1.2,8.5,1.43,21.47,12.63,1098.9,1.268,6013.0,0.0,34.92
-14.7656,26.9863,Africa,Winter Cereals,6.1,17.3,22.1,0.97,6.9,1.37,21.73,13.13,1073.2,1.278,6109.0,0.0,33.82
-14.8428,28.0134,Africa,Winter Cereals,6.1,18.2,29.4,1.11,13.5,1.4,21.65,12.64,1044.2,1.419,6080.0,0.0,32.99
-14.8431,28.025,Africa,Winter Cereals,6.0,15.9,28.8,1.09,8.4,1.41,21.65,12.64,1044.2,1.419,6080.0,0.0,32.99
-14.8697,28.0281,Africa,Winter Cereals,6.3,16.6,27.0,1.31,11.1,1.41,21.65,12.64,1044.2,1.419,6080.0,0.0,32.99
-14.8731,27.9912,Africa,Winter Cereals,6.3,16.1,28.8,1.35,10.1,1.4,21.65,12.64,1044.2,1.419,6080.0,0.0,32.99
-14.8455,28.0154,Africa,Winter Cereals,6.1,18.3,29.2,1.12,14.0,1.41,21.65,12.64,1044.2,1.419,6080.0,0.0,32.99
-14.8328,28.0146,Africa,Winter Cereals,6.1,17.4,27.5,1.13,11.7,1.4,21.65,12.64,1044.2,1.419,6080.0,0.0,32.99
-14.815,28.0338,Africa,Winter Cereals,6.1,14.6,26.4,1.13,6.9,1.41,21.65,12.64,1044.2,1.419,6080.0,0.0,32.99
-14.8421,28.0612,Africa,Winter Cereals,6.2,15.2,29.7,1.09,7.0,1.38,21.65,12.64,1044.2,1.419,6080.0,0.0,32.99
-14.8581,28.0241,Africa,Winter Cereals,6.2,17.3,29.6,1.25,9.8,1.4,21.65,12.64,1044.2,1.419,6080.0,0.0,32.99
-14.8755,28.2231,Africa,Winter Cereals,6.3,15.1,18.1,1.25,10.5,1.45,21.65,12.64,1044.2,1.419,6080.0,0.0,32.99
-14.8741,28.2228,Africa,Winter Cereals,6.3,15.1,18.1,1.25,10.5,1.45,21.47,12.63,1098.9,1.268,6013.0,0.0,34.92
-14.8218,28.0364,Africa,Winter Cereals,6.3,17.3,27.6,1.13,7.8,1.41,21.65,12.64,1044.2,1.419,6080.0,0.0,32.99
-14.8645,28.2413,Africa,Winter Cereals,6.2,16.2,20.9,1.11,15.3,1.44,21.47,12.63,1098.9,1.268,6013.0,0.0,34.92
-14.8746,28.2223,Africa,Winter Cereals,6.3,15.1,18.1,1.25,10.5,1.45,21.47,12.63,1098.9,1.268,6013.0,0.0,34.92
-14.4981,28.2175,Africa,Winter Cereals,6.1,17.9,28.6,1.33,7.7,1.36,21.47,12.63,1098.9,1.268,6013.0,0.0,34.92
-14.8291,28.2779,Africa,Winter Cereals,6.2,15.5,19.6,1.07,6.9,1.44,21.47,12.63,1098.9,1.268,6013.0,0.0,34.92
-14.8592,28.2436,Africa,Winter Cereals,6.3,16.4,20.8,1.13,9.7,1.46,21.47,12.63,1098.9,1.268,6013.0,0.0,34.92
-14.8376,28.2642,Africa,Winter Cereals,6.1,21.0,19.8,1.24,6.8,1.42,21.47,12.63,1098.9,1.268,6013.0,0.0,34.92
-14.855,28.0403,Africa,Winter Cereals,6.2,20.1,26.5,1.3,9.1,1.4,21.65,12.64,1044.2,1.419,6080.0,0.0,32.99
-14.8141,28.2632,Africa,Winter Cereals,6.2,13.2,21.8,1.08,8.5,1.45,21.47,12.63,1098.9,1.268,6013.0,0.0,34.92
-14.8251,28.2654,Africa,Winter Cereals,6.3,20.4,22.3,1.35,10.0,1.44,21.47,12.63,1098.9,1.268,6013.0,0.0,34.92
-14.8122,28.4003,Africa,Winter Cereals,6.3,13.4,22.7,1.25,9.8,1.47,21.47,12.63,1098.9,1.268,6013.0,0.0,34.92
-14.8707,28.2372,Africa,Winter Cereals,6.3,15.4,18.2,1.09,14.5,1.45,21.47,12.63,1098.9,1.268,6013.0,0.0,34.92
-14.8011,28.3366,Africa,Winter Cereals,6.1,17.0,21.7,1.21,10.9,1.45,21.47,12.63,1098.9,1.268,6013.0,0.0,34.92
-14.8501,28.2773,Africa,Winter Cereals,6.2,16.9,23.0,1.14,7.9,1.43,21.47,12.63,1098.9,1.268,6013.0,0.0,34.92
-14.8186,28.3933,Africa,Winter Cereals,6.3,13.9,23.1,1.17,7.4,1.47,21.47,12.63,1098.9,1.268,6013.0,0.0,34.92
-14.8111,28.4072,Africa,Winter Cereals,6.2,14.7,22.1,1.23,11.2,1.47,21.47,12.63,1098.9,1.268,6013.0,0.0,34.92
-14.8183,28.3303,Africa,Winter Cereals,6.2,19.3,23.9,1.26,9.3,1.43,21.47,12.63,1098.9,1.268,6013.0,0.0,34.92
-14.8143,28.4079,Africa,Winter Cereals,6.3,13.7,21.7,1.18,10.4,1.47,21.47,12.63,1098.9,1.268,6013.0,0.0,34.92
-14.7992,28.3383,Africa,Winter Cereals,6.1,18.7,23.8,1.09,19.3,1.44,21.47,12.63,1098.9,1.268,6013.0,0.0,34.92
-14.8871,28.0195,Africa,Winter Cereals,6.3,15.7,23.3,1.47,10.5,1.41,21.65,12.64,1044.2,1.419,6080.0,0.0,32.99
-14.9504,28.03,Africa,Winter Cereals,6.3,15.8,23.4,1.15,6.4,1.42,21.65,12.64,1044.2,1.419,6080.0,0.0,32.99
-14.9266,28.0589,Africa,Winter Cereals,6.2,14.5,25.5,1.06,7.5,1.44,21.65,12.64,1044.2,1.419,6080.0,0.0,32.99
-14.9354,28.0237,Africa,Winter Cereals,6.3,17.5,22.7,1.24,7.3,1.41,21.65,12.64,1044.2,1.419,6080.0,0.0,32.99
-14.9136,28.0735,Africa,Winter Cereals,6.2,16.3,25.6,1.38,9.9,1.43,21.65,12.64,1044.2,1.419,6080.0,0.0,32.99
-14.9213,28.1079,Africa,Winter Cereals,6.1,14.3,22.9,1.12,6.4,1.42,21.65,12.64,1044.2,1.419,6080.0,0.0,32.99
-14.9221,28.1057,Africa,Winter Cereals,6.1,13.5,22.8,1.09,6.2,1.42,21.65,12.64,1044.2,1.419,6080.0,0.0,32.99
-14.9493,28.0913,Africa,Winter Cereals,6.1,16.5,25.7,1.12,7.3,1.42,21.65,12.64,1044.2,1.419,6080.0,0.0,32.99
-14.8959,28.2167,Africa,Winter Cereals,6.1,14.9,20.3,0.99,8.0,1.45,21.65,12.64,1044.2,1.419,6080.0,0.0,32.99
-15.0211,28.0409,Africa,Winter Cereals,6.2,15.1,20.5,1.13,6.3,1.41,21.65,12.64,1044.2,1.419,6080.0,0.0,32.99
-14.8977,28.2923,Africa,Winter Cereals,6.3,15.7,18.2,1.06,6.6,1.44,21.65,12.64,1044.2,1.419,6080.0,0.0,32.99
-14.9798,28.0387,Africa,Winter Cereals,6.1,19.4,23.8,1.29,7.8,1.41,21.65,12.64,1044.2,1.419,6080.0,0.0,32.99
-14.9756,28.0486,Africa,Winter Cereals,6.2,18.8,22.1,1.01,6.3,1.41,21.65,12.64,1044.2,1.419,6080.0,0.0,32.99
-15.006,28.0538,Africa,Winter Cereals,6.1,13.8,21.4,1.0,7.1,1.42,21.65,12.64,1044.2,1.419,6080.0,0.0,32.99
-15.0011,28.0453,Africa,Winter Cereals,6.2,14.4,21.6,1.1,6.7,1.41,21.65,12.64,1044.2,1.419,6080.0,0.0,32.99
-14.9031,28.2319,Africa,Winter Cereals,6.4,15.3,19.5,1.13,6.8,1.43,21.65,12.64,1044.2,1.419,6080.0,0.0,32.99
-14.9685,28.0812,Africa,Winter Cereals,6.2,14.5,21.6,1.15,6.3,1.43,21.65,12.64,1044.2,1.419,6080.0,0.0,32.99
-15.0074,28.086,Africa,Winter Cereals,6.2,17.0,22.2,1.21,7.6,1.38,21.65,12.64,1044.2,1.419,6080.0,0.0,32.99
-15.0137,28.1315,Africa,Winter Cereals,6.1,16.8,21.0,1.35,8.7,1.44,21.65,12.64,1044.2,1.419,6080.0,0.0,32.99
-15.0061,28.0645,Africa,Winter Cereals,6.1,15.0,21.7,1.04,8.0,1.4,21.65,12.64,1044.2,1.419,6080.0,0.0,32.99
-15.0064,28.1174,Africa,Winter Cereals,6.1,16.8,21.5,1.1,7.3,1.41,21.65,12.64,1044.2,1.419,6080.0,0.0,32.99
-15.0157,28.1279,Africa,Winter Cereals,6.1,20.1,20.9,1.38,9.9,1.43,21.65,12.64,1044.2,1.419,6080.0,0.0,32.99
-14.9956,28.2256,Africa,Winter Cereals,6.1,13.6,21.3,0.93,6.8,1.45,21.65,12.64,1044.2,1.419,6080.0,0.0,32.99
-15.0048,28.1167,Africa,Winter Cereals,6.1,16.1,21.9,1.1,7.1,1.42,21.65,12.64,1044.2,1.419,6080.0,0.0,32.99
-15.0083,28.2223,Africa,Winter Cereals,6.3,14.6,22.1,1.1,8.3,1.44,21.65,12.64,1044.2,1.419,6080.0,0.0,32.99
-14.9888,28.2489,Africa,Winter Cereals,6.4,16.9,26.5,1.17,8.1,1.41,21.65,12.64,1044.2,1.419,6080.0,0.0,32.99
48.9589,-103.9989,US,Spring Cereals,7.2,41.4,29.8,3.84,23.7,1.21,5.83,11.71,402.0,0.934,2191.0,183.8,25.39
48.9585,-103.9911,US,Spring Cereals,7.2,41.2,28.5,3.65,23.0,1.21,5.83,11.71,402.0,0.934,2191.0,183.8,25.39
48.9651,-104.0113,US,Spring Cereals,7.1,45.8,29.0,4.09,23.9,1.21,5.83,11.71,402.0,0.934,2191.0,183.8,25.39
48.9524,-104.0361,US,Spring Cereals,7.3,40.5,32.6,3.64,24.4,1.21,5.83,11.71,402.0,0.934,2191.0,183.8,25.39
48.9521,-104.0385,US,Spring Cereals,7.2,37.3,33.1,3.61,24.3,1.21,5.83,11.71,402.0,0.934,2191.0,183.8,25.39
48.9654,-104.0041,US,Spring Cereals,7.2,53.3,30.9,3.76,24.1,1.23,5.83,11.71,402.0,0.934,2191.0,183.8,25.39
48.9491,-104.0351,US,Spring Cereals,7.3,39.8,32.5,3.6,24.7,1.21,5.83,11.71,402.0,0.934,2191.0,183.8,25.39
48.947,-104.0306,US,Spring Cereals,7.3,37.5,31.5,3.73,23.6,1.2,5.83,11.71,402.0,0.934,2191.0,183.8,25.39
48.9489,-104.0374,US,Spring Cereals,7.3,39.8,32.5,3.6,24.7,1.21,5.83,11.71,402.0,0.934,2191.0,183.8,25.39
48.9718,-103.9962,US,Spring Cereals,7.3,42.2,28.8,3.59,24.1,1.21,5.83,11.71,402.0,0.934,2191.0,183.8,25.39
48.9617,-103.9934,US,Spring Cereals,7.1,40.7,29.2,3.63,23.0,1.21,5.83,11.71,402.0,0.934,2191.0,183.8,25.39
48.9642,-103.9904,US,Spring Cereals,7.2,41.0,29.8,3.68,23.4,1.21,5.83,11.71,402.0,0.934,2191.0,183.8,25.39
48.968,-103.9019,US,Spring Cereals,7.3,43.3,30.8,3.61,25.3,1.19,5.83,11.71,402.0,0.934,2191.0,183.8,25.39
48.9627,-103.9772,US,Spring Cereals,7.3,44.6,27.4,3.65,23.9,1.21,5.83,11.71,402.0,0.934,2191.0,183.8,25.39
48.9701,-103.9879,US,Spring Cereals,7.2,37.3,27.9,3.7,24.6,1.2,5.83,11.71,402.0,0.934,2191.0,183.8,25.39
48.9679,-103.9414,US,Spring Cereals,7.1,49.5,30.8,3.58,23.6,1.19,5.83,11.71,402.0,0.934,2191.0,183.8,25.39
48.9851,-103.9674,US,Spring Cereals,7.1,40.8,27.1,3.61,25.0,1.15,5.83,11.71,402.0,0.934,2191.0,183.8,25.39
48.9552,-103.9839,US,Spring Cereals,7.2,41.9,26.1,3.55,23.5,1.22,5.83,11.71,402.0,0.934,2191.0,183.8,25.39
48.9542,-104.0359,US,Spring Cereals,7.3,40.5,32.6,3.64,24.4,1.21,5.83,11.71,402.0,0.934,2191.0,183.8,25.39
48.9709,-103.9656,US,Spring Cereals,7.2,42.4,27.1,3.43,24.8,1.21,5.83,11.71,402.0,0.934,2191.0,183.8,25.39
48.983,-103.9254,US,Spring Cereals,7.1,47.8,30.7,3.56,25.7,1.19,5.83,11.71,402.0,0.934,2191.0,183.8,25.39
48.9374,-103.9749,US,Spring Cereals,7.3,41.1,29.8,3.52,23.7,1.21,5.83,11.71,402.0,0.934,2191.0,183.8,25.39
48.9883,-103.9079,US,Spring Cereals,7.1,51.9,31.7,3.74,25.7,1.18,5.83,11.71,402.0,0.934,2191.0,183.8,25.39
48.9699,-103.9396,US,Spring Cereals,7.2,50.4,31.1,3.57,24.0,1.19,5.83,11.71,402.0,0.934,2191.0,183.8,25.39
48.9336,-103.9775,US,Spring Cereals,7.3,43.2,29.5,3.5,23.8,1.22,5.83,11.71,402.0,0.934,2191.0,183.8,25.39
48.9865,-103.9095,US,Spring Cereals,7.2,49.8,32.7,3.71,25.8,1.19,5.83,11.71,402.0,0.934,2191.0,183.8,25.39
48.9577,-103.9727,US,Spring Cereals,7.2,43.6,28.1,3.75,23.4,1.21,5.83,11.71,402.0,0.934,2191.0,183.8,25.39
48.9577,-103.9727,US,Spring Cereals,7.2,43.6,28.1,3.75,23.4,1.21,5.83,11.71,402.0,0.934,2191.0,183.8,25.39
48.9389,-103.9755,US,Spring Cereals,7.3,41.3,24.3,3.28,23.8,1.2,5.83,11.71,402.0,0.934,2191.0,183.8,25.39
48.9575,-103.973,US,Spring Cereals,7.2,43.6,28.1,3.75,23.4,1.21,5.83,11.71,402.0,0.934,2191.0,183.8,25.39
48.9575,-103.973,US,Spring Cereals,7.2,43.6,28.1,3.75,23.4,1.21,5.83,11.71,402.0,0.934,2191.0,183.8,25.39
48.9716,-103.9307,US,Spring Cereals,7.2,48.0,31.7,3.63,25.3,1.19,5.83,11.71,402.0,0.934,2191.0,183.8,25.39
48.9365,-103.8441,US,Spring Cereals,7.2,44.0,29.3,3.53,25.2,1.24,5.83,11.71,402.0,0.934,2191.0,183.8,25.39
48.9598,-103.898,US,Spring Cereals,7.2,43.3,30.6,3.49,25.9,1.22,5.83,11.71,402.0,0.934,2191.0,183.8,25.39
48.9598,-103.897,US,Spring Cereals,7.2,43.3,30.6,3.49,25.9,1.22,5.83,11.71,402.0,0.934,2191.0,183.8,25.39
48.9776,-103.8841,US,Spring Cereals,7.2,51.6,34.6,3.63,24.0,1.21,5.83,11.71,402.0,0.934,2191.0,183.8,25.39
48.9826,-103.8184,US,Spring Cereals,7.2,50.3,33.3,3.66,26.9,1.19,5.83,11.71,402.0,0.934,2191.0,183.8,25.39
48.9585,-103.8932,US,Spring Cereals,7.2,45.3,31.3,3.56,25.9,1.21,5.83,11.71,402.0,0.934,2191.0,183.8,25.39
48.975,-103.8878,US,Spring Cereals,7.3,49.4,33.3,3.57,24.4,1.21,5.83,11.71,402.0,0.934,2191.0,183.8,25.39
48.9352,-103.7397,US,Spring Cereals,7.3,55.9,29.5,3.32,25.6,1.19,5.83,11.71,402.0,0.934,2191.0,183.8,25.39
48.9834,-103.8669,US,Spring Cereals,7.1,47.6,33.1,3.87,24.9,1.2,5.83,11.71,402.0,0.934,2191.0,183.8,25.39
48.9356,-103.7384,US,Spring Cereals,7.3,48.6,29.2,3.61,25.0,1.17,5.83,11.71,402.0,0.934,2191.0,183.8,25.39
48.9361,-103.7767,US,Spring Cereals,7.2,50.7,30.7,3.68,25.0,1.23,5.83,11.71,402.0,0.934,2191.0,183.8,25.39
48.9591,-103.6924,US,Spring Cereals,7.0,45.7,29.7,3.88,24.6,1.17,5.83,11.71,402.0,0.934,2191.0,183.8,25.39
48.9847,-103.668,US,Spring Cereals,7.1,49.2,29.6,3.84,23.7,1.17,5.83,11.71,402.0,0.934,2191.0,183.8,25.39
48.959,-103.6969,US,Spring Cereals,7.0,45.7,29.9,3.9,25.0,1.19,5.83,11.71,402.0,0.934,2191.0,183.8,25.39
48.9719,-103.7199,US,Spring Cereals,7.3,46.9,30.9,3.58,26.4,1.2,5.83,11.71,402.0,0.934,2191.0,183.8,25.39
48.9596,-103.6755,US,Spring Cereals,7.0,44.2,32.1,3.79,24.9,1.17,5.83,11.71,402.0,0.934,2191.0,183.8,25.39
48.9653,-103.9393,US,Spring Cereals,7.1,48.9,30.4,3.56,24.2,1.18,5.83,11.71,402.0,0.934,2191.0,183.8,25.39
48.9861,-103.6493,US,Spring Cereals,7.1,49.1,32.1,3.54,25.2,1.16,5.83,11.71,402.0,0.934,2191.0,183.8,25.39
48.9419,-103.6643,US,Spring Cereals,7.0,44.3,35.3,4.0,23.3,1.15,5.83,11.71,402.0,0.934,2191.0,183.8,25.39
48.9311,-103.7189,US,Spring Cereals,7.2,42.7,31.6,3.89,26.2,1.17,5.83,11.71,402.0,0.934,2191.0,183.8,25.39
48.9663,-103.6665,US,Spring Cereals,7.1,48.0,32.6,3.6,25.3,1.17,5.83,11.71,402.0,0.934,2191.0,183.8,25.39
48.9377,-103.7256,US,Spring Cereals,7.2,46.2,31.1,3.89,25.8,1.18,5.83,11.71,402.0,0.934,2191.0,183.8,25.39
48.9616,-103.6738,US,Spring Cereals,7.0,47.8,31.2,3.81,24.6,1.17,5.83,11.71,402.0,0.934,2191.0,183.8,25.39
48.94,-103.6545,US,Spring Cereals,7.0,44.8,34.4,3.82,23.1,1.16,5.83,11.71,402.0,0.934,2191.0,183.8,25.39
48.9635,-103.6817,US,Spring Cereals,7.0,47.8,31.0,3.83,24.8,1.17,5.83,11.71,402.0,0.934,2191.0,183.8,25.39
48.9751,-103.6548,US,Spring Cereals,7.0,50.0,32.5,3.83,24.6,1.17,5.83,11.71,402.0,0.934,2191.0,183.8,25.39
48.9618,-103.7094,US,Spring Cereals,7.2,49.5,32.0,3.36,26.6,1.17,5.83,11.71,402.0,0.934,2191.0,183.8,25.39
48.9625,-103.7269,US,Spring Cereals,7.2,48.3,33.1,3.34,26.0,1.2,5.83,11.71,402.0,0.934,2191.0,183.8,25.39
48.9661,-103.6741,US,Spring Cereals,7.0,52.9,31.1,4.16,24.8,1.17,5.83,11.71,402.0,0.934,2191.0,183.8,25.39
48.9666,-103.6509,US,Spring Cereals,7.0,48.7,32.1,3.78,23.8,1.17,5.83,11.71,402.0,0.934,2191.0,183.8,25.39
48.9614,-103.6484,US,Spring Cereals,7.0,50.7,33.2,3.85,23.5,1.17,5.83,11.71,402.0,0.934,2191.0,183.8,25.39
48.9653,-103.6891,US,Spring Cereals,7.1,47.9,31.9,3.76,25.7,1.18,5.83,11.71,402.0,0.934,2191.0,183.8,25.39
48.9651,-103.7024,US,Spring Cereals,7.2,51.9,30.4,3.84,26.0,1.18,5.83,11.71,402.0,0.934,2191.0,183.8,25.39
48.9341,-103.6501,US,Spring Cereals,7.0,46.9,33.8,3.68,23.2,1.16,5.83,11.71,402.0,0.934,2191.0,183.8,25.39
48.9755,-103.7179,US,Spring Cereals,7.3,47.6,28.4,3.6,26.3,1.2,5.83,11.71,402.0,0.934,2191.0,183.8,25.39
48.9621,-103.6634,US,Spring Cereals,7.0,46.2,33.5,3.72,24.5,1.17,5.83,11.71,402.0,0.934,2191.0,183.8,25.39
48.9577,-103.6823,US,Spring Cereals,7.0,44.8,30.9,3.75,24.5,1.18,5.83,11.71,402.0,0.934,2191.0,183.8,25.39
48.9486,-103.6709,US,Spring Cereals,7.1,43.5,32.1,3.69,23.7,1.17,5.83,11.71,402.0,0.934,2191.0,183.8,25.39
48.9627,-103.6986,US,Spring Cereals,7.2,47.6,31.7,3.42,26.0,1.18,5.83,11.71,402.0,0.934,2191.0,183.8,25.39
48.9641,-103.6682,US,Spring Cereals,7.0,49.9,32.2,3.75,24.6,1.16,5.83,11.71,402.0,0.934,2191.0,183.8,25.39
48.9898,-103.6787,US,Spring Cereals,7.1,51.2,31.6,3.99,24.5,1.17,5.83,11.71,402.0,0.934,2191.0,183.8,25.39
48.9607,-103.6487,US,Spring Cereals,7.0,50.7,33.2,3.85,23.5,1.17,5.83,11.71,402.0,0.934,2191.0,183.8,25.39
48.9521,-103.7154,US,Spring Cereals,7.2,46.8,34.2,3.81,27.0,1.17,5.83,11.71,402.0,0.934,2191.0,183.8,25.39
48.9596,-103.6841,US,Spring Cereals,7.0,44.0,31.9,3.77,25.1,1.17,5.83,11.71,402.0,0.934,2191.0,183.8,25.39
48.9858,-103.5783,US,Spring Cereals,6.8,48.7,30.1,3.54,24.6,1.16,5.85,11.72,393.7,0.94,2220.0,184.4,24.84
48.9896,-103.6902,US,Spring Cereals,7.2,50.1,31.4,4.19,26.4,1.18,5.83,11.71,402.0,0.934,2191.0,183.8,25.39
48.9586,-103.5729,US,Spring Cereals,6.9,46.4,32.6,3.65,23.9,1.18,5.85,11.72,393.7,0.94,2220.0,184.4,24.84
48.9541,-103.698,US,Spring Cereals,6.9,42.8,32.3,3.67,25.0,1.19,5.83,11.71,402.0,0.934,2191.0,183.8,25.39
48.932,-103.5957,US,Spring Cereals,7.1,50.4,32.1,3.76,24.5,1.19,5.85,11.72,393.7,0.94,2220.0,184.4,24.84
48.9421,-103.6036,US,Spring Cereals,7.0,42.4,33.6,3.92,23.5,1.18,5.85,11.72,393.7,0.94,2220.0,184.4,24.84
48.9746,-103.6127,US,Spring Cereals,6.9,45.6,29.5,3.55,23.5,1.17,5.85,11.72,393.7,0.94,2220.0,184.4,24.84
48.9516,-103.6627,US,Spring Cereals,7.1,42.1,32.4,3.67,23.7,1.17,5.83,11.71,402.0,0.934,2191.0,183.8,25.39
48.9424,-103.5947,US,Spring Cereals,7.0,42.8,34.5,4.06,23.8,1.18,5.85,11.72,393.7,0.94,2220.0,184.4,24.84
48.967,-103.5792,US,Spring Cereals,6.8,50.0,32.3,3.69,23.3,1.16,5.85,11.72,393.7,0.94,2220.0,184.4,24.84
48.9411,-103.5626,US,Spring Cereals,7.2,54.4,29.5,3.66,23.7,1.18,5.85,11.72,393.7,0.94,2220.0,184.4,24.84
48.9846,-103.5947,US,Spring Cereals,6.8,44.9,28.7,3.45,23.9,1.17,5.85,11.72,393.7,0.94,2220.0,184.4,24.84
48.9416,-103.5646,US,Spring Cereals,7.1,46.4,29.0,3.65,23.7,1.18,5.85,11.72,393.7,0.94,2220.0,184.4,24.84
48.9466,-103.631,US,Spring Cereals,7.0,47.0,29.4,3.91,23.2,1.17,5.83,11.71,402.0,0.934,2191.0,183.8,25.39
48.9466,-103.631,US,Spring Cereals,7.0,47.0,29.4,3.91,23.2,1.17,5.83,11.71,402.0,0.934,2191.0,183.8,25.39
48.9314,-103.5964,US,Spring Cereals,7.1,48.8,32.1,3.79,24.3,1.18,5.85,11.72,393.7,0.94,2220.0,184.4,24.84
48.9888,-103.5859,US,Spring Cereals,6.8,46.9,30.9,3.59,23.9,1.17,5.85,11.72,393.7,0.94,2220.0,184.4,24.84
48.99,-103.6279,US,Spring Cereals,6.9,45.8,32.0,3.51,25.4,1.18,5.83,11.71,402.0,0.934,2191.0,183.8,25.39
48.9312,-103.6368,US,Spring Cereals,7.0,49.1,31.2,3.53,23.2,1.18,5.83,11.71,402.0,0.934,2191.0,183.8,25.39
48.9567,-103.5874,US,Spring Cereals,7.0,46.5,30.9,3.81,23.6,1.17,5.85,11.72,393.7,0.94,2220.0,184.4,24.84
48.9317,-103.6119,US,Spring Cereals,7.0,49.8,35.3,3.66,24.5,1.16,5.85,11.72,393.7,0.94,2220.0,184.4,24.84
48.9378,-103.6375,US,Spring Cereals,6.9,45.7,32.3,3.68,23.2,1.16,5.83,11.71,402.0,0.934,2191.0,183.8,25.39
48.9871,-103.6192,US,Spring Cereals,6.9,49.4,30.7,3.61,24.4,1.16,5.85,11.72,393.7,0.94,2220.0,184.4,24.84
48.9322,-103.5704,US,Spring Cereals,7.0,51.9,29.1,3.74,24.2,1.17,5.85,11.72,393.7,0.94,2220.0,184.4,24.84
48.9363,-103.5598,US,Spring Cereals,7.1,55.5,27.9,3.67,24.6,1.18,5.85,11.72,393.7,0.94,2220.0,184.4,24.84
48.9545,-103.6297,US,Spring Cereals,7.0,49.6,33.7,3.71,22.9,1.16,5.83,11.71,402.0,0.934,2191.0,183.8,25.39
48.9458,-103.5629,US,Spring Cereals,7.1,47.6,28.2,3.59,24.1,1.18,5.85,11.72,393.7,0.94,2220.0,184.4,24.84
48.9756,-103.6072,US,Spring Cereals,6.9,49.7,30.5,3.64,23.2,1.17,5.85,11.72,393.7,0.94,2220.0,184.4,24.84
48.9903,-103.5873,US,Spring Cereals,6.8,46.9,31.2,3.57,23.4,1.17,5.85,11.72,393.7,0.94,2220.0,184.4,24.84
48.9467,-103.6309,US,Spring Cereals,7.0,47.0,29.4,3.91,23.2,1.17,5.83,11.71,402.0,0.934,2191.0,183.8,25.39
48.9467,-103.6309,US,Spring Cereals,7.0,47.0,29.4,3.91,23.2,1.17,5.83,11.71,402.0,0.934,2191.0,183.8,25.39
48.9578,-103.5638,US,Spring Cereals,6.8,45.4,30.3,3.59,23.0,1.17,5.85,11.72,393.7,0.94,2220.0,184.4,24.84
48.9867,-103.6285,US,Spring Cereals,6.9,49.1,30.2,3.56,25.6,1.17,5.83,11.71,402.0,0.934,2191.0,183.8,25.39
48.9587,-103.6294,US,Spring Cereals,6.9,51.5,33.6,3.72,23.0,1.15,5.83,11.71,402.0,0.934,2191.0,183.8,25.39
48.9352,-103.6137,US,Spring Cereals,7.0,46.1,35.3,3.54,24.4,1.17,5.85,11.72,393.7,0.94,2220.0,184.4,24.84
48.9426,-103.5621,US,Spring Cereals,7.1,53.7,28.3,3.65,24.0,1.17,5.85,11.72,393.7,0.94,2220.0,184.4,24.84
48.9876,-103.5707,US,Spring Cereals,6.7,49.5,30.2,3.51,24.2,1.16,5.85,11.72,393.7,0.94,2220.0,184.4,24.84
48.9371,-103.5255,US,Spring Cereals,7.1,53.5,31.6,4.2,24.0,1.16,5.85,11.72,393.7,0.94,2220.0,184.4,24.84
48.9421,-103.5582,US,Spring Cereals,7.1,55.8,28.9,3.66,24.2,1.17,5.85,11.72,393.7,0.94,2220.0,184.4,24.84
48.9711,-103.602,US,Spring Cereals,6.9,49.2,30.6,3.66,23.3,1.17,5.85,11.72,393.7,0.94,2220.0,184.4,24.84
48.9754,-103.5335,US,Spring Cereals,6.8,49.2,30.6,3.57,25.5,1.15,5.85,11.72,393.7,0.94,2220.0,184.4,24.84
48.9468,-103.4749,US,Spring Cereals,7.0,50.5,31.4,4.06,23.4,1.17,5.85,11.72,393.7,0.94,2220.0,184.4,24.84
48.9396,-103.5062,US,Spring Cereals,7.2,49.6,31.4,4.04,26.2,1.15,5.85,11.72,393.7,0.94,2220.0,184.4,24.84
48.9674,-103.4742,US,Spring Cereals,6.9,44.3,31.6,3.7,24.7,1.17,5.85,11.72,393.7,0.94,2220.0,184.4,24.84
48.9324,-103.4741,US,Spring Cereals,6.9,48.1,31.1,3.51,23.8,1.16,5.85,11.72,393.7,0.94,2220.0,184.4,24.84
48.9351,-103.4804,US,Spring Cereals,7.0,44.6,33.2,3.7,25.6,1.16,5.85,11.72,393.7,0.94,2220.0,184.4,24.84
48.9617,-103.5452,US,Spring Cereals,6.6,47.6,31.4,3.73,23.1,1.17,5.85,11.72,393.7,0.94,2220.0,184.4,24.84
48.9485,-103.5206,US,Spring Cereals,7.0,49.2,29.1,3.76,24.1,1.19,5.85,11.72,393.7,0.94,2220.0,184.4,24.84
48.9869,-103.5033,US,Spring Cereals,6.9,49.6,28.9,3.89,24.4,1.17,5.85,11.72,393.7,0.94,2220.0,184.4,24.84
48.9404,-103.502,US,Spring Cereals,7.3,47.5,32.2,3.53,26.3,1.15,5.85,11.72,393.7,0.94,2220.0,184.4,24.84
48.9752,-103.5087,US,Spring Cereals,6.9,49.3,29.1,3.62,24.0,1.18,5.85,11.72,393.7,0.94,2220.0,184.4,24.84
48.9396,-103.485,US,Spring Cereals,7.2,46.7,32.0,3.66,25.6,1.16,5.85,11.72,393.7,0.94,2220.0,184.4,24.84
48.9311,-103.4787,US,Spring Cereals,7.0,46.0,31.6,3.69,24.7,1.19,5.85,11.72,393.7,0.94,2220.0,184.4,24.84
48.9466,-103.5015,US,Spring Cereals,7.2,48.1,30.7,3.57,26.4,1.16,5.85,11.72,393.7,0.94,2220.0,184.4,24.84
48.9753,-103.5015,US,Spring Cereals,6.8,48.2,30.4,3.69,23.9,1.17,5.85,11.72,393.7,0.94,2220.0,184.4,24.84
48.9843,-103.5429,US,Spring Cereals,6.7,50.5,30.6,3.8,25.0,1.16,5.85,11.72,393.7,0.94,2220.0,184.4,24.84
48.9857,-103.4899,US,Spring Cereals,6.9,53.4,28.9,3.79,23.3,1.15,5.85,11.72,393.7,0.94,2220.0,184.4,24.84
48.9761,-103.5375,US,Spring Cereals,6.8,48.6,32.1,3.67,25.4,1.16,5.85,11.72,393.7,0.94,2220.0,184.4,24.84
48.9541,-103.4939,US,Spring Cereals,7.1,47.6,33.2,3.7,24.6,1.16,5.85,11.72,393.7,0.94,2220.0,184.4,24.84
48.9576,-103.5518,US,Spring Cereals,6.8,46.0,30.4,3.67,23.2,1.18,5.85,11.72,393.7,0.94,2220.0,184.4,24.84
48.9845,-103.5369,US,Spring Cereals,6.7,49.0,31.2,3.69,25.4,1.15,5.85,11.72,393.7,0.94,2220.0,184.4,24.84
48.9884,-103.5572,US,Spring Cereals,6.6,49.0,30.6,3.76,23.2,1.16,5.85,11.72,393.7,0.94,2220.0,184.4,24.84
48.9605,-103.5456,US,Spring Cereals,6.7,46.4,31.4,3.62,23.2,1.18,5.85,11.72,393.7,0.94,2220.0,184.4,24.84
48.9706,-103.4329,US,Spring Cereals,7.0,54.7,29.9,3.75,24.3,1.16,5.85,11.72,393.7,0.94,2220.0,184.4,24.84
48.9622,-103.525,US,Spring Cereals,6.8,47.0,32.2,3.79,23.7,1.16,5.85,11.72,393.7,0.94,2220.0,184.4,24.84
48.9385,-103.4409,US,Spring Cereals,6.9,46.1,30.3,3.53,24.2,1.18,5.85,11.72,393.7,0.94,2220.0,184.4,24.84
48.9344,-103.4187,US,Spring Cereals,6.8,47.2,30.7,3.52,24.1,1.19,5.85,11.72,393.7,0.94,2220.0,184.4,24.84
48.9709,-103.4404,US,Spring Cereals,7.0,53.8,29.5,3.86,23.5,1.15,5.85,11.72,393.7,0.94,2220.0,184.4,24.84
48.9632,-103.402,US,Spring Cereals,6.9,44.0,31.6,3.66,23.9,1.17,5.85,11.72,393.7,0.94,2220.0,184.4,24.84
48.9406,-103.3881,US,Spring Cereals,6.9,39.5,28.9,3.64,22.3,1.17,5.85,11.72,393.7,0.94,2220.0,184.4,24.84
48.9454,-103.473,US,Spring Cereals,7.0,45.8,31.9,3.71,23.9,1.16,5.85,11.72,393.7,0.94,2220.0,184.4,24.84
48.9616,-103.4035,US,Spring Cereals,6.9,44.4,31.6,3.63,24.0,1.17,5.85,11.72,393.7,0.94,2220.0,184.4,24.84
48.943,-103.4328,US,Spring Cereals,6.8,49.8,32.4,3.5,24.2,1.23,5.85,11.72,393.7,0.94,2220.0,184.4,24.84
48.9534,-103.3981,US,Spring Cereals,6.8,39.9,30.8,3.82,23.6,1.18,5.85,11.72,393.7,0.94,2220.0,184.4,24.84
48.9406,-103.4508,US,Spring Cereals,6.9,48.0,29.2,3.49,24.1,1.16,5.85,11.72,393.7,0.94,2220.0,184.4,24.84
48.9706,-103.3958,US,Spring Cereals,6.6,42.4,29.7,3.78,24.5,1.17,5.85,11.72,393.7,0.94,2220.0,184.4,24.84
48.9497,-103.4386,US,Spring Cereals,6.8,49.3,31.1,3.72,24.6,1.16,5.85,11.72,393.7,0.94,2220.0,184.4,24.84
48.9434,-103.42,US,Spring Cereals,6.7,45.2,29.1,3.6,23.3,1.21,5.85,11.72,393.7,0.94,2220.0,184.4,24.84
48.9651,-103.3909,US,Spring Cereals,6.8,44.6,30.8,3.77,24.9,1.18,5.85,11.72,393.7,0.94,2220.0,184.4,24.84
48.9606,-103.4661,US,Spring Cereals,7.0,51.0,29.2,3.54,23.7,1.15,5.85,11.72,393.7,0.94,2220.0,184.4,24.84
48.9787,-103.4564,US,Spring Cereals,6.9,47.6,29.5,3.67,23.3,1.16,5.85,11.72,393.7,0.94,2220.0,184.4,24.84
48.9501,-103.4143,US,Spring Cereals,6.6,45.8,27.7,3.83,23.6,1.2,5.85,11.72,393.7,0.94,2220.0,184.4,24.84
48.9501,-103.4143,US,Spring Cereals,6.6,45.8,27.7,3.83,23.6,1.2,5.85,11.72,393.7,0.94,2220.0,184.4,24.84
48.9497,-103.4145,US,Spring Cereals,6.6,45.8,27.7,3.83,23.6,1.2,5.85,11.72,393.7,0.94,2220.0,184.4,24.84
48.9497,-103.4145,US,Spring Cereals,6.6,45.8,27.7,3.83,23.6,1.2,5.85,11.72,393.7,0.94,2220.0,184.4,24.84
48.9314,-103.414,US,Spring Cereals,6.8,47.6,32.3,3.7,24.2,1.21,5.85,11.72,393.7,0.94,2220.0,184.4,24.84
48.9355,-103.4394,US,Spring Cereals,6.9,48.7,31.2,4.05,24.7,1.17,5.85,11.72,393.7,0.94,2220.0,184.4,24.84
48.9566,-103.4283,US,Spring Cereals,6.9,47.5,30.3,3.79,24.0,1.19,5.85,11.72,393.7,0.94,2220.0,184.4,24.84
48.982,-103.435,US,Spring Cereals,6.6,43.3,26.8,3.81,24.0,1.2,5.85,11.72,393.7,0.94,2220.0,184.4,24.84
48.9429,-103.4124,US,Spring Cereals,6.6,47.4,27.4,3.68,22.8,1.21,5.85,11.72,393.7,0.94,2220.0,184.4,24.84
48.9471,-103.4194,US,Spring Cereals,6.7,46.2,28.6,3.6,22.4,1.21,5.85,11.72,393.7,0.94,2220.0,184.4,24.84
48.9478,-103.4655,US,Spring Cereals,7.0,52.6,30.2,3.56,24.6,1.16,5.85,11.72,393.7,0.94,2220.0,184.4,24.84
48.9594,-103.4217,US,Spring Cereals,7.0,50.6,27.9,3.8,24.4,1.17,5.85,11.72,393.7,0.94,2220.0,184.4,24.84
48.9725,-103.4419,US,Spring Cereals,7.0,51.2,29.2,3.73,24.0,1.18,5.85,11.72,393.7,0.94,2220.0,184.4,24.84
48.963,-103.4116,US,Spring Cereals,7.0,48.3,30.6,3.7,23.7,1.16,5.85,11.72,393.7,0.94,2220.0,184.4,24.84
48.9391,-103.4349,US,Spring Cereals,6.8,43.8,29.5,3.51,24.6,1.19,5.85,11.72,393.7,0.94,2220.0,184.4,24.84
48.9336,-103.4154,US,Spring Cereals,6.7,47.6,33.6,3.71,24.4,1.21,5.85,11.72,393.7,0.94,2220.0,184.4,24.84
48.9686,-103.4679,US,Spring Cereals,6.9,47.7,30.2,3.66,24.5,1.16,5.85,11.72,393.7,0.94,2220.0,184.4,24.84
48.9626,-103.4523,US,Spring Cereals,6.9,52.9,29.8,3.68,23.7,1.17,5.85,11.72,393.7,0.94,2220.0,184.4,24.84
48.9396,-103.4429,US,Spring Cereals,6.9,46.1,30.3,3.53,24.2,1.18,5.85,11.72,393.7,0.94,2220.0,184.4,24.84
48.9396,-103.4429,US,Spring Cereals,6.9,46.1,30.3,3.53,24.2,1.18,5.85,11.72,393.7,0.94,2220.0,184.4,24.84
48.9508,-103.4721,US,Spring Cereals,7.0,47.9,31.7,3.61,24.0,1.17,5.85,11.72,393.7,0.94,2220.0,184.4,24.84
48.9356,-103.3938,US,Spring Cereals,6.7,41.3,24.9,3.78,23.0,1.19,5.85,11.72,393.7,0.94,2220.0,184.4,24.84
48.9401,-103.4433,US,Spring Cereals,6.9,46.1,30.3,3.53,24.2,1.18,5.85,11.72,393.7,0.94,2220.0,184.4,24.84
48.9401,-103.4433,US,Spring Cereals,6.9,46.1,30.3,3.53,24.2,1.18,5.85,11.72,393.7,0.94,2220.0,184.4,24.84
48.9833,-103.4002,US,Spring Cereals,6.8,43.4,31.2,3.61,24.6,1.15,5.85,11.72,393.7,0.94,2220.0,184.4,24.84
48.9481,-103.3282,US,Spring Cereals,6.7,45.0,30.2,3.7,24.9,1.16,5.85,11.72,393.7,0.94,2220.0,184.4,24.84
48.9461,-103.3239,US,Spring Cereals,6.8,46.0,28.4,3.9,24.6,1.17,5.85,11.72,393.7,0.94,2220.0,184.4,24.84
48.9666,-103.3299,US,Spring Cereals,6.7,44.6,27.6,3.69,23.8,1.17,5.85,11.72,393.7,0.94,2220.0,184.4,24.84
48.9806,-103.3039,US,Spring Cereals,6.3,53.5,26.6,4.37,25.4,1.15,5.85,11.72,393.7,0.94,2220.0,184.4,24.84
48.9764,-103.3418,US,Spring Cereals,6.7,49.4,28.2,4.03,24.8,1.17,5.85,11.72,393.7,0.94,2220.0,184.4,24.84
48.9344,-103.3085,US,Spring Cereals,6.8,53.9,28.7,3.78,23.4,1.14,5.85,11.72,393.7,0.94,2220.0,184.4,24.84
48.9771,-103.3427,US,Spring Cereals,6.7,49.4,28.2,4.03,24.8,1.17,5.85,11.72,393.7,0.94,2220.0,184.4,24.84
48.9615,-103.3103,US,Spring Cereals,6.5,46.9,28.4,3.82,25.1,1.13,5.85,11.72,393.7,0.94,2220.0,184.4,24.84
48.9534,-103.3319,US,Spring Cereals,6.8,47.3,30.6,3.86,24.6,1.17,5.85,11.72,393.7,0.94,2220.0,184.4,24.84
48.9639,-103.3124,US,Spring Cereals,6.6,47.9,28.7,3.66,24.9,1.14,5.85,11.72,393.7,0.94,2220.0,184.4,24.84
48.9326,-103.3551,US,Spring Cereals,6.9,42.4,34.3,3.63,24.3,1.18,5.85,11.72,393.7,0.94,2220.0,184.4,24.84
48.9661,-103.3139,US,Spring Cereals,6.6,47.9,28.7,3.66,24.9,1.14,5.85,11.72,393.7,0.94,2220.0,184.4,24.84
48.9652,-103.3244,US,Spring Cereals,6.6,43.8,27.9,3.61,23.9,1.17,5.85,11.72,393.7,0.94,2220.0,184.4,24.84
48.9565,-103.2873,US,Spring Cereals,6.3,44.4,30.8,3.87,25.5,1.13,5.85,11.72,393.7,0.94,2220.0,184.4,24.84
48.9553,-103.2485,US,Spring Cereals,6.2,53.3,26.7,3.98,24.2,1.1,5.85,11.72,393.7,0.94,2220.0,184.4,24.84
48.9345,-103.3125,US,Spring Cereals,6.9,55.6,26.9,3.79,23.4,1.15,5.85,11.72,393.7,0.94,2220.0,184.4,24.84
48.9634,-103.2794,US,Spring Cereals,6.2,46.9,28.3,3.93,24.9,1.11,5.85,11.72,393.7,0.94,2220.0,184.4,24.84
48.9883,-103.2993,US,Spring Cereals,6.2,47.2,28.4,4.27,25.7,1.16,5.85,11.72,393.7,0.94,2220.0,184.4,24.84
48.9637,-103.2829,US,Spring Cereals,6.2,47.7,29.9,3.95,24.7,1.12,5.85,11.72,393.7,0.94,2220.0,184.4,24.84
48.9336,-103.3176,US,Spring Cereals,7.0,55.1,27.9,3.63,24.3,1.16,5.85,11.72,393.7,0.94,2220.0,184.4,24.84
48.9471,-103.283,US,Spring Cereals,6.3,47.3,29.8,4.12,24.1,1.17,5.85,11.72,393.7,0.94,2220.0,184.4,24.84
48.9381,-103.3,US,Spring Cereals,6.5,51.3,28.0,3.82,23.2,1.14,5.85,11.72,393.7,0.94,2220.0,184.4,24.84
48.9576,-103.2538,US,Spring Cereals,6.1,50.9,29.5,4.08,24.2,1.11,5.85,11.72,393.7,0.94,2220.0,184.4,24.84
48.9885,-103.2426,US,Spring Cereals,6.3,45.7,28.4,3.79,25.0,1.13,5.85,11.72,393.7,0.94,2220.0,184.4,24.84
48.9526,-103.2359,US,Spring Cereals,6.2,49.3,28.3,3.91,24.5,1.1,5.85,11.72,393.7,0.94,2220.0,184.4,24.84
48.9435,-103.2994,US,Spring Cereals,6.4,45.5,29.8,3.83,23.8,1.17,5.85,11.72,393.7,0.94,2220.0,184.4,24.84
48.9406,-103.3009,US,Spring Cereals,6.5,42.6,28.8,3.77,24.0,1.16,5.85,11.72,393.7,0.94,2220.0,184.4,24.84
48.9581,-103.2834,US,Spring Cereals,6.2,47.8,31.1,4.07,24.7,1.12,5.85,11.72,393.7,0.94,2220.0,184.4,24.84
48.9483,-103.2634,US,Spring Cereals,6.3,48.0,27.6,4.25,24.2,1.14,5.85,11.72,393.7,0.94,2220.0,184.4,24.84
48.9891,-103.3004,US,Spring Cereals,6.3,47.0,28.5,4.25,25.5,1.16,5.85,11.72,393.7,0.94,2220.0,184.4,24.84
48.9593,-103.2174,US,Spring Cereals,6.3,44.1,25.6,3.87,25.1,1.14,5.85,11.72,393.7,0.94,2220.0,184.4,24.84
48.9862,-103.2965,US,Spring Cereals,6.2,47.7,28.5,4.31,25.0,1.16,5.85,11.72,393.7,0.94,2220.0,184.4,24.84
48.9316,-103.2859,US,Spring Cereals,6.5,49.5,28.6,3.78,23.4,1.14,5.85,11.72,393.7,0.94,2220.0,184.4,24.84
48.9577,-103.2835,US,Spring Cereals,6.2,47.8,31.1,4.07,24.7,1.12,5.85,11.72,393.7,0.94,2220.0,184.4,24.84
48.9756,-103.2667,US,Spring Cereals,6.4,58.0,26.2,4.8,26.5,1.15,5.85,11.72,393.7,0.94,2220.0,184.4,24.84
48.958,-103.2764,US,Spring Cereals,6.2,46.9,30.1,4.07,24.7,1.11,5.85,11.72,393.7,0.94,2220.0,184.4,24.84
48.9615,-103.2924,US,Spring Cereals,6.3,47.8,30.4,4.11,25.6,1.12,5.85,11.72,393.7,0.94,2220.0,184.4,24.84
48.9887,-103.2449,US,Spring Cereals,6.3,46.5,29.3,3.83,24.8,1.13,5.85,11.72,393.7,0.94,2220.0,184.4,24.84
48.9344,-103.2867,US,Spring Cereals,6.4,47.2,28.7,3.77,23.4,1.13,5.85,11.72,393.7,0.94,2220.0,184.4,24.84
48.9476,-103.2286,US,Spring Cereals,6.3,52.1,27.3,3.91,24.9,1.11,5.85,11.72,393.7,0.94,2220.0,184.4,24.84
48.9376,-103.2984,US,Spring Cereals,6.5,54.4,26.5,3.99,23.2,1.14,5.85,11.72,393.7,0.94,2220.0,184.4,24.84
48.9653,-103.267,US,Spring Cereals,6.2,46.0,30.0,3.93,24.2,1.14,5.85,11.72,393.7,0.94,2220.0,184.4,24.84
48.9631,-103.2929,US,Spring Cereals,6.3,47.8,30.4,4.11,25.6,1.12,5.85,11.72,393.7,0.94,2220.0,184.4,24.84
48.9656,-103.2529,US,Spring Cereals,6.1,44.9,28.7,4.04,24.6,1.13,5.85,11.72,393.7,0.94,2220.0,184.4,24.84
48.96,-103.1832,US,Spring Cereals,6.3,50.6,25.3,3.94,25.6,1.12,5.85,11.72,393.7,0.94,2220.0,184.4,24.84
48.9817,-103.1955,US,Spring Cereals,6.4,45.3,24.9,4.03,24.8,1.13,5.85,11.72,393.7,0.94,2220.0,184.4,24.84
48.9368,-103.1851,US,Spring Cereals,6.3,44.7,27.3,3.91,24.2,1.15,5.85,11.72,393.7,0.94,2220.0,184.4,24.84
48.9832,-103.152,US,Spring Cereals,6.3,49.3,25.8,4.41,25.0,1.13,5.85,11.72,393.7,0.94,2220.0,184.4,24.84
48.9831,-103.1509,US,Spring Cereals,6.3,49.3,25.8,4.41,25.0,1.13,5.85,11.72,393.7,0.94,2220.0,184.4,24.84
48.9844,-103.1883,US,Spring Cereals,6.4,45.0,25.9,4.18,24.6,1.12,5.85,11.72,393.7,0.94,2220.0,184.4,24.84
48.9686,-103.1402,US,Spring Cereals,6.7,55.5,26.8,4.67,24.8,1.15,5.85,11.72,393.7,0.94,2220.0,184.4,24.84
48.9322,-103.2022,US,Spring Cereals,6.2,43.9,27.5,3.83,23.7,1.15,5.85,11.72,393.7,0.94,2220.0,184.4,24.84
48.9538,-103.1754,US,Spring Cereals,6.3,51.5,25.6,3.97,25.2,1.11,5.85,11.72,393.7,0.94,2220.0,184.4,24.84
48.9724,-103.2037,US,Spring Cereals,6.2,47.9,25.9,4.02,25.7,1.13,5.85,11.72,393.7,0.94,2220.0,184.4,24.84
48.9896,-103.199,US,Spring Cereals,6.6,48.4,26.2,3.96,25.5,1.1,5.85,11.72,393.7,0.94,2220.0,184.4,24.84
48.9326,-103.1953,US,Spring Cereals,6.4,43.8,27.7,3.82,23.1,1.16,5.85,11.72,393.7,0.94,2220.0,184.4,24.84
48.9313,-103.1829,US,Spring Cereals,6.2,51.8,27.5,3.73,23.5,1.14,5.85,11.72,393.7,0.94,2220.0,184.4,24.84
48.9765,-103.2019,US,Spring Cereals,6.5,45.8,25.5,3.95,25.4,1.13,5.85,11.72,393.7,0.94,2220.0,184.4,24.84
48.9368,-103.1916,US,Spring Cereals,6.4,44.5,28.3,3.8,24.1,1.14,5.85,11.72,393.7,0.94,2220.0,184.4,24.84
48.9745,-103.2029,US,Spring Cereals,6.3,51.1,26.1,4.58,24.9,1.08,5.85,11.72,393.7,0.94,2220.0,184.4,24.84
48.9897,-103.1973,US,Spring Cereals,6.6,48.4,26.2,3.96,25.5,1.1,5.85,11.72,393.7,0.94,2220.0,184.4,24.84
48.9535,-103.1839,US,Spring Cereals,6.3,47.8,26.6,4.15,24.4,1.14,5.85,11.72,393.7,0.94,2220.0,184.4,24.84
48.977,-103.1586,US,Spring Cereals,6.5,51.0,24.3,4.4,25.2,1.15,5.85,11.72,393.7,0.94,2220.0,184.4,24.84
48.9476,-103.2025,US,Spring Cereals,6.4,48.9,31.1,3.7,24.4,1.12,5.85,11.72,393.7,0.94,2220.0,184.4,24.84
48.9792,-103.1718,US,Spring Cereals,6.5,48.7,24.9,4.26,24.8,1.12,5.85,11.72,393.7,0.94,2220.0,184.4,24.84
48.9357,-103.1907,US,Spring Cereals,6.4,44.1,27.0,3.9,24.2,1.15,5.85,11.72,393.7,0.94,2220.0,184.4,24.84
48.9331,-103.1893,US,Spring Cereals,6.4,43.6,27.0,3.82,24.3,1.16,5.85,11.72,393.7,0.94,2220.0,184.4,24.84
48.9546,-103.1097,US,Spring Cereals,6.4,58.3,25.9,4.21,26.1,1.09,5.85,11.72,393.7,0.94,2220.0,184.4,24.84
48.9642,-103.0569,US,Spring Cereals,6.9,56.3,24.7,3.84,29.0,1.06,5.85,11.72,393.7,0.94,2220.0,184.4,24.84
48.9496,-103.115,US,Spring Cereals,6.5,51.1,28.1,4.26,25.8,1.12,5.85,11.72,393.7,0.94,2220.0,184.4,24.84
48.9602,-103.0845,US,Spring Cereals,6.4,52.2,25.5,4.09,25.7,1.12,5.85,11.72,393.7,0.94,2220.0,184.4,24.84
48.9495,-103.0679,US,Spring Cereals,6.8,58.9,24.9,4.46,26.2,1.07,5.85,11.72,393.7,0.94,2220.0,184.4,24.84
48.9857,-103.0467,US,Spring Cereals,6.7,55.5,25.0,4.07,25.1,1.1,5.85,11.72,393.7,0.94,2220.0,184.4,24.84
48.9799,-103.1085,US,Spring Cereals,6.7,69.4,22.2,5.13,25.3,1.09,5.85,11.72,393.7,0.94,2220.0,184.4,24.84
48.9594,-103.1262,US,Spring Cereals,6.6,50.2,27.1,4.04,26.4,1.13,5.85,11.72,393.7,0.94,2220.0,184.4,24.84
48.9848,-103.0816,US,Spring Cereals,6.7,55.8,26.4,4.64,25.3,1.14,5.85,11.72,393.7,0.94,2220.0,184.4,24.84
48.9826,-103.0836,US,Spring Cereals,6.6,63.3,25.4,4.85,25.3,1.07,5.85,11.72,393.7,0.94,2220.0,184.4,24.84
48.9343,-103.1264,US,Spring Cereals,6.5,44.9,27.2,3.82,24.8,1.12,5.85,11.72,393.7,0.94,2220.0,184.4,24.84
48.9507,-103.0694,US,Spring Cereals,6.7,57.1,24.9,4.32,26.5,1.06,5.85,11.72,393.7,0.94,2220.0,184.4,24.84
48.9577,-103.0759,US,Spring Cereals,6.5,50.3,25.0,4.12,25.7,1.12,5.85,11.72,393.7,0.94,2220.0,184.4,24.84
48.9744,-103.0754,US,Spring Cereals,6.6,52.3,24.7,4.05,26.6,1.14,5.85,11.72,393.7,0.94,2220.0,184.4,24.84
48.9651,-103.1063,US,Spring Cereals,6.6,62.2,23.1,4.54,25.1,1.09,5.85,11.72,393.7,0.94,2220.0,184.4,24.84
48.94,-103.0876,US,Spring Cereals,6.7,58.5,26.7,4.43,23.7,1.11,5.85,11.72,393.7,0.94,2220.0,184.4,24.84
48.9828,-103.0858,US,Spring Cereals,6.7,57.4,25.3,4.69,25.5,1.15,5.85,11.72,393.7,0.94,2220.0,184.4,24.84
48.9691,-103.1099,US,Spring Cereals,6.6,55.4,26.0,4.44,25.3,1.13,5.85,11.72,393.7,0.94,2220.0,184.4,24.84
48.9851,-103.0236,US,Spring Cereals,6.5,58.9,24.8,4.57,25.7,1.09,5.85,11.72,393.7,0.94,2220.0,184.4,24.84
48.9397,-102.9631,US,Spring Cereals,6.3,62.2,32.0,4.3,27.7,1.07,5.85,11.72,393.7,0.94,2220.0,184.4,24.84
48.9583,-103.0212,US,Spring Cereals,6.6,49.8,28.3,3.98,28.3,1.08,5.85,11.72,393.7,0.94,2220.0,184.4,24.84
48.9878,-102.9795,US,Spring Cereals,6.4,57.4,28.2,4.17,28.2,1.06,5.85,11.72,393.7,0.94,2220.0,184.4,24.84
48.9388,-102.9916,US,Spring Cereals,6.5,53.1,30.6,4.03,25.1,1.1,5.85,11.72,393.7,0.94,2220.0,184.4,24.84
48.9885,-102.9975,US,Spring Cereals,6.4,58.4,28.1,4.71,27.6,1.09,5.85,11.72,393.7,0.94,2220.0,184.4,24.84
48.9866,-103.0363,US,Spring Cereals,6.5,58.9,26.5,4.24,26.4,1.08,5.85,11.72,393.7,0.94,2220.0,184.4,24.84
48.9522,-103.0453,US,Spring Cereals,6.5,59.6,26.7,4.23,27.6,1.07,5.85,11.72,393.7,0.94,2220.0,184.4,24.84
48.965,-102.9663,US,Spring Cereals,6.5,55.1,28.1,4.46,28.5,1.1,5.85,11.72,393.7,0.94,2220.0,184.4,24.84
48.9498,-103.0345,US,Spring Cereals,6.5,59.2,30.3,4.22,27.8,1.08,5.85,11.72,393.7,0.94,2220.0,184.4,24.84
48.9573,-103.0354,US,Spring Cereals,6.6,58.5,25.8,4.11,28.1,1.04,5.85,11.72,393.7,0.94,2220.0,184.4,24.84
48.9427,-102.9764,US,Spring Cereals,6.4,55.2,31.6,4.1,27.9,1.11,5.85,11.72,393.7,0.94,2220.0,184.4,24.84
48.9727,-102.9919,US,Spring Cereals,6.4,53.6,26.2,4.27,25.9,1.13,5.85,11.72,393.7,0.94,2220.0,184.4,24.84
48.964,-102.9802,US,Spring Cereals,6.4,54.7,26.7,3.86,26.9,1.08,5.85,11.72,393.7,0.94,2220.0,184.4,24.84
48.9711,-103.0124,US,Spring Cereals,6.6,54.1,27.6,4.58,26.8,1.06,5.85,11.72,393.7,0.94,2220.0,184.4,24.84
48.9826,-103.042,US,Spring Cereals,6.7,53.8,25.9,4.09,25.8,1.1,5.85,11.72,393.7,0.94,2220.0,184.4,24.84
48.94,-102.9953,US,Spring Cereals,6.5,61.7,31.1,4.21,27.4,1.16,5.85,11.72,393.7,0.94,2220.0,184.4,24.84
48.9867,-103.0404,US,Spring Cereals,6.7,59.9,24.9,4.32,25.4,1.1,5.85,11.72,393.7,0.94,2220.0,184.4,24.84
48.9706,-102.9871,US,Spring Cereals,6.5,57.7,26.9,4.51,26.3,1.13,5.85,11.72,393.7,0.94,2220.0,184.4,24.84
48.9876,-103.0416,US,Spring Cereals,6.7,55.2,25.1,4.16,25.4,1.1,5.85,11.72,393.7,0.94,2220.0,184.4,24.84
48.9851,-102.9981,US,Spring Cereals,6.4,50.0,27.7,4.37,28.5,1.12,5.85,11.72,393.7,0.94,2220.0,184.4,24.84
48.9773,-103.0147,US,Spring Cereals,6.4,52.7,26.3,4.13,26.6,1.08,5.85,11.72,393.7,0.94,2220.0,184.4,24.84
48.953,-103.0249,US,Spring Cereals,6.4,51.0,29.0,4.07,27.4,1.08,5.85,11.72,393.7,0.94,2220.0,184.4,24.84
48.9703,-103.0113,US,Spring Cereals,6.4,66.5,27.6,4.43,27.0,1.01,5.85,11.72,393.7,0.94,2220.0,184.4,24.84
48.9796,-102.9984,US,Spring Cereals,6.4,48.7,27.0,4.18,27.0,1.14,5.85,11.72,393.7,0.94,2220.0,184.4,24.84
48.9882,-103.022,US,Spring Cereals,6.4,62.4,25.7,4.39,26.2,1.09,5.85,11.72,393.7,0.94,2220.0,184.4,24.84
48.9882,-103.0282,US,Spring Cereals,6.4,57.8,25.3,4.23,26.9,1.09,5.85,11.72,393.7,0.94,2220.0,184.4,24.84
48.9426,-103.033,US,Spring Cereals,6.5,58.4,31.6,4.26,27.1,1.1,5.85,11.72,393.7,0.94,2220.0,184.4,24.84
48.951,-103.0323,US,Spring Cereals,6.5,59.5,30.7,4.29,28.2,1.08,5.85,11.72,393.7,0.94,2220.0,184.4,24.84
48.9543,-103.0425,US,Spring Cereals,6.5,59.6,26.7,4.23,27.6,1.07,5.85,11.72,393.7,0.94,2220.0,184.4,24.84
48.9682,-102.9795,US,Spring Cereals,6.5,48.4,25.6,4.09,26.0,1.13,5.85,11.72,393.7,0.94,2220.0,184.4,24.84
48.9911,-103.0339,US,Spring Cereals,6.5,59.7,25.9,4.58,26.3,1.09,5.85,11.72,393.7,0.94,2220.0,184.4,24.84
48.9867,-103.0096,US,Spring Cereals,6.4,55.3,26.8,4.37,26.1,1.09,5.85,11.72,393.7,0.94,2220.0,184.4,24.84
48.934,-102.9901,US,Spring Cereals,6.5,52.7,27.1,4.17,24.9,1.14,5.85,11.72,393.7,0.94,2220.0,184.4,24.84
48.9637,-103.0087,US,Spring Cereals,6.5,48.3,26.5,4.08,27.3,1.07,5.85,11.72,393.7,0.94,2220.0,184.4,24.84
48.9397,-102.9099,US,Spring Cereals,6.5,51.3,26.5,4.04,27.4,1.11,5.85,11.72,393.7,0.94,2220.0,184.4,24.84
48.9651,-102.8768,US,Spring Cereals,6.6,56.3,31.4,4.46,26.1,1.09,5.85,11.72,393.7,0.94,2220.0,184.4,24.84
48.9836,-102.9076,US,Spring Cereals,6.3,53.6,28.7,4.33,26.3,1.11,5.85,11.72,393.7,0.94,2220.0,184.4,24.84
48.9562,-102.8804,US,Spring Cereals,6.5,52.3,29.6,4.09,27.2,1.1,5.85,11.72,393.7,0.94,2220.0,184.4,24.84
48.9464,-102.9009,US,Spring Cereals,6.5,55.9,27.8,4.24,27.7,1.09,5.85,11.72,393.7,0.94,2220.0,184.4,24.84
48.9677,-102.9139,US,Spring Cereals,6.4,50.8,28.1,4.11,26.5,1.09,5.85,11.72,393.7,0.94,2220.0,184.4,24.84
48.9314,-102.9051,US,Spring Cereals,6.4,52.9,29.4,3.92,27.6,1.1,5.85,11.72,393.7,0.94,2220.0,184.4,24.84
48.9355,-102.9027,US,Spring Cereals,6.5,49.6,28.4,4.15,27.9,1.09,5.85,11.72,393.7,0.94,2220.0,184.4,24.84
48.9483,-102.9527,US,Spring Cereals,6.4,63.0,27.2,4.18,27.1,1.02,5.85,11.72,393.7,0.94,2220.0,184.4,24.84
48.9775,-102.9249,US,Spring Cereals,6.4,51.8,26.6,4.42,26.8,1.08,5.85,11.72,393.7,0.94,2220.0,184.4,24.84
48.9535,-102.914,US,Spring Cereals,6.4,53.1,27.0,4.17,27.0,1.11,5.85,11.72,393.7,0.94,2220.0,184.4,24.84
48.9839,-102.9479,US,Spring Cereals,6.5,58.7,26.2,4.22,28.1,1.05,5.85,11.72,393.7,0.94,2220.0,184.4,24.84
48.9571,-102.9109,US,Spring Cereals,6.5,52.5,26.2,3.97,26.5,1.12,5.85,11.72,393.7,0.94,2220.0,184.4,24.84
48.9792,-102.8767,US,Spring Cereals,6.4,53.2,27.6,4.34,28.0,1.1,5.85,11.72,393.7,0.94,2220.0,184.4,24.84
48.9546,-102.9478,US,Spring Cereals,6.4,60.5,25.6,4.21,25.9,1.04,5.85,11.72,393.7,0.94,2220.0,184.4,24.84
48.9413,-102.9531,US,Spring Cereals,6.3,60.7,30.9,3.99,27.4,1.04,5.85,11.72,393.7,0.94,2220.0,184.4,24.84
48.9465,-102.9183,US,Spring Cereals,6.5,55.7,26.0,4.22,28.2,1.11,5.85,11.72,393.7,0.94,2220.0,184.4,24.84
48.9881,-102.9483,US,Spring Cereals,6.4,58.8,28.5,4.09,27.6,1.05,5.85,11.72,393.7,0.94,2220.0,184.4,24.84
48.939,-102.9002,US,Spring Cereals,6.5,55.6,27.8,4.4,28.4,1.08,5.85,11.72,393.7,0.94,2220.0,184.4,24.84
48.9719,-102.9174,US,Spring Cereals,6.3,63.3,29.9,4.3,26.8,1.06,5.85,11.72,393.7,0.94,2220.0,184.4,24.84
48.9716,-102.9073,US,Spring Cereals,6.3,53.6,29.4,4.17,26.4,1.09,5.85,11.72,393.7,0.94,2220.0,184.4,24.84
48.9759,-102.9193,US,Spring Cereals,6.3,54.3,28.3,4.63,26.5,1.07,5.85,11.72,393.7,0.94,2220.0,184.4,24.84
48.9805,-102.9168,US,Spring Cereals,6.3,54.9,28.2,4.42,25.1,1.08,5.85,11.72,393.7,0.94,2220.0,184.4,24.84
48.9593,-102.9603,US,Spring Cereals,6.3,66.0,28.7,4.68,25.8,1.06,5.85,11.72,393.7,0.94,2220.0,184.4,24.84
48.9846,-102.9187,US,Spring Cereals,6.3,60.1,29.2,4.55,26.5,1.04,5.85,11.72,393.7,0.94,2220.0,184.4,24.84
48.9757,-102.8959,US,Spring Cereals,6.3,52.7,28.2,4.29,27.1,1.08,5.85,11.72,393.7,0.94,2220.0,184.4,24.84
48.9483,-102.8224,US,Spring Cereals,6.5,57.9,26.4,4.34,27.7,1.07,5.62,11.68,409.6,0.921,2200.0,186.8,26.22
48.9846,-102.8242,US,Spring Cereals,6.5,57.3,27.2,4.47,26.5,1.13,5.62,11.68,409.6,0.921,2200.0,186.8,26.22
48.942,-102.8194,US,Spring Cereals,6.5,57.8,26.3,4.37,25.8,1.08,5.62,11.68,409.6,0.921,2200.0,186.8,26.22
48.982,-102.8248,US,Spring Cereals,6.5,56.9,27.5,4.36,26.9,1.12,5.62,11.68,409.6,0.921,2200.0,186.8,26.22
48.9704,-102.811,US,Spring Cereals,6.4,58.6,24.8,4.57,26.5,1.08,5.62,11.68,409.6,0.921,2200.0,186.8,26.22
48.969,-102.8293,US,Spring Cereals,6.5,52.1,30.2,4.49,27.1,1.11,5.62,11.68,409.6,0.921,2200.0,186.8,26.22
48.9347,-102.83,US,Spring Cereals,6.6,58.3,26.9,4.13,27.9,1.09,5.62,11.68,409.6,0.921,2200.0,186.8,26.22
48.9617,-102.9194,US,Spring Cereals,6.4,50.8,27.1,3.94,26.2,1.11,5.85,11.72,393.7,0.94,2220.0,184.4,24.84
48.991,-102.8288,US,Spring Cereals,6.7,54.3,25.8,4.41,27.3,1.15,5.62,11.68,409.6,0.921,2200.0,186.8,26.22
48.9315,-102.7998,US,Spring Cereals,6.7,58.9,26.5,4.07,26.8,1.14,5.62,11.68,409.6,0.921,2200.0,186.8,26.22
48.9311,-102.8263,US,Spring Cereals,6.6,59.8,26.9,3.97,27.4,1.09,5.62,11.68,409.6,0.921,2200.0,186.8,26.22
48.9506,-102.8205,US,Spring Cereals,6.5,60.3,27.3,4.29,28.0,1.07,5.62,11.68,409.6,0.921,2200.0,186.8,26.22
48.9332,-102.814,US,Spring Cereals,6.6,59.0,29.2,4.11,27.4,1.12,5.62,11.68,409.6,0.921,2200.0,186.8,26.22
48.934,-102.82,US,Spring Cereals,6.6,64.5,28.2,4.42,27.2,1.09,5.62,11.68,409.6,0.921,2200.0,186.8,26.22
48.9844,-102.7948,US,Spring Cereals,6.7,56.1,28.9,4.3,25.4,1.15,5.62,11.68,409.6,0.921,2200.0,186.8,26.22
48.9414,-102.8294,US,Spring Cereals,6.5,58.2,27.0,4.43,26.4,1.07,5.62,11.68,409.6,0.921,2200.0,186.8,26.22
48.9363,-102.7992,US,Spring Cereals,6.7,57.5,26.9,4.13,26.6,1.13,5.62,11.68,409.6,0.921,2200.0,186.8,26.22
48.956,-102.8141,US,Spring Cereals,6.5,60.4,27.4,4.36,27.1,1.07,5.62,11.68,409.6,0.921,2200.0,186.8,26.22
48.9651,-102.8157,US,Spring Cereals,6.6,57.9,26.4,4.39,26.9,1.08,5.62,11.68,409.6,0.921,2200.0,186.8,26.22
48.95,-102.7944,US,Spring Cereals,6.8,57.4,25.5,4.32,27.8,1.13,5.62,11.68,409.6,0.921,2200.0,186.8,26.22
48.9781,-102.8579,US,Spring Cereals,6.5,51.4,27.6,4.45,27.3,1.09,5.62,11.68,409.6,0.921,2200.0,186.8,26.22
48.9799,-102.8729,US,Spring Cereals,6.4,52.3,27.9,4.24,27.6,1.09,5.62,11.68,409.6,0.921,2200.0,186.8,26.22
48.9746,-102.8554,US,Spring Cereals,6.5,52.8,26.8,4.56,26.5,1.1,5.62,11.68,409.6,0.921,2200.0,186.8,26.22
48.9352,-102.8256,US,Spring Cereals,6.6,58.6,26.3,4.01,27.5,1.08,5.62,11.68,409.6,0.921,2200.0,186.8,26.22
48.9476,-102.8132,US,Spring Cereals,6.6,60.8,27.2,4.39,27.2,1.08,5.62,11.68,409.6,0.921,2200.0,186.8,26.22
48.9336,-102.8621,US,Spring Cereals,6.6,62.0,29.4,4.26,27.9,1.11,5.62,11.68,409.6,0.921,2200.0,186.8,26.22
48.9621,-102.8039,US,Spring Cereals,6.6,57.4,26.4,4.34,26.5,1.11,5.62,11.68,409.6,0.921,2200.0,186.8,26.22
48.9757,-102.84,US,Spring Cereals,6.5,57.0,29.6,4.37,26.9,1.13,5.62,11.68,409.6,0.921,2200.0,186.8,26.22
48.9772,-102.8221,US,Spring Cereals,6.5,56.2,26.5,4.54,26.6,1.12,5.62,11.68,409.6,0.921,2200.0,186.8,26.22
48.9428,-102.8757,US,Spring Cereals,6.6,58.0,29.8,4.15,27.5,1.12,5.85,11.72,393.7,0.94,2220.0,184.4,24.84
48.9742,-102.8603,US,Spring Cereals,6.5,52.6,27.1,4.46,26.1,1.1,5.62,11.68,409.6,0.921,2200.0,186.8,26.22
48.9638,-102.8132,US,Spring Cereals,6.6,59.4,27.3,4.45,27.3,1.1,5.62,11.68,409.6,0.921,2200.0,186.8,26.22
48.9761,-102.867,US,Spring Cereals,6.4,54.3,27.7,4.65,26.9,1.1,5.62,11.68,409.6,0.921,2200.0,186.8,26.22
48.9359,-102.8135,US,Spring Cereals,6.6,61.4,29.4,4.46,26.9,1.11,5.62,11.68,409.6,0.921,2200.0,186.8,26.22
48.9368,-102.8348,US,Spring Cereals,6.5,61.2,27.3,4.47,26.8,1.06,5.62,11.68,409.6,0.921,2200.0,186.8,26.22
48.9895,-102.7136,US,Spring Cereals,6.8,64.9,27.4,4.75,26.9,1.14,5.62,11.68,409.6,0.921,2200.0,186.8,26.22
48.9485,-102.747,US,Spring Cereals,6.7,58.6,25.1,4.56,26.7,1.09,5.62,11.68,409.6,0.921,2200.0,186.8,26.22
48.9603,-102.7167,US,Spring Cereals,6.8,63.1,27.2,4.77,26.6,1.09,5.62,11.68,409.6,0.921,2200.0,186.8,26.22
48.9762,-102.7211,US,Spring Cereals,6.7,65.2,28.4,4.65,27.8,1.13,5.62,11.68,409.6,0.921,2200.0,186.8,26.22
48.9835,-102.7333,US,Spring Cereals,6.8,68.5,29.5,4.78,25.7,1.14,5.62,11.68,409.6,0.921,2200.0,186.8,26.22
48.9582,-102.7847,US,Spring Cereals,6.7,59.1,27.2,4.64,27.7,1.1,5.62,11.68,409.6,0.921,2200.0,186.8,26.22
48.9793,-102.7706,US,Spring Cereals,6.6,56.0,26.8,4.43,26.0,1.13,5.62,11.68,409.6,0.921,2200.0,186.8,26.22
48.9793,-102.7706,US,Spring Cereals,6.6,56.0,26.8,4.43,26.0,1.13,5.62,11.68,409.6,0.921,2200.0,186.8,26.22
48.955,-102.7062,US,Spring Cereals,6.8,64.7,24.1,5.01,26.7,1.11,5.62,11.68,409.6,0.921,2200.0,186.8,26.22
48.986,-102.7085,US,Spring Cereals,6.8,65.9,27.3,4.84,27.6,1.14,5.62,11.68,409.6,0.921,2200.0,186.8,26.22
48.964,-102.744,US,Spring Cereals,6.8,60.5,25.7,4.59,26.1,1.11,5.62,11.68,409.6,0.921,2200.0,186.8,26.22
48.9631,-102.7667,US,Spring Cereals,6.7,62.1,26.2,4.59,26.2,1.11,5.62,11.68,409.6,0.921,2200.0,186.8,26.22
48.9921,-102.7594,US,Spring Cereals,6.9,66.8,29.3,4.49,25.9,1.14,5.62,11.68,409.6,0.921,2200.0,186.8,26.22
48.9895,-102.751,US,Spring Cereals,6.8,70.5,30.5,4.76,26.9,1.12,5.62,11.68,409.6,0.921,2200.0,186.8,26.22
48.941,-102.7299,US,Spring Cereals,6.8,56.8,28.6,4.94,27.4,1.14,5.62,11.68,409.6,0.921,2200.0,186.8,26.22
48.9482,-102.735,US,Spring Cereals,6.8,60.5,24.9,4.47,26.7,1.09,5.62,11.68,409.6,0.921,2200.0,186.8,26.22
48.9638,-102.7683,US,Spring Cereals,6.7,61.4,26.2,4.61,26.5,1.11,5.62,11.68,409.6,0.921,2200.0,186.8,26.22
48.9463,-102.7089,US,Spring Cereals,6.8,66.9,27.0,5.0,27.4,1.1,5.62,11.68,409.6,0.921,2200.0,186.8,26.22
48.9335,-102.7813,US,Spring Cereals,6.8,62.0,28.1,4.44,25.4,1.13,5.62,11.68,409.6,0.921,2200.0,186.8,26.22
48.9835,-102.7497,US,Spring Cereals,6.8,64.9,30.5,4.96,26.3,1.13,5.62,11.68,409.6,0.921,2200.0,186.8,26.22
48.9618,-102.7603,US,Spring Cereals,6.7,60.9,26.2,4.7,26.2,1.12,5.62,11.68,409.6,0.921,2200.0,186.8,26.22
48.9886,-102.7177,US,Spring Cereals,6.8,64.3,28.4,4.78,26.2,1.17,5.62,11.68,409.6,0.921,2200.0,186.8,26.22
48.9386,-102.7752,US,Spring Cereals,6.6,61.7,27.4,4.42,26.7,1.13,5.62,11.68,409.6,0.921,2200.0,186.8,26.22
48.9314,-102.7443,US,Spring Cereals,6.7,58.9,26.5,4.21,27.5,1.11,5.62,11.68,409.6,0.921,2200.0,186.8,26.22
48.9868,-102.7605,US,Spring Cereals,6.9,58.5,29.8,4.59,27.5,1.13,5.62,11.68,409.6,0.921,2200.0,186.8,26.22
48.9468,-102.7163,US,Spring Cereals,6.8,60.7,27.2,4.53,27.9,1.11,5.62,11.68,409.6,0.921,2200.0,186.8,26.22
48.9835,-102.7842,US,Spring Cereals,6.8,54.5,27.5,4.4,24.9,1.15,5.62,11.68,409.6,0.921,2200.0,186.8,26.22
48.9901,-102.752,US,Spring Cereals,6.7,62.2,28.8,4.59,26.4,1.13,5.62,11.68,409.6,0.921,2200.0,186.8,26.22
48.9876,-102.7305,US,Spring Cereals,6.9,67.3,27.9,4.83,26.4,1.15,5.62,11.68,409.6,0.921,2200.0,186.8,26.22
48.9789,-102.7709,US,Spring Cereals,6.6,56.4,27.0,4.36,25.7,1.12,5.62,11.68,409.6,0.921,2200.0,186.8,26.22
48.9789,-102.7709,US,Spring Cereals,6.6,56.4,27.0,4.36,25.7,1.12,5.62,11.68,409.6,0.921,2200.0,186.8,26.22
48.9566,-102.7195,US,Spring Cereals,6.8,62.1,27.3,4.78,25.9,1.11,5.62,11.68,409.6,0.921,2200.0,186.8,26.22
48.9658,-102.7109,US,Spring Cereals,6.8,63.9,28.7,4.9,26.7,1.1,5.62,11.68,409.6,0.921,2200.0,186.8,26.22
48.9395,-102.7655,US,Spring Cereals,6.6,60.3,29.0,4.4,26.3,1.12,5.62,11.68,409.6,0.921,2200.0,186.8,26.22
48.9486,-102.7382,US,Spring Cereals,6.7,60.0,25.1,4.48,26.8,1.08,5.62,11.68,409.6,0.921,2200.0,186.8,26.22
48.9686,-102.6776,US,Spring Cereals,6.8,55.8,28.8,4.67,27.4,1.15,5.62,11.68,409.6,0.921,2200.0,186.8,26.22
48.9396,-102.7672,US,Spring Cereals,6.6,60.5,28.5,4.36,26.8,1.12,5.62,11.68,409.6,0.921,2200.0,186.8,26.22
48.9805,-102.6539,US,Spring Cereals,6.8,60.3,29.5,4.79,28.8,1.12,5.62,11.68,409.6,0.921,2200.0,186.8,26.22
48.9723,-102.6629,US,Spring Cereals,6.8,59.8,30.6,4.7,27.6,1.14,5.62,11.68,409.6,0.921,2200.0,186.8,26.22
48.9775,-102.6834,US,Spring Cereals,6.8,54.5,29.4,4.68,27.5,1.16,5.62,11.68,409.6,0.921,2200.0,186.8,26.22
48.9392,-102.6389,US,Spring Cereals,6.7,66.2,25.9,4.85,27.2,1.14,5.62,11.68,409.6,0.921,2200.0,186.8,26.22
48.9365,-102.6763,US,Spring Cereals,6.8,56.4,25.5,4.55,27.5,1.18,5.62,11.68,409.6,0.921,2200.0,186.8,26.22
48.9702,-102.6802,US,Spring Cereals,6.8,57.1,29.3,4.67,27.5,1.15,5.62,11.68,409.6,0.921,2200.0,186.8,26.22
48.9343,-102.6654,US,Spring Cereals,6.8,58.2,26.5,4.71,26.8,1.17,5.62,11.68,409.6,0.921,2200.0,186.8,26.22
48.9434,-102.6539,US,Spring Cereals,6.7,60.4,27.1,4.91,26.9,1.17,5.62,11.68,409.6,0.921,2200.0,186.8,26.22
48.9536,-102.6414,US,Spring Cereals,6.8,63.5,27.5,4.77,26.0,1.16,5.62,11.68,409.6,0.921,2200.0,186.8,26.22
48.9803,-102.6409,US,Spring Cereals,6.8,62.0,28.6,4.79,31.4,1.12,5.62,11.68,409.6,0.921,2200.0,186.8,26.22
48.9333,-102.6705,US,Spring Cereals,6.8,56.4,25.7,4.57,27.0,1.18,5.62,11.68,409.6,0.921,2200.0,186.8,26.22
48.9474,-102.6376,US,Spring Cereals,6.8,66.9,26.9,4.91,26.4,1.15,5.62,11.68,409.6,0.921,2200.0,186.8,26.22
48.9478,-102.6864,US,Spring Cereals,6.8,55.9,24.8,4.56,26.1,1.14,5.62,11.68,409.6,0.921,2200.0,186.8,26.22
48.9746,-102.6721,US,Spring Cereals,6.8,58.0,29.5,4.64,27.4,1.14,5.62,11.68,409.6,0.921,2200.0,186.8,26.22
48.9554,-102.6798,US,Spring Cereals,6.7,57.9,25.1,4.77,27.8,1.14,5.62,11.68,409.6,0.921,2200.0,186.8,26.22
48.9317,-102.665,US,Spring Cereals,6.7,57.5,28.0,4.64,27.0,1.17,5.62,11.68,409.6,0.921,2200.0,186.8,26.22
48.9556,-102.6604,US,Spring Cereals,6.8,56.9,25.9,4.74,26.3,1.16,5.62,11.68,409.6,0.921,2200.0,186.8,26.22
48.961,-102.6473,US,Spring Cereals,6.8,61.6,27.6,4.71,27.4,1.18,5.62,11.68,409.6,0.921,2200.0,186.8,26.22
48.9825,-102.6622,US,Spring Cereals,6.7,58.1,30.2,4.83,27.5,1.15,5.62,11.68,409.6,0.921,2200.0,186.8,26.22
48.9726,-102.6771,US,Spring Cereals,6.8,57.9,29.0,4.75,26.8,1.14,5.62,11.68,409.6,0.921,2200.0,186.8,26.22
48.9725,-102.6908,US,Spring Cereals,6.8,61.2,29.8,4.81,26.5,1.15,5.62,11.68,409.6,0.921,2200.0,186.8,26.22
48.9451,-102.6792,US,Spring Cereals,6.8,61.4,26.6,4.56,26.1,1.11,5.62,11.68,409.6,0.921,2200.0,186.8,26.22
48.9433,-102.685,US,Spring Cereals,6.8,63.2,25.5,4.55,27.0,1.1,5.62,11.68,409.6,0.921,2200.0,186.8,26.22
48.9501,-102.703,US,Spring Cereals,6.8,62.5,26.5,4.59,26.6,1.09,5.62,11.68,409.6,0.921,2200.0,186.8,26.22
48.9511,-102.5702,US,Spring Cereals,6.7,59.0,26.8,4.71,26.6,1.07,5.62,11.68,409.6,0.921,2200.0,186.8,26.22
48.9471,-102.6112,US,Spring Cereals,6.6,61.4,24.8,5.22,27.2,1.12,5.62,11.68,409.6,0.921,2200.0,186.8,26.22
48.9726,-102.6845,US,Spring Cereals,6.8,55.5,29.9,4.83,27.1,1.15,5.62,11.68,409.6,0.921,2200.0,186.8,26.22
48.9802,-102.5524,US,Spring Cereals,6.7,62.2,24.3,4.88,26.7,1.1,5.62,11.68,409.6,0.921,2200.0,186.8,26.22
48.9538,-102.5378,US,Spring Cereals,6.7,60.8,26.1,4.94,27.5,1.08,5.62,11.68,409.6,0.921,2200.0,186.8,26.22
48.9473,-102.6074,US,Spring Cereals,6.7,59.8,26.5,4.81,26.9,1.15,5.62,11.68,409.6,0.921,2200.0,186.8,26.22
48.9771,-102.5544,US,Spring Cereals,6.7,61.6,23.9,4.92,26.7,1.09,5.62,11.68,409.6,0.921,2200.0,186.8,26.22
48.9359,-102.5856,US,Spring Cereals,6.6,60.1,26.6,4.85,27.1,1.09,5.62,11.68,409.6,0.921,2200.0,186.8,26.22
48.9516,-102.5908,US,Spring Cereals,6.7,64.3,27.7,4.89,26.0,1.08,5.62,11.68,409.6,0.921,2200.0,186.8,26.22
48.9519,-102.5872,US,Spring Cereals,6.7,61.0,29.0,4.82,26.2,1.09,5.62,11.68,409.6,0.921,2200.0,186.8,26.22
48.9481,-102.5764,US,Spring Cereals,6.7,61.5,28.7,4.8,26.6,1.08,5.62,11.68,409.6,0.921,2200.0,186.8,26.22
48.9554,-102.5949,US,Spring Cereals,6.7,68.4,27.2,5.07,26.5,1.06,5.62,11.68,409.6,0.921,2200.0,186.8,26.22
48.9878,-102.5909,US,Spring Cereals,6.7,56.2,26.4,4.7,30.6,1.15,5.62,11.68,409.6,0.921,2200.0,186.8,26.22
48.9454,-102.593,US,Spring Cereals,6.6,66.6,25.5,5.36,27.4,1.1,5.62,11.68,409.6,0.921,2200.0,186.8,26.22
48.9351,-102.5935,US,Spring Cereals,6.7,61.2,26.2,4.98,27.1,1.14,5.62,11.68,409.6,0.921,2200.0,186.8,26.22
