crop,region,country,state,lat,lon
Maize,US,United States of America,North Dakota,48.9871,-103.4252
Maize,US,United States of America,North Dakota,48.9448,-103.3167
Maize,US,United States of America,North Dakota,48.9517,-103.2001
Maize,US,United States of America,North Dakota,48.9618,-102.9959
Maize,US,United States of America,North Dakota,48.9319,-103.009
Maize,US,United States of America,North Dakota,48.9666,-102.8921
Maize,US,United States of America,North Dakota,48.9471,-102.7959
Maize,US,United States of America,North Dakota,48.9663,-102.7423
Maize,US,United States of America,North Dakota,48.9458,-102.7264
Maize,US,United States of America,North Dakota,48.9517,-102.6814
Maize,US,United States of America,North Dakota,48.9361,-102.567
Maize,US,United States of America,North Dakota,48.9318,-102.5496
Maize,US,United States of America,North Dakota,48.9354,-102.5549
Maize,US,United States of America,North Dakota,48.9585,-102.4609
Maize,US,United States of America,North Dakota,48.9575,-102.4368
Maize,US,United States of America,North Dakota,48.9431,-102.4019
Maize,US,United States of America,North Dakota,48.9415,-102.3934
Maize,US,United States of America,North Dakota,48.9402,-101.9445
Maize,US,United States of America,North Dakota,48.9652,-101.854
Maize,US,United States of America,North Dakota,48.9644,-101.8549
Maize,US,United States of America,North Dakota,48.9594,-101.8485
Maize,US,United States of America,North Dakota,48.9786,-101.8058
Maize,US,United States of America,North Dakota,48.9591,-101.7458
Maize,US,United States of America,North Dakota,48.9608,-101.7524
Maize,US,United States of America,North Dakota,48.9539,-101.7534
Maize,US,United States of America,North Dakota,48.9438,-101.6944
Maize,US,United States of America,North Dakota,48.9564,-101.7047
Maize,US,United States of America,North Dakota,48.984,-101.6371
Maize,US,United States of America,North Dakota,48.9382,-101.6629
Maize,US,United States of America,North Dakota,48.9434,-101.6577
Maize,US,United States of America,North Dakota,48.9366,-101.656
Maize,US,United States of America,North Dakota,48.947,-101.6649
Maize,US,United States of America,North Dakota,48.9838,-101.6695
Maize,US,United States of America,North Dakota,48.9712,-101.6304
Maize,US,United States of America,North Dakota,48.9397,-101.6584
Maize,US,United States of America,North Dakota,48.9746,-101.662
Maize,US,United States of America,North Dakota,48.9603,-101.6743
Maize,US,United States of America,North Dakota,48.9528,-101.514
Maize,US,United States of America,North Dakota,48.9456,-101.5254
Maize,US,United States of America,North Dakota,48.9366,-101.5909
Maize,US,United States of America,North Dakota,48.9472,-101.5211
Maize,US,United States of America,North Dakota,48.9327,-101.5867
Maize,US,United States of America,North Dakota,48.9341,-101.5555
Maize,US,United States of America,North Dakota,48.9411,-101.5603
Maize,US,United States of America,North Dakota,48.9371,-101.5148
Maize,US,United States of America,North Dakota,48.9385,-101.484
Maize,US,United States of America,North Dakota,48.9478,-101.4437
Maize,US,United States of America,North Dakota,48.9341,-101.4306
Maize,US,United States of America,North Dakota,48.9489,-101.4811
Maize,US,United States of America,North Dakota,48.9479,-101.4952
Maize,US,United States of America,North Dakota,48.9686,-101.4294
Maize,US,United States of America,North Dakota,48.9356,-101.5027
Maize,US,United States of America,North Dakota,48.9322,-101.4447
Maize,US,United States of America,North Dakota,48.9406,-101.4755
Maize,US,United States of America,North Dakota,48.9342,-101.4456
Maize,US,United States of America,North Dakota,48.9333,-101.4271
Maize,US,United States of America,North Dakota,48.9507,-101.4449
Maize,US,United States of America,North Dakota,48.9829,-101.3744
Maize,US,United States of America,North Dakota,48.9738,-101.3848
Maize,US,United States of America,North Dakota,48.9402,-101.3549
Maize,US,United States of America,North Dakota,48.9538,-101.3775
Maize,US,United States of America,North Dakota,48.963,-101.3775
Maize,US,United States of America,North Dakota,48.9758,-101.363
Maize,US,United States of America,North Dakota,48.9566,-101.375
Maize,US,United States of America,North Dakota,48.987,-101.4228
Maize,US,United States of America,North Dakota,48.9871,-101.3301
Maize,US,United States of America,North Dakota,48.9906,-101.2913
Maize,US,United States of America,North Dakota,48.9564,-101.3053
Maize,US,United States of America,North Dakota,48.9702,-101.2631
Maize,US,United States of America,North Dakota,48.9887,-101.3264
Maize,US,United States of America,North Dakota,48.9905,-101.2948
Maize,US,United States of America,North Dakota,48.9906,-101.3114
Maize,US,United States of America,North Dakota,48.9753,-101.2616
Maize,US,United States of America,North Dakota,48.9416,-101.3305
Maize,US,United States of America,North Dakota,48.953,-101.3199
Maize,US,United States of America,North Dakota,48.9431,-101.2335
Maize,US,United States of America,North Dakota,48.9356,-101.2069
Maize,US,United States of America,North Dakota,48.9685,-101.2359
Maize,US,United States of America,North Dakota,48.9368,-101.2275
Maize,US,United States of America,North Dakota,48.9478,-101.2184
Maize,US,United States of America,North Dakota,48.9684,-101.2524
Maize,US,United States of America,North Dakota,48.9434,-101.1393
Maize,US,United States of America,North Dakota,48.9399,-101.145
Maize,US,United States of America,North Dakota,48.9734,-101.091
Maize,US,United States of America,North Dakota,48.968,-101.021
Maize,US,United States of America,North Dakota,48.9365,-101.0752
Maize,US,United States of America,North Dakota,48.9573,-101.0793
Maize,US,United States of America,North Dakota,48.9358,-101.0788
Maize,US,United States of America,North Dakota,48.9367,-100.9295
Maize,US,United States of America,North Dakota,48.9333,-100.9268
Maize,US,United States of America,North Dakota,48.9341,-100.922
Maize,US,United States of America,North Dakota,48.9848,-100.9266
Maize,US,United States of America,North Dakota,48.9735,-100.8534
Maize,US,United States of America,North Dakota,48.9704,-100.8605
Maize,US,United States of America,North Dakota,48.9703,-100.8494
Maize,US,United States of America,North Dakota,48.9348,-100.8906
Maize,US,United States of America,North Dakota,48.9432,-100.9092
Maize,US,United States of America,North Dakota,48.9889,-100.7836
Maize,US,United States of America,North Dakota,48.969,-100.7803
Maize,US,United States of America,North Dakota,48.9795,-100.8172
Maize,US,United States of America,North Dakota,48.9639,-100.7054
Maize,US,United States of America,North Dakota,48.9594,-100.7059
Maize,US,United States of America,North Dakota,48.9355,-100.585
Maize,US,United States of America,North Dakota,48.9821,-99.7561
Maize,US,United States of America,North Dakota,48.9734,-99.598
Maize,US,United States of America,North Dakota,48.9351,-99.4724
Maize,US,United States of America,North Dakota,48.9324,-99.4314
Maize,US,United States of America,North Dakota,48.9326,-99.2136
Maize,US,United States of America,North Dakota,48.9394,-99.2195
Maize,US,United States of America,North Dakota,48.9741,-99.2623
Maize,US,United States of America,North Dakota,48.9521,-99.2002
Maize,US,United States of America,North Dakota,48.9433,-99.1751
Maize,US,United States of America,North Dakota,48.9893,-99.0934
Maize,US,United States of America,North Dakota,48.9698,-99.0326
Maize,US,United States of America,North Dakota,48.9645,-99.0324
Maize,US,United States of America,North Dakota,48.9831,-98.7125
Maize,US,United States of America,North Dakota,48.9839,-98.6146
Maize,US,United States of America,North Dakota,48.9352,-98.3274
Maize,US,United States of America,North Dakota,48.9873,-98.0393
Maize,US,United States of America,North Dakota,48.9495,-97.9685
Maize,US,United States of America,North Dakota,48.9857,-97.9316
Maize,US,United States of America,North Dakota,48.9496,-97.9651
Maize,US,United States of America,North Dakota,48.9461,-97.9569
Maize,US,United States of America,North Dakota,48.9541,-97.9732
Maize,US,United States of America,North Dakota,48.9561,-97.9643
Maize,US,United States of America,North Dakota,48.9752,-98.0074
Maize,US,United States of America,North Dakota,48.9574,-97.967
Maize,US,United States of America,North Dakota,48.957,-97.9663
Maize,US,United States of America,North Dakota,48.9452,-97.8528
Maize,US,United States of America,North Dakota,48.9445,-97.8429
Maize,US,United States of America,North Dakota,48.9446,-97.8709
Maize,US,United States of America,North Dakota,48.9646,-97.9189
Maize,US,United States of America,North Dakota,48.9905,-97.8464
Maize,US,United States of America,North Dakota,48.9891,-97.9088
Maize,US,United States of America,North Dakota,48.9424,-97.921
Maize,US,United States of America,North Dakota,48.9444,-97.8833
Maize,US,United States of America,North Dakota,48.9486,-97.8651
Maize,US,United States of America,North Dakota,48.9383,-97.9181
Maize,US,United States of America,North Dakota,48.9431,-97.9099
Maize,US,United States of America,North Dakota,48.9376,-97.8799
Maize,US,United States of America,North Dakota,48.9498,-97.8533
Maize,US,United States of America,North Dakota,48.9767,-97.8089
Maize,US,United States of America,North Dakota,48.9586,-97.7706
Maize,US,United States of America,North Dakota,48.9822,-97.7849
Maize,US,United States of America,North Dakota,48.989,-97.8079
Maize,US,United States of America,North Dakota,48.9821,-97.7909
Maize,US,United States of America,North Dakota,48.9409,-97.837
Maize,US,United States of America,North Dakota,48.9801,-97.7854
Maize,US,United States of America,North Dakota,48.9796,-97.7872
Maize,US,United States of America,North Dakota,48.9821,-97.7824
Maize,US,United States of America,North Dakota,48.9606,-97.7844
Maize,US,United States of America,North Dakota,48.9906,-97.8151
Maize,US,United States of America,North Dakota,48.9831,-97.7814
Maize,US,United States of America,North Dakota,48.9472,-97.7672
Maize,US,United States of America,North Dakota,48.9719,-97.8016
Maize,US,United States of America,North Dakota,48.9616,-97.708
Maize,US,United States of America,North Dakota,48.9905,-97.7474
Maize,US,United States of America,North Dakota,48.9806,-97.6946
Maize,US,United States of America,North Dakota,48.9591,-97.7181
Maize,US,United States of America,North Dakota,48.9352,-97.7417
Maize,US,United States of America,North Dakota,48.979,-97.7159
Maize,US,United States of America,North Dakota,48.9793,-97.7233
Maize,US,United States of America,North Dakota,48.9887,-97.746
Maize,US,United States of America,North Dakota,48.9575,-97.7117
Maize,US,United States of America,North Dakota,48.9913,-97.7462
Maize,US,United States of America,North Dakota,48.9735,-97.6794
Maize,US,United States of America,North Dakota,48.9745,-97.7199
Maize,US,United States of America,North Dakota,48.9493,-97.7065
Maize,US,United States of America,North Dakota,48.9666,-97.7395
Maize,US,United States of America,North Dakota,48.9322,-97.6882
Maize,US,United States of America,North Dakota,48.9915,-97.7289
Maize,US,United States of America,North Dakota,48.9892,-97.747
Maize,US,United States of America,North Dakota,48.9751,-97.7418
Maize,US,United States of America,North Dakota,48.9411,-97.6272
Maize,US,United States of America,North Dakota,48.9494,-97.6268
Maize,US,United States of America,North Dakota,48.9515,-97.6701
Maize,US,United States of America,North Dakota,48.973,-97.6624
Maize,US,United States of America,North Dakota,48.9866,-97.5867
Maize,US,United States of America,North Dakota,48.9441,-97.5878
Maize,US,United States of America,North Dakota,48.9611,-97.6341
Maize,US,United States of America,North Dakota,48.9591,-97.6394
Maize,US,United States of America,North Dakota,48.9839,-97.6263
Maize,US,United States of America,North Dakota,48.9581,-97.5915
Maize,US,United States of America,North Dakota,48.9707,-97.5948
Maize,US,United States of America,North Dakota,48.9573,-97.6116
Maize,US,United States of America,North Dakota,48.9388,-97.5912
Maize,US,United States of America,North Dakota,48.9518,-97.6319
Maize,US,United States of America,North Dakota,48.9721,-97.6621
Maize,US,United States of America,North Dakota,48.9687,-97.572
Maize,US,United States of America,North Dakota,48.9461,-97.5816
Maize,US,United States of America,North Dakota,48.937,-97.5459
Maize,US,United States of America,North Dakota,48.9823,-97.5277
Maize,US,United States of America,North Dakota,48.9757,-97.5029
Maize,US,United States of America,North Dakota,48.9746,-97.5738
Maize,US,United States of America,North Dakota,48.9506,-97.5233
Maize,US,United States of America,North Dakota,48.9311,-97.5278
Maize,US,United States of America,North Dakota,48.9427,-97.5095
Maize,US,United States of America,North Dakota,48.9731,-97.5751
Maize,US,United States of America,North Dakota,48.9543,-97.5539
Maize,US,United States of America,North Dakota,48.9447,-97.5072
Maize,US,United States of America,North Dakota,48.9595,-97.5326
Maize,US,United States of America,North Dakota,48.937,-97.5356
Maize,US,United States of America,North Dakota,48.9826,-97.5269
Maize,US,United States of America,North Dakota,48.9811,-97.5324
Maize,US,United States of America,North Dakota,48.983,-97.5019
Maize,US,United States of America,North Dakota,48.9397,-97.4902
Maize,US,United States of America,North Dakota,48.9555,-97.4854
Maize,US,United States of America,North Dakota,48.9606,-97.4461
Maize,US,United States of America,North Dakota,48.96,-97.4809
Maize,US,United States of America,North Dakota,48.9748,-97.4487
Maize,US,United States of America,North Dakota,48.9707,-97.4174
Maize,US,United States of America,North Dakota,48.9532,-97.4395
Maize,US,United States of America,North Dakota,48.9376,-97.4244
Maize,US,United States of America,North Dakota,48.9533,-97.4438
Maize,US,United States of America,North Dakota,48.9614,-97.4403
Maize,US,United States of America,North Dakota,48.9746,-97.4399
Maize,US,United States of America,North Dakota,48.9364,-97.3818
Maize,US,United States of America,North Dakota,48.9827,-97.3472
Maize,US,United States of America,North Dakota,48.9741,-97.4019
Maize,US,United States of America,North Dakota,48.948,-97.3663
Maize,US,United States of America,North Dakota,48.9482,-97.2979
Maize,US,United States of America,North Dakota,48.9361,-97.2456
Maize,US,United States of America,North Dakota,48.9841,-97.3242
Maize,US,United States of America,North Dakota,48.9327,-97.2619
Maize,US,United States of America,North Dakota,48.9378,-97.248
Maize,US,United States of America,Minnesota,48.9597,-97.1927
Maize,US,United States of America,North Dakota,48.9459,-97.2193
Maize,US,United States of America,North Dakota,48.9367,-97.2386
Maize,US,United States of America,Minnesota,48.9558,-97.1923
Maize,US,United States of America,Minnesota,48.9866,-97.1594
Maize,US,United States of America,Minnesota,48.9367,-97.1182
Maize,US,United States of America,Minnesota,48.9531,-97.1202
Maize,US,United States of America,Minnesota,48.9361,-97.1171
Maize,US,United States of America,Minnesota,48.9438,-97.1079
Maize,US,United States of America,Minnesota,48.9312,-97.0925
Maize,US,United States of America,Minnesota,48.9461,-97.0022
Maize,US,United States of America,Minnesota,48.9384,-97.0485
Maize,US,United States of America,Minnesota,48.9529,-97.0129
Maize,US,United States of America,Minnesota,48.9551,-97.0131
Maize,US,United States of America,Minnesota,48.9609,-96.9879
Maize,US,United States of America,Minnesota,48.9833,-96.9807
Maize,US,United States of America,Minnesota,48.9746,-96.9034
Maize,US,United States of America,Minnesota,48.9729,-96.9069
Maize,US,United States of America,Minnesota,48.9622,-96.9479
Maize,US,United States of America,Minnesota,48.9371,-96.9297
Maize,US,United States of America,Minnesota,48.9845,-96.979
Maize,US,United States of America,Minnesota,48.94,-96.924
Maize,US,United States of America,Minnesota,48.9722,-96.898
Maize,US,United States of America,Minnesota,48.9861,-96.8916
Maize,US,United States of America,Minnesota,48.9825,-96.7349
Maize,US,United States of America,Minnesota,48.9899,-96.4604
Maize,US,United States of America,Minnesota,48.939,-96.0698
Maize,US,United States of America,Minnesota,48.9398,-96.0922
Maize,US,United States of America,Minnesota,48.9503,-96.0055
Maize,US,United States of America,Minnesota,48.9759,-96.0029
Maize,US,United States of America,Minnesota,48.9729,-95.9989
Maize,US,United States of America,Minnesota,48.9716,-95.9995
Maize,US,United States of America,Minnesota,48.9604,-95.9945
Maize,US,United States of America,Minnesota,48.9626,-96.0014
Maize,US,United States of America,Minnesota,48.9654,-95.9989
Maize,US,United States of America,Minnesota,48.9333,-95.9814
Maize,US,United States of America,Minnesota,48.9466,-95.925
Maize,US,United States of America,Minnesota,48.9423,-95.9278
Maize,US,United States of America,Minnesota,48.9894,-95.9563
Maize,US,United States of America,Minnesota,48.9596,-95.9446
Maize,US,United States of America,Minnesota,48.9452,-95.9225
Maize,US,United States of America,Minnesota,48.9687,-95.9272
Maize,US,United States of America,Minnesota,48.946,-95.8982
Maize,US,United States of America,Minnesota,48.9434,-95.9213
Maize,US,United States of America,Minnesota,48.9462,-95.9003
Maize,US,United States of America,Minnesota,48.9562,-95.9387
Maize,US,United States of America,Minnesota,48.9425,-95.9006
Maize,US,United States of America,Minnesota,48.9361,-95.9061
Maize,US,United States of America,Minnesota,48.9611,-95.883
Maize,US,United States of America,Minnesota,48.9515,-95.9363
Maize,US,United States of America,Minnesota,48.9641,-95.8549
Maize,US,United States of America,Minnesota,48.9507,-95.8548
Maize,US,United States of America,Minnesota,48.9526,-95.8566
Maize,US,United States of America,Minnesota,48.9391,-95.4697
Maize,US,United States of America,Minnesota,48.9473,-95.4487
Maize,US,United States of America,Minnesota,48.9403,-95.3729
Maize,US,United States of America,Minnesota,48.9318,-95.4489
Maize,US,United States of America,Minnesota,48.946,-95.0624
Maize,US,United States of America,Minnesota,48.9548,-95.052
Maize,US,United States of America,Minnesota,48.9512,-95.0515
Maize,US,United States of America,Minnesota,48.9596,-94.9874
Maize,US,United States of America,Minnesota,48.959,-94.9909
Maize,US,United States of America,North Dakota,48.8522,-104.0072
Maize,US,United States of America,North Dakota,48.8662,-102.8903
Maize,US,United States of America,North Dakota,48.9293,-102.7323
Maize,US,United States of America,North Dakota,48.8554,-102.6288
Maize,US,United States of America,North Dakota,48.8612,-102.6085
Maize,US,United States of America,North Dakota,48.8997,-102.6124
Maize,US,United States of America,North Dakota,48.9261,-102.5376
Maize,US,United States of America,North Dakota,48.8985,-102.5666
Maize,US,United States of America,North Dakota,48.9048,-102.5002
Maize,US,United States of America,North Dakota,48.8516,-102.5025
Maize,US,United States of America,North Dakota,48.8589,-102.4883
Maize,US,United States of America,North Dakota,48.8604,-102.4234
Maize,US,United States of America,North Dakota,48.8465,-102.4489
Maize,US,United States of America,North Dakota,48.8872,-102.4029
Maize,US,United States of America,North Dakota,48.8953,-102.3419
Maize,US,United States of America,North Dakota,48.9283,-102.2014
Maize,US,United States of America,North Dakota,48.8954,-101.9429
Maize,US,United States of America,North Dakota,48.861,-101.9726
Maize,US,United States of America,North Dakota,48.8856,-101.9424
Maize,US,United States of America,North Dakota,48.8901,-101.9311
Maize,US,United States of America,North Dakota,48.8892,-101.9286
Maize,US,United States of America,North Dakota,48.901,-101.8009
Maize,US,United States of America,North Dakota,48.8989,-101.7687
Maize,US,United States of America,North Dakota,48.8573,-101.6891
Maize,US,United States of America,North Dakota,48.9031,-101.6989
Maize,US,United States of America,North Dakota,48.875,-101.7552
Maize,US,United States of America,North Dakota,48.8639,-101.6296
Maize,US,United States of America,North Dakota,48.8976,-101.6514
Maize,US,United States of America,North Dakota,48.8969,-101.6195
Maize,US,United States of America,North Dakota,48.9248,-101.6647
Maize,US,United States of America,North Dakota,48.9301,-101.6104
Maize,US,United States of America,North Dakota,48.874,-101.6589
Maize,US,United States of America,North Dakota,48.9107,-101.6251
Maize,US,United States of America,North Dakota,48.848,-101.5687
Maize,US,United States of America,North Dakota,48.8721,-101.5728
Maize,US,United States of America,North Dakota,48.8771,-101.5673
Maize,US,United States of America,North Dakota,48.879,-101.5594
Maize,US,United States of America,North Dakota,48.8673,-101.5415
Maize,US,United States of America,North Dakota,48.9021,-101.5696
Maize,US,United States of America,North Dakota,48.878,-101.558
Maize,US,United States of America,North Dakota,48.8533,-101.5239
Maize,US,United States of America,North Dakota,48.8739,-101.568
Maize,US,United States of America,North Dakota,48.85,-101.5462
Maize,US,United States of America,North Dakota,48.8456,-101.5492
Maize,US,United States of America,North Dakota,48.9076,-101.5636
Maize,US,United States of America,North Dakota,48.8521,-101.5239
Maize,US,United States of America,North Dakota,48.8532,-101.5573
Maize,US,United States of America,North Dakota,48.8696,-101.5564
Maize,US,United States of America,North Dakota,48.8491,-101.5694
Maize,US,United States of America,North Dakota,48.9171,-101.4925
Maize,US,United States of America,North Dakota,48.9216,-101.4782
Maize,US,United States of America,North Dakota,48.9285,-101.4284
Maize,US,United States of America,North Dakota,48.8533,-101.4612
Maize,US,United States of America,North Dakota,48.901,-101.4896
Maize,US,United States of America,North Dakota,48.91,-101.447
Maize,US,United States of America,North Dakota,48.9154,-101.4578
Maize,US,United States of America,North Dakota,48.9305,-101.4978
Maize,US,United States of America,North Dakota,48.8998,-101.4721
Maize,US,United States of America,North Dakota,48.9171,-101.4819
Maize,US,United States of America,North Dakota,48.8537,-101.4665
Maize,US,United States of America,North Dakota,48.9141,-101.4976
Maize,US,United States of America,North Dakota,48.9118,-101.4922
Maize,US,United States of America,North Dakota,48.8638,-101.4257
Maize,US,United States of America,North Dakota,48.8577,-101.4664
Maize,US,United States of America,North Dakota,48.9189,-101.5015
Maize,US,United States of America,North Dakota,48.93,-101.4994
Maize,US,United States of America,North Dakota,48.9208,-101.4892
Maize,US,United States of America,North Dakota,48.9288,-101.4264
Maize,US,United States of America,North Dakota,48.8578,-101.4211
Maize,US,United States of America,North Dakota,48.9258,-101.3593
Maize,US,United States of America,North Dakota,48.9028,-101.3506
Maize,US,United States of America,North Dakota,48.9022,-101.3468
Maize,US,United States of America,North Dakota,48.9265,-101.3638
Maize,US,United States of America,North Dakota,48.9281,-101.4242
Maize,US,United States of America,North Dakota,48.8891,-101.2678
Maize,US,United States of America,North Dakota,48.89,-101.3035
Maize,US,United States of America,North Dakota,48.8991,-101.3025
Maize,US,United States of America,North Dakota,48.8601,-101.3062
Maize,US,United States of America,North Dakota,48.8521,-101.3269
Maize,US,United States of America,North Dakota,48.8782,-101.2923
Maize,US,United States of America,North Dakota,48.8636,-101.3257
Maize,US,United States of America,North Dakota,48.885,-101.2572
Maize,US,United States of America,North Dakota,48.8613,-101.3094
Maize,US,United States of America,North Dakota,48.8885,-101.3032
Maize,US,United States of America,North Dakota,48.8666,-101.1885
Maize,US,United States of America,North Dakota,48.8631,-101.2464
Maize,US,United States of America,North Dakota,48.8897,-101.1752
Maize,US,United States of America,North Dakota,48.8686,-101.1773
Maize,US,United States of America,North Dakota,48.8582,-101.1774
Maize,US,United States of America,North Dakota,48.8944,-101.2504
Maize,US,United States of America,North Dakota,48.876,-101.251
Maize,US,United States of America,North Dakota,48.8542,-101.1873
Maize,US,United States of America,North Dakota,48.8944,-101.1868
Maize,US,United States of America,North Dakota,48.8621,-101.2469
Maize,US,United States of America,North Dakota,48.8592,-101.2499
Maize,US,United States of America,North Dakota,48.9108,-101.1459
Maize,US,United States of America,North Dakota,48.8731,-101.1628
Maize,US,United States of America,North Dakota,48.8654,-101.1529
Maize,US,United States of America,North Dakota,48.8926,-101.1056
Maize,US,United States of America,North Dakota,48.9039,-101.1112
Maize,US,United States of America,North Dakota,48.883,-101.1549
Maize,US,United States of America,North Dakota,48.8862,-101.148
Maize,US,United States of America,North Dakota,48.8611,-101.0863
Maize,US,United States of America,North Dakota,48.9025,-101.1037
Maize,US,United States of America,North Dakota,48.8701,-101.0729
Maize,US,United States of America,North Dakota,48.863,-101.0254
Maize,US,United States of America,North Dakota,48.8666,-101.0817
Maize,US,United States of America,North Dakota,48.9041,-101.0053
Maize,US,United States of America,North Dakota,48.8709,-101.0809
Maize,US,United States of America,North Dakota,48.8681,-101.046
Maize,US,United States of America,North Dakota,48.9021,-101.0747
Maize,US,United States of America,North Dakota,48.8684,-101.0691
Maize,US,United States of America,North Dakota,48.9296,-101.0721
Maize,US,United States of America,North Dakota,48.8821,-101.0279
Maize,US,United States of America,North Dakota,48.846,-101.0807
Maize,US,United States of America,North Dakota,48.8726,-101.0726
Maize,US,United States of America,North Dakota,48.8693,-101.0491
Maize,US,United States of America,North Dakota,48.8687,-101.0714
Maize,US,United States of America,North Dakota,48.8781,-101.0752
Maize,US,United States of America,North Dakota,48.887,-101.0068
Maize,US,United States of America,North Dakota,48.8544,-101.0341
Maize,US,United States of America,North Dakota,48.8713,-101.0596
Maize,US,United States of America,North Dakota,48.8473,-101.0378
Maize,US,United States of America,North Dakota,48.8833,-101.0353
Maize,US,United States of America,North Dakota,48.8896,-101.0313
Maize,US,United States of America,North Dakota,48.8791,-100.9757
Maize,US,United States of America,North Dakota,48.8776,-100.9766
Maize,US,United States of America,North Dakota,48.8915,-100.9458
Maize,US,United States of America,North Dakota,48.8759,-100.9813
Maize,US,United States of America,North Dakota,48.9099,-100.931
Maize,US,United States of America,North Dakota,48.9121,-100.934
Maize,US,United States of America,North Dakota,48.8716,-100.9903
Maize,US,United States of America,North Dakota,48.9291,-100.9416
Maize,US,United States of America,North Dakota,48.8565,-100.9795
Maize,US,United States of America,North Dakota,48.9289,-100.9257
Maize,US,United States of America,North Dakota,48.8521,-100.9962
Maize,US,United States of America,North Dakota,48.9057,-100.9044
Maize,US,United States of America,North Dakota,48.8962,-100.9071
Maize,US,United States of America,North Dakota,48.9231,-100.9101
Maize,US,United States of America,North Dakota,48.8784,-100.7919
Maize,US,United States of America,North Dakota,48.8778,-100.7927
Maize,US,United States of America,North Dakota,48.8653,-100.7238
Maize,US,United States of America,North Dakota,48.8896,-100.6841
Maize,US,United States of America,North Dakota,48.8726,-100.7134
Maize,US,United States of America,North Dakota,48.8495,-100.7078
Maize,US,United States of America,North Dakota,48.8691,-100.7189
Maize,US,United States of America,North Dakota,48.8491,-100.7073
Maize,US,United States of America,North Dakota,48.8921,-100.5859
Maize,US,United States of America,North Dakota,48.8921,-100.5977
Maize,US,United States of America,North Dakota,48.9252,-100.5981
Maize,US,United States of America,North Dakota,48.8939,-100.5785
Maize,US,United States of America,North Dakota,48.8723,-100.5914
Maize,US,United States of America,North Dakota,48.8967,-100.5717
Maize,US,United States of America,North Dakota,48.8796,-100.4483
Maize,US,United States of America,North Dakota,48.8845,-100.3866
Maize,US,United States of America,North Dakota,48.9258,-100.1189
Maize,US,United States of America,North Dakota,48.8866,-99.6551
Maize,US,United States of America,North Dakota,48.9262,-99.2132
Maize,US,United States of America,North Dakota,48.9067,-99.2162
Maize,US,United States of America,North Dakota,48.9136,-99.2099
Maize,US,United States of America,North Dakota,48.9091,-99.2179
Maize,US,United States of America,North Dakota,48.8941,-99.2714
Maize,US,United States of America,North Dakota,48.8928,-99.2724
Maize,Africa,Ghana,Northern,9.0258,-0.0602
Maize,Africa,Ghana,Northern,8.9784,0.0321
Maize,Africa,Ghana,Northern,9.0014,0.2152
Maize,Africa,Ghana,Northern,9.0229,0.4081
Maize,Africa,Ghana,Northern,8.9867,0.4316
Maize,Africa,Ghana,Northern,8.9015,-0.0741
Maize,Africa,Ghana,Northern,8.9222,-0.0567
Maize,Africa,Ghana,Northern,8.9225,-0.055
Maize,Africa,Ghana,Northern,8.9385,-0.0306
Maize,Africa,Ghana,Northern,8.8954,0.0779
Maize,Africa,Ghana,Northern,8.8982,0.2039
Maize,Africa,Ghana,Northern,8.9277,0.1798
Maize,Africa,Ghana,Northern,8.9143,0.1263
Maize,Africa,Ghana,Northern,8.8834,0.1707
Maize,Africa,Ghana,Northern,8.9348,0.1358
Maize,Africa,Ghana,Northern,8.9437,0.206
Maize,Africa,Ghana,Northern,8.8919,0.2056
Maize,Africa,Ghana,Northern,8.9339,0.2388
Maize,Africa,Ghana,Northern,8.9104,0.3619
Maize,Africa,Ghana,Northern,8.8902,0.4009
Maize,Africa,Ghana,Northern,8.9144,0.4019
Maize,Africa,Ghana,Northern,8.8167,-0.0758
Maize,Africa,Ghana,Northern,8.8253,-0.0259
Maize,Africa,Ghana,Northern,8.8673,-0.0092
Maize,Africa,Ghana,Northern,8.802,0.1176
Maize,Africa,Ghana,Northern,8.8093,0.1105
Maize,Africa,Ghana,Northern,8.8025,0.1567
Maize,Africa,Ghana,Northern,8.8249,0.1338
Maize,Africa,Ghana,Northern,8.7963,0.1557
Maize,Africa,Ghana,Northern,8.8094,0.1412
Maize,Africa,Ghana,Northern,8.8036,0.1516
Maize,Africa,Ghana,Northern,8.8489,0.2263
Maize,Africa,Ghana,Northern,8.8721,0.2459
Maize,Africa,Ghana,Northern,8.8552,0.2459
Maize,Africa,Ghana,Northern,8.8293,0.2352
Maize,Africa,Ghana,Northern,8.7915,0.2338
Maize,Africa,Ghana,Northern,8.8567,0.3629
Maize,Africa,Ghana,Northern,8.7955,0.319
Maize,Africa,Ghana,Northern,8.7918,0.2932
Maize,Africa,Ghana,Northern,8.8117,0.4323
Maize,Africa,Ghana,Northern,8.8089,0.3947
Maize,Africa,Ghana,Northern,8.8544,0.4819
Maize,Africa,Ghana,Northern,8.8633,0.4968
Maize,Africa,Ghana,Northern,8.7226,-0.1482
Maize,Africa,Ghana,Northern,8.7061,-0.0627
Maize,Africa,Ghana,Northern,8.7772,-0.0962
Maize,Africa,Ghana,Northern,8.7688,-0.0141
Maize,Africa,Ghana,Northern,8.7306,-0.0047
Maize,Africa,Ghana,Northern,8.7571,0.0457
Maize,Africa,Ghana,Northern,8.7544,0.1528
Maize,Africa,Ghana,Northern,8.7163,0.1506
Maize,Africa,Ghana,Volta,8.7316,0.2007
Maize,Africa,Ghana,Northern,8.7892,0.2013
Maize,Africa,Ghana,Volta,8.7328,0.2349
Maize,Africa,Ghana,Volta,8.7365,0.2293
Maize,Africa,Ghana,Volta,8.7544,0.2713
Maize,Africa,Ghana,Volta,8.7605,0.2635
Maize,Africa,Ghana,Volta,8.7146,0.2581
Maize,Africa,Ghana,Volta,8.7698,0.2254
Maize,Africa,Ghana,Volta,8.7554,0.2269
Maize,Africa,Ghana,Northern,8.7734,0.2883
Maize,Africa,Ghana,Volta,8.7571,0.2648
Maize,Africa,Ghana,Volta,8.7391,0.258
Maize,Africa,Ghana,Volta,8.7612,0.3476
Maize,Africa,Ghana,Volta,8.7221,0.3064
Maize,Africa,Ghana,Northern,8.7839,0.3399
Maize,Africa,Ghana,Volta,8.718,0.3055
Maize,Africa,Ghana,Volta,8.7073,0.334
Maize,Africa,Ghana,Volta,8.7629,0.324
Maize,Africa,Ghana,Volta,8.7091,0.3618
Maize,Africa,Ghana,Northern,8.7686,0.3118
Maize,Africa,Ghana,Northern,8.7702,0.3236
Maize,Africa,Ghana,Volta,8.765,0.3268
Maize,Africa,Ghana,Volta,8.7443,0.3446
Maize,Africa,Ghana,Northern,8.7822,0.3183
Maize,Africa,Ghana,Northern,8.7669,0.4091
Maize,Africa,Ghana,Northern,8.7664,0.4054
Maize,Africa,Ghana,Northern,8.6321,-0.1671
Maize,Africa,Ghana,Northern,8.6299,-0.076
Maize,Africa,Ghana,Northern,8.6212,-0.1064
Maize,Africa,Ghana,Northern,8.6548,-0.0607
Maize,Africa,Ghana,Northern,8.6596,-0.071
Maize,Africa,Ghana,Northern,8.6878,-0.0707
Maize,Africa,Ghana,Northern,8.6421,-0.0447
Maize,Africa,Ghana,Northern,8.6849,-0.007
Maize,Africa,Ghana,Northern,8.6358,0.0617
Maize,Africa,Ghana,Volta,8.6344,0.1978
Maize,Africa,Ghana,Northern,8.647,0.1259
Maize,Africa,Ghana,Volta,8.6523,0.2767
Maize,Africa,Ghana,Volta,8.7012,0.3318
Maize,Africa,Ghana,Volta,8.6279,0.3637
Maize,Africa,Ghana,Volta,8.6723,0.3277
Maize,Africa,Ghana,Volta,8.6423,0.3287
Maize,Africa,Ghana,Volta,8.6993,0.3604
Maize,Africa,Ghana,Volta,8.6934,0.3536
Maize,Africa,Ghana,Volta,8.6646,0.3978
Maize,Africa,Ghana,Volta,8.6732,0.3897
Maize,Africa,Ghana,Volta,8.7019,0.3781
Maize,Africa,Ghana,Volta,8.6254,0.4008
Maize,Africa,Ghana,Northern,8.5995,-0.1447
Maize,Africa,Ghana,Northern,8.6007,-0.0618
Maize,Africa,Ghana,Northern,8.5968,0.0095
Maize,Africa,Ghana,Northern,8.5651,0.0591
Maize,Africa,Ghana,Northern,8.5533,0.0474
Maize,Africa,Ghana,Volta,8.5842,0.167
Maize,Africa,Ghana,Volta,8.5603,0.1729
Maize,Africa,Ghana,Volta,8.5742,0.1355
Maize,Africa,Ghana,Volta,8.5603,0.1798
Maize,Africa,Ghana,Volta,8.5849,0.1725
Maize,Africa,Ghana,Volta,8.5592,0.2517
Maize,Africa,Ghana,Volta,8.5434,0.2593
Maize,Africa,Ghana,Volta,8.5557,0.2824
Maize,Africa,Ghana,Volta,8.607,0.2242
Maize,Africa,Ghana,Volta,8.5659,0.2228
Maize,Africa,Ghana,Volta,8.6178,0.3413
Maize,Africa,Ghana,Volta,8.5811,0.3354
Maize,Africa,Ghana,Volta,8.5474,0.2999
Maize,Africa,Ghana,Volta,8.5669,0.3754
Maize,Africa,Ghana,Volta,8.538,0.3262
Maize,Africa,Ghana,Volta,8.5634,0.3667
Maize,Africa,Ghana,Volta,8.5589,0.323
Maize,Africa,Ghana,Volta,8.6173,0.3996
Maize,Africa,Ghana,Volta,8.5759,0.4273
Maize,Africa,Ghana,Volta,8.5923,0.3826
Maize,Africa,Ghana,Volta,8.5915,0.3833
Maize,Africa,Ghana,Volta,8.576,0.4709
Maize,Africa,Ghana,Northern,8.4497,-0.1423
Maize,Africa,Ghana,Northern,8.4517,-0.0828
Maize,Africa,Ghana,Northern,8.5176,-0.0936
Maize,Africa,Ghana,Northern,8.4846,-0.0013
Maize,Africa,Ghana,Volta,8.4554,0.1138
Maize,Africa,Ghana,Volta,8.5122,0.1663
Maize,Africa,Ghana,Volta,8.5002,0.1903
Maize,Africa,Ghana,Volta,8.4585,0.1908
Maize,Africa,Ghana,Volta,8.4889,0.1735
Maize,Africa,Ghana,Volta,8.5311,0.1419
Maize,Africa,Ghana,Volta,8.4982,0.1817
Maize,Africa,Ghana,Volta,8.5068,0.1678
Maize,Africa,Ghana,Volta,8.5033,0.1615
Maize,Africa,Ghana,Volta,8.4798,0.1708
Maize,Africa,Ghana,Volta,8.4582,0.1868
Maize,Africa,Ghana,Volta,8.4593,0.1729
Maize,Africa,Ghana,Volta,8.4578,0.1707
Maize,Africa,Ghana,Volta,8.5047,0.1525
Maize,Africa,Ghana,Volta,8.4956,0.1899
Maize,Africa,Ghana,Volta,8.5029,0.1551
Maize,Africa,Ghana,Volta,8.5318,0.2315
Maize,Africa,Ghana,Volta,8.4917,0.207
Maize,Africa,Ghana,Volta,8.4868,0.2724
Maize,Africa,Ghana,Volta,8.5025,0.2543
Maize,Africa,Ghana,Volta,8.469,0.2542
Maize,Africa,Ghana,Volta,8.4921,0.2065
Maize,Africa,Ghana,Volta,8.4966,0.2613
Maize,Africa,Ghana,Volta,8.512,0.2556
Maize,Africa,Ghana,Volta,8.486,0.2383
Maize,Africa,Ghana,Volta,8.4864,0.3198
Maize,Africa,Ghana,Volta,8.5059,0.3371
Maize,Africa,Ghana,Volta,8.4999,0.3363
Maize,Africa,Ghana,Volta,8.4879,0.3683
Maize,Africa,Ghana,Volta,8.4498,0.3648
Maize,Africa,Ghana,Volta,8.4542,0.3019
Maize,Africa,Ghana,Volta,8.5049,0.359
Maize,Africa,Ghana,Volta,8.4925,0.3262
Maize,Africa,Ghana,Volta,8.5045,0.3544
Maize,Africa,Ghana,Volta,8.4819,0.3384
Maize,Africa,Ghana,Volta,8.4624,0.3262
Maize,Africa,Ghana,Volta,8.5218,0.349
Maize,Africa,Ghana,Volta,8.5122,0.398
Maize,Africa,Ghana,Volta,8.4645,0.3776
Maize,Africa,Ghana,Volta,8.4866,0.3898
Maize,Africa,Ghana,Volta,8.5219,0.5447
Maize,Africa,Ghana,Northern,8.39,-0.0797
Maize,Africa,Ghana,Northern,8.4109,-0.0355
Maize,Africa,Ghana,Volta,8.4468,0.1122
Maize,Africa,Ghana,Volta,8.4094,0.108
Maize,Africa,Ghana,Volta,8.4172,0.1168
Maize,Africa,Ghana,Northern,8.3735,0.1915
Maize,Africa,Ghana,Volta,8.4432,0.1457
Maize,Africa,Ghana,Volta,8.4236,0.1786
Maize,Africa,Ghana,Volta,8.4044,0.1359
Maize,Africa,Ghana,Volta,8.4204,0.1733
Maize,Africa,Ghana,Volta,8.4059,0.2633
Maize,Africa,Ghana,Volta,8.4459,0.2689
Maize,Africa,Ghana,Volta,8.4034,0.2691
Maize,Africa,Ghana,Volta,8.3861,0.2814
Maize,Africa,Ghana,Volta,8.4244,0.2687
Maize,Africa,Ghana,Volta,8.3895,0.285
Maize,Africa,Ghana,Volta,8.3969,0.2767
Maize,Africa,Ghana,Volta,8.4244,0.2644
Maize,Africa,Ghana,Volta,8.3981,0.3144
Maize,Africa,Ghana,Volta,8.402,0.3095
Maize,Africa,Ghana,Volta,8.3946,0.2934
Maize,Africa,Ghana,Volta,8.4325,0.2939
Maize,Africa,Ghana,Volta,8.4342,0.368
Maize,Africa,Ghana,Volta,8.4248,0.3739
Maize,Africa,Ghana,Volta,8.3962,0.291
Maize,Africa,Ghana,Volta,8.4044,0.3694
Maize,Africa,Ghana,Volta,8.4419,0.3001
Maize,Africa,Ghana,Volta,8.4114,0.3637
Maize,Africa,Ghana,Volta,8.4318,0.3211
Maize,Africa,Ghana,Volta,8.3867,0.306
Maize,Africa,Ghana,Volta,8.4026,0.3121
Maize,Africa,Ghana,Volta,8.4341,0.3886
Maize,Africa,Ghana,Volta,8.412,0.4003
Maize,Africa,Ghana,Volta,8.4325,0.3908
Maize,Africa,Ghana,Northern,8.2833,-0.2667
Maize,Africa,Ghana,Northern,8.3211,-0.1327
Maize,Africa,Ghana,Northern,8.3379,0.0509
Maize,Africa,Ghana,Northern,8.3484,0.0952
Maize,Africa,Ghana,Northern,8.2817,0.1423
Maize,Africa,Ghana,Northern,8.3352,0.1357
Maize,Africa,Ghana,Northern,8.3034,0.1659
Maize,Africa,Ghana,Volta,8.2874,0.2342
Maize,Africa,Ghana,Volta,8.3168,0.2727
Maize,Africa,Ghana,Volta,8.3207,0.2861
Maize,Africa,Ghana,Volta,8.307,0.2703
Maize,Africa,Ghana,Volta,8.2859,0.2503
Maize,Africa,Ghana,Volta,8.3631,0.3683
Maize,Africa,Ghana,Volta,8.2922,0.2981
Maize,Africa,Ghana,Volta,8.3421,0.3055
Maize,Africa,Ghana,Volta,8.3303,0.3274
Maize,Africa,Ghana,Volta,8.2932,0.3221
Maize,Africa,Ghana,Volta,8.3402,0.3336
Maize,Africa,Ghana,Northern,8.2364,-0.2343
Maize,Africa,Ghana,Volta,8.2175,-0.1205
Maize,Africa,Ghana,Volta,8.2047,0.0978
Maize,Africa,Ghana,Northern,8.2704,0.1598
Maize,Africa,Ghana,Volta,8.2199,0.2044
Maize,Africa,Ghana,Volta,8.211,0.1389
Maize,Africa,Ghana,Northern,8.2765,0.1845
Maize,Africa,Ghana,Volta,8.2189,0.1729
Maize,Africa,Ghana,Volta,8.2079,0.2637
Maize,Africa,Ghana,Volta,8.2255,0.215
Maize,Africa,Ghana,Volta,8.2341,0.2184
Maize,Africa,Ghana,Volta,8.2397,0.2243
Maize,Africa,Ghana,Volta,8.2079,0.2193
Maize,Africa,Ghana,Volta,8.2208,0.2122
Maize,Africa,Ghana,Volta,8.2204,0.2163
Maize,Africa,Ghana,Volta,8.2583,0.2479
Maize,Africa,Ghana,Volta,8.2614,0.2917
Maize,Africa,Ghana,Volta,8.2032,0.3107
Maize,Africa,Ghana,Volta,8.2341,0.3083
Maize,Africa,Ghana,Brong Ahafo,8.1191,-2.0358
Maize,Africa,Ghana,Brong Ahafo,8.1346,-1.9493
Maize,Africa,Ghana,Brong Ahafo,8.1201,-1.9797
Maize,Africa,Ghana,Brong Ahafo,8.1101,-1.985
Maize,Africa,Ghana,Brong Ahafo,8.1395,-1.9132
Maize,Africa,Ghana,Brong Ahafo,8.1243,-0.9153
Maize,Africa,Ghana,Volta,8.1708,-0.2777
Maize,Africa,Ghana,Volta,8.1706,-0.1077
Maize,Africa,Ghana,Volta,8.1837,0.0613
Maize,Africa,Ghana,Volta,8.1292,0.1227
Maize,Africa,Ghana,Volta,8.113,0.1463
Maize,Africa,Ghana,Volta,8.1439,0.2704
Maize,Africa,Ghana,Volta,8.1432,0.2185
Maize,Africa,Ghana,Volta,8.1528,0.2243
Maize,Africa,Ghana,Volta,8.1624,0.2414
Maize,Africa,Ghana,Volta,8.1693,0.2533
Maize,Africa,Ghana,Volta,8.1091,0.3198
Maize,Africa,Nigeria,Oyo,8.112,4.0827
Maize,Africa,Ghana,Brong Ahafo,8.024,-2.045
Maize,Africa,Ghana,Brong Ahafo,8.0428,-1.9878
Maize,Africa,Ghana,Brong Ahafo,8.0998,-1.9608
Maize,Africa,Ghana,Brong Ahafo,8.0744,-1.9379
Maize,Africa,Ghana,Brong Ahafo,8.0849,-1.8676
Maize,Africa,Ghana,Brong Ahafo,8.0308,-1.6499
Maize,Africa,Ghana,Brong Ahafo,8.0458,-1.2238
Maize,Africa,Ghana,Northern,8.0509,-1.1057
Maize,Africa,Ghana,Brong Ahafo,8.0345,-1.1363
Maize,Africa,Ghana,Brong Ahafo,8.0436,-1.1248
Maize,Africa,Ghana,Brong Ahafo,8.0409,-1.0008
Maize,Africa,Ghana,Brong Ahafo,8.0279,-0.9373
Maize,Africa,Ghana,Brong Ahafo,8.1059,-0.9048
Maize,Africa,Ghana,Brong Ahafo,8.1069,-0.9203
Maize,Africa,Ghana,Brong Ahafo,8.0754,-0.9005
Maize,Africa,Ghana,Brong Ahafo,8.0325,-0.8898
Maize,Africa,Ghana,Brong Ahafo,8.0424,-0.7575
Maize,Africa,Ghana,Volta,8.0787,-0.171
Maize,Africa,Ghana,Volta,8.0679,-0.0646
Maize,Africa,Ghana,Volta,8.0669,-0.0986
Maize,Africa,Ghana,Volta,8.0583,-0.081
Maize,Africa,Ghana,Volta,8.0621,-0.0847
Maize,Africa,Ghana,Volta,8.0329,-0.0749
Maize,Africa,Ghana,Volta,8.0876,-0.1318
Maize,Africa,Ghana,Volta,8.1071,0.152
Maize,Africa,Ghana,Volta,8.0399,0.1325
Maize,Africa,Ghana,Volta,8.0852,0.143
Maize,Africa,Ghana,Volta,8.07,0.196
Maize,Africa,Ghana,Volta,8.1035,0.1504
Maize,Africa,Ghana,Volta,8.0823,0.2201
Maize,Africa,Ghana,Volta,8.0602,0.2704
Maize,Africa,Ghana,Volta,8.1009,0.2523
Maize,Africa,Ghana,Volta,8.0544,0.2509
Maize,Africa,Ghana,Volta,8.0559,0.2108
Maize,Africa,Ghana,Volta,8.0559,0.2621
Maize,Africa,Ghana,Volta,8.0441,0.3334
Maize,Africa,Nigeria,Oyo,8.0665,2.8446
Maize,Africa,Nigeria,Oyo,8.0383,3.7007
Maize,Africa,Nigeria,Oyo,8.1051,3.735
Maize,Africa,Nigeria,Oyo,8.0379,3.8521
Maize,Africa,Nigeria,Oyo,8.0594,4.1766
Maize,Africa,Ghana,Brong Ahafo,7.9561,-2.057
Maize,Africa,Ghana,Brong Ahafo,7.9814,-1.6726
Maize,Africa,Ghana,Brong Ahafo,8.0115,-1.6602
Maize,Africa,Ghana,Brong Ahafo,7.9426,-1.2653
Maize,Africa,Ghana,Brong Ahafo,8.0129,-1.2404
Maize,Africa,Ghana,Brong Ahafo,7.9469,-1.2328
Maize,Africa,Ghana,Brong Ahafo,7.9761,-1.1161
Maize,Africa,Ghana,Brong Ahafo,7.9629,-1.0907
Maize,Africa,Ghana,Brong Ahafo,7.9755,-1.1465
Maize,Africa,Ghana,Brong Ahafo,7.9719,-1.1456
Maize,Africa,Ghana,Brong Ahafo,7.9523,-1.1475
Maize,Africa,Ghana,Brong Ahafo,7.9485,-1.0147
Maize,Africa,Ghana,Brong Ahafo,7.9634,-1.0117
Maize,Africa,Ghana,Brong Ahafo,7.9909,-1.0096
Maize,Africa,Ghana,Brong Ahafo,7.9686,-1.0087
Maize,Africa,Ghana,Brong Ahafo,7.9629,-1.0745
Maize,Africa,Ghana,Brong Ahafo,7.951,-1.0085
Maize,Africa,Ghana,Brong Ahafo,7.992,-1.0071
Maize,Africa,Ghana,Brong Ahafo,7.9725,-0.9263
Maize,Africa,Ghana,Brong Ahafo,7.9443,-0.9118
Maize,Africa,Ghana,Brong Ahafo,8.0002,-0.9593
Maize,Africa,Ghana,Brong Ahafo,7.9567,-0.9582
Maize,Africa,Ghana,Brong Ahafo,8.0018,-0.9355
Maize,Africa,Ghana,Brong Ahafo,7.9609,-0.9133
Maize,Africa,Ghana,Brong Ahafo,7.9968,-0.9535
Maize,Africa,Ghana,Brong Ahafo,7.9474,-0.9343
Maize,Africa,Ghana,Brong Ahafo,7.9619,-0.9381
Maize,Africa,Ghana,Brong Ahafo,7.9889,-0.9675
Maize,Africa,Ghana,Brong Ahafo,7.9802,-0.9349
Maize,Africa,Ghana,Brong Ahafo,7.9779,-0.9477
Maize,Africa,Ghana,Brong Ahafo,7.9661,-0.9058
Maize,Africa,Ghana,Brong Ahafo,7.9784,-0.8705
Maize,Africa,Ghana,Brong Ahafo,7.9393,-0.8903
Maize,Africa,Ghana,Brong Ahafo,7.945,-0.8909
Maize,Africa,Ghana,Brong Ahafo,7.9653,-0.8914
Maize,Africa,Ghana,Brong Ahafo,7.9599,-0.8511
Maize,Africa,Ghana,Brong Ahafo,7.95,-0.8965
Maize,Africa,Ghana,Brong Ahafo,8.0184,-0.8987
Maize,Africa,Ghana,Brong Ahafo,8.0037,-0.8636
Maize,Africa,Ghana,Brong Ahafo,7.9993,-0.8934
Maize,Africa,Ghana,Brong Ahafo,8.0088,-0.8784
Maize,Africa,Ghana,Brong Ahafo,7.971,-0.8888
Maize,Africa,Ghana,Brong Ahafo,7.9718,-0.8338
Maize,Africa,Ghana,Brong Ahafo,8.0179,-0.7596
Maize,Africa,Ghana,Brong Ahafo,8.0075,-0.494
Maize,Africa,Ghana,Volta,8.0194,-0.0993
Maize,Africa,Ghana,Volta,7.9479,0.1853
Maize,Africa,Ghana,Volta,7.969,0.1818
Maize,Africa,Ghana,Volta,8.0074,0.1773
Maize,Africa,Ghana,Volta,7.9408,0.2454
Maize,Africa,Ghana,Volta,7.9464,0.2499
Maize,Africa,Ghana,Volta,7.9864,0.2466
Maize,Africa,Ghana,Volta,7.9792,0.2596
Maize,Africa,Ghana,Volta,7.9563,0.2513
Maize,Africa,Ghana,Volta,8.0015,0.2948
Maize,Africa,Nigeria,Oyo,7.9525,2.8888
Maize,Africa,Nigeria,Oyo,7.9949,3.789
Maize,Africa,Nigeria,Oyo,7.997,3.7918
Maize,Africa,Nigeria,Oyo,7.9429,4.0879
Maize,Africa,Ghana,Brong Ahafo,7.9022,-1.3915
Maize,Africa,Ghana,Brong Ahafo,7.8802,-1.2854
Maize,Africa,Ghana,Brong Ahafo,7.9202,-1.312
Maize,Africa,Ghana,Brong Ahafo,7.9026,-1.2805
Maize,Africa,Ghana,Brong Ahafo,7.8662,-1.1738
Maize,Africa,Ghana,Brong Ahafo,7.9119,-1.1874
Maize,Africa,Ghana,Brong Ahafo,7.8917,-1.2229
Maize,Africa,Ghana,Brong Ahafo,7.8553,-1.1613
Maize,Africa,Ghana,Brong Ahafo,7.8934,-1.0975
Maize,Africa,Ghana,Brong Ahafo,7.8679,-1.129
Maize,Africa,Ghana,Brong Ahafo,7.8809,-1.0824
Maize,Africa,Ghana,Brong Ahafo,7.9305,-1.0895
Maize,Africa,Ghana,Brong Ahafo,7.8862,-1.0237
Maize,Africa,Ghana,Brong Ahafo,7.8839,-1.0123
Maize,Africa,Ghana,Brong Ahafo,7.8542,-1.0384
Maize,Africa,Ghana,Brong Ahafo,7.8658,-1.0401
Maize,Africa,Ghana,Brong Ahafo,7.8858,-1.0131
Maize,Africa,Ghana,Brong Ahafo,7.9088,-1.0142
Maize,Africa,Ghana,Brong Ahafo,7.8729,-1.0212
Maize,Africa,Ghana,Brong Ahafo,7.8829,-0.9903
Maize,Africa,Ghana,Brong Ahafo,7.9335,-1.0015
Maize,Africa,Ghana,Brong Ahafo,7.873,-1.046
Maize,Africa,Ghana,Brong Ahafo,7.8758,-1.0041
Maize,Africa,Ghana,Brong Ahafo,7.8951,-1.0446
Maize,Africa,Ghana,Brong Ahafo,7.9195,-0.9961
Maize,Africa,Ghana,Brong Ahafo,7.8861,-0.9243
Maize,Africa,Ghana,Brong Ahafo,7.8894,-0.9502
Maize,Africa,Ghana,Brong Ahafo,7.8991,-0.9496
Maize,Africa,Ghana,Brong Ahafo,7.9293,-0.9416
Maize,Africa,Ghana,Brong Ahafo,7.8514,-0.9755
Maize,Africa,Ghana,Brong Ahafo,7.9333,-0.9498
Maize,Africa,Ghana,Brong Ahafo,7.8877,-0.9477
Maize,Africa,Ghana,Brong Ahafo,7.8694,-0.973
Maize,Africa,Ghana,Brong Ahafo,7.8683,-0.9743
Maize,Africa,Ghana,Brong Ahafo,7.9145,-0.9488
Maize,Africa,Ghana,Brong Ahafo,7.8731,-0.93
Maize,Africa,Ghana,Brong Ahafo,7.9098,-0.9168
Maize,Africa,Ghana,Brong Ahafo,7.9134,-0.9122
Maize,Africa,Ghana,Brong Ahafo,7.8902,-0.9693
Maize,Africa,Ghana,Brong Ahafo,7.9266,-0.9228
Maize,Africa,Ghana,Brong Ahafo,7.9092,-0.9888
Maize,Africa,Ghana,Brong Ahafo,7.8964,-0.9433
Maize,Africa,Ghana,Brong Ahafo,7.8879,-0.9308
Maize,Africa,Ghana,Brong Ahafo,7.8717,-0.9397
Maize,Africa,Ghana,Brong Ahafo,7.9132,-0.9838
Maize,Africa,Ghana,Brong Ahafo,7.9141,-0.9545
Maize,Africa,Ghana,Brong Ahafo,7.8899,-0.9608
Maize,Africa,Ghana,Brong Ahafo,7.8967,-0.9575
Maize,Africa,Ghana,Brong Ahafo,7.8622,-0.9462
Maize,Africa,Ghana,Brong Ahafo,7.9114,-0.9483
Maize,Africa,Ghana,Brong Ahafo,7.9284,-0.8843
Maize,Africa,Ghana,Brong Ahafo,7.9282,-0.8703
Maize,Africa,Ghana,Brong Ahafo,7.9281,-0.8703
Maize,Africa,Ghana,Brong Ahafo,7.9082,-0.8918
Maize,Africa,Ghana,Brong Ahafo,7.9249,-0.8188
Maize,Africa,Ghana,Brong Ahafo,7.9249,-0.8979
Maize,Africa,Ghana,Brong Ahafo,7.8589,-0.8556
Maize,Africa,Ghana,Brong Ahafo,7.9188,-0.7946
Maize,Africa,Ghana,Brong Ahafo,7.9139,-0.5002
Maize,Africa,Ghana,Volta,7.9176,-0.0657
Maize,Africa,Ghana,Volta,7.9257,0.1937
Maize,Africa,Ghana,Volta,7.8804,0.1811
Maize,Africa,Ghana,Volta,7.8585,0.2468
Maize,Africa,Ghana,Volta,7.9072,0.2683
Maize,Africa,Ghana,Volta,7.8539,0.2822
Maize,Africa,Ghana,Volta,7.9212,0.3009
Maize,Africa,Nigeria,Ogun,7.8704,2.8554
Maize,Africa,Nigeria,Oyo,7.8849,3.1795
Maize,Africa,Nigeria,Oyo,7.9243,3.2007
Maize,Africa,Nigeria,Oyo,7.8781,3.3613
Maize,Africa,Nigeria,Oyo,7.8849,3.3931
Maize,Africa,Nigeria,Oyo,7.8702,3.7804
Maize,Africa,Nigeria,Oyo,7.896,3.8065
Maize,Africa,Ghana,Brong Ahafo,7.7791,-1.5928
Maize,Africa,Ghana,Brong Ahafo,7.8147,-1.5245
Maize,Africa,Ghana,Brong Ahafo,7.7878,-1.4909
Maize,Africa,Ghana,Brong Ahafo,7.849,-1.4873
Maize,Africa,Ghana,Brong Ahafo,7.7809,-1.3742
Maize,Africa,Ghana,Brong Ahafo,7.7845,-1.3637
Maize,Africa,Ghana,Brong Ahafo,7.7771,-1.3216
Maize,Africa,Ghana,Brong Ahafo,7.7899,-1.1959
Maize,Africa,Ghana,Brong Ahafo,7.7954,-1.2225
Maize,Africa,Ghana,Brong Ahafo,7.8127,-1.1841
Maize,Africa,Ghana,Brong Ahafo,7.7779,-1.1603
Maize,Africa,Ghana,Brong Ahafo,7.7699,-1.1681
Maize,Africa,Ghana,Brong Ahafo,7.8484,-1.2101
Maize,Africa,Ghana,Brong Ahafo,7.8236,-1.2373
Maize,Africa,Ghana,Brong Ahafo,7.8218,-1.1855
Maize,Africa,Ghana,Brong Ahafo,7.7671,-1.1075
Maize,Africa,Ghana,Brong Ahafo,7.8335,-1.0768
Winter Cereals,US,United States of America,North Dakota,48.9614,-103.6676
Winter Cereals,US,United States of America,North Dakota,48.964,-103.4664
Winter Cereals,US,United States of America,North Dakota,48.9602,-103.3227
Winter Cereals,US,United States of America,North Dakota,48.9781,-103.2359
Winter Cereals,US,United States of America,North Dakota,48.9656,-103.0948
Winter Cereals,US,United States of America,North Dakota,48.9557,-102.9494
Winter Cereals,US,United States of America,North Dakota,48.9452,-102.8244
Winter Cereals,US,United States of America,North Dakota,48.9487,-102.8273
Winter Cereals,US,United States of America,North Dakota,48.935,-102.4183
Winter Cereals,US,United States of America,North Dakota,48.9357,-102.2589
Winter Cereals,US,United States of America,North Dakota,48.94,-102.1564
Winter Cereals,US,United States of America,North Dakota,48.9491,-102.1812
Winter Cereals,US,United States of America,North Dakota,48.9669,-102.0406
Winter Cereals,US,United States of America,North Dakota,48.9434,-101.7762
Winter Cereals,US,United States of America,North Dakota,48.9361,-100.5377
Winter Cereals,US,United States of America,North Dakota,48.9434,-100.4292
Winter Cereals,US,United States of America,North Dakota,48.9572,-100.3711
Winter Cereals,US,United States of America,North Dakota,48.9341,-99.9898
Winter Cereals,US,United States of America,North Dakota,48.9627,-99.9597
Winter Cereals,US,United States of America,North Dakota,48.9866,-99.2366
Winter Cereals,US,United States of America,North Dakota,48.9908,-99.1454
Winter Cereals,US,United States of America,North Dakota,48.9442,-99.0761
Winter Cereals,US,United States of America,North Dakota,48.9524,-99.0058
Winter Cereals,US,United States of America,North Dakota,48.9627,-98.9389
Winter Cereals,US,United States of America,North Dakota,48.9463,-98.7733
Winter Cereals,US,United States of America,North Dakota,48.9635,-98.6159
Winter Cereals,US,United States of America,North Dakota,48.9812,-98.5815
Winter Cereals,US,United States of America,North Dakota,48.9772,-98.5253
Winter Cereals,US,United States of America,North Dakota,48.9601,-98.6082
Winter Cereals,US,United States of America,North Dakota,48.9564,-98.5034
Winter Cereals,US,United States of America,North Dakota,48.9497,-98.5084
Winter Cereals,US,United States of America,North Dakota,48.9542,-98.498
Winter Cereals,US,United States of America,North Dakota,48.9512,-98.4247
Winter Cereals,US,United States of America,North Dakota,48.9431,-98.3561
Winter Cereals,US,United States of America,North Dakota,48.9335,-98.3183
Winter Cereals,US,United States of America,North Dakota,48.9849,-98.2238
Winter Cereals,US,United States of America,North Dakota,48.9867,-98.2327
Winter Cereals,US,United States of America,North Dakota,48.9824,-98.2374
Winter Cereals,US,United States of America,North Dakota,48.9839,-98.2389
Winter Cereals,US,United States of America,North Dakota,48.9891,-98.2292
Winter Cereals,US,United States of America,North Dakota,48.9576,-98.1774
Winter Cereals,US,United States of America,North Dakota,48.9485,-98.1752
Winter Cereals,US,United States of America,North Dakota,48.9454,-98.1569
Winter Cereals,US,United States of America,North Dakota,48.9899,-97.8805
Winter Cereals,US,United States of America,North Dakota,48.9879,-97.8779
Winter Cereals,US,United States of America,North Dakota,48.9616,-97.7605
Winter Cereals,US,United States of America,North Dakota,48.9799,-97.3078
Winter Cereals,US,United States of America,North Dakota,48.951,-97.2458
Winter Cereals,US,United States of America,North Dakota,48.9666,-97.2758
Winter Cereals,US,United States of America,Minnesota,48.9783,-97.1869
Winter Cereals,US,United States of America,Minnesota,48.9786,-97.1845
Winter Cereals,US,United States of America,Minnesota,48.9856,-97.1447
Winter Cereals,US,United States of America,Minnesota,48.9637,-97.1471
Winter Cereals,US,United States of America,Minnesota,48.9859,-97.1435
Winter Cereals,US,United States of America,Minnesota,48.9701,-96.943
Winter Cereals,US,United States of America,Minnesota,48.9477,-95.9994
Winter Cereals,US,United States of America,Minnesota,48.9901,-95.9781
Winter Cereals,US,United States of America,Minnesota,48.9901,-95.9446
Winter Cereals,US,United States of America,Minnesota,48.9902,-95.9471
Winter Cereals,US,United States of America,Minnesota,48.9904,-95.9531
Winter Cereals,US,United States of America,Minnesota,48.9906,-95.9388
Winter Cereals,US,United States of America,Minnesota,48.9839,-95.9356
Winter Cereals,US,United States of America,Minnesota,48.9578,-95.8497
Winter Cereals,US,United States of America,Minnesota,48.9781,-95.8371
Winter Cereals,US,United States of America,Minnesota,48.9579,-95.8628
Winter Cereals,US,United States of America,Minnesota,48.9459,-95.0376
Winter Cereals,US,United States of America,Minnesota,48.9346,-95.0613
Winter Cereals,US,United States of America,Minnesota,48.9531,-95.0384
Winter Cereals,US,United States of America,Minnesota,48.9503,-95.0101
Winter Cereals,US,United States of America,Minnesota,48.9538,-95.0157
Winter Cereals,US,United States of America,Minnesota,48.9488,-95.021
Winter Cereals,US,United States of America,North Dakota,48.8466,-103.9891
Winter Cereals,US,United States of America,North Dakota,48.9131,-103.7635
Winter Cereals,US,United States of America,North Dakota,48.8536,-103.7367
Winter Cereals,US,United States of America,North Dakota,48.9294,-103.6678
Winter Cereals,US,United States of America,North Dakota,48.919,-103.7145
Winter Cereals,US,United States of America,North Dakota,48.9294,-103.7044
Winter Cereals,US,United States of America,North Dakota,48.8536,-103.4154
Winter Cereals,US,United States of America,North Dakota,48.8471,-103.3854
Winter Cereals,US,United States of America,North Dakota,48.8806,-103.2451
Winter Cereals,US,United States of America,North Dakota,48.9064,-103.2554
Winter Cereals,US,United States of America,North Dakota,48.9066,-103.1741
Winter Cereals,US,United States of America,North Dakota,48.8876,-103.0559
Winter Cereals,US,United States of America,North Dakota,48.9172,-102.7984
Winter Cereals,US,United States of America,North Dakota,48.9009,-102.8143
Winter Cereals,US,United States of America,North Dakota,48.8894,-102.7124
Winter Cereals,US,United States of America,North Dakota,48.8549,-102.7329
Winter Cereals,US,United States of America,North Dakota,48.903,-102.7549
Winter Cereals,US,United States of America,North Dakota,48.902,-102.7673
Winter Cereals,US,United States of America,North Dakota,48.9061,-102.7706
Winter Cereals,US,United States of America,North Dakota,48.8905,-102.7143
Winter Cereals,US,United States of America,North Dakota,48.9041,-102.768
Winter Cereals,US,United States of America,North Dakota,48.8965,-102.6589
Winter Cereals,US,United States of America,North Dakota,48.8973,-102.6212
Winter Cereals,US,United States of America,North Dakota,48.8986,-102.6166
Winter Cereals,US,United States of America,North Dakota,48.8984,-102.6181
Winter Cereals,US,United States of America,North Dakota,48.8997,-102.6174
Winter Cereals,US,United States of America,North Dakota,48.8521,-102.2897
Winter Cereals,US,United States of America,North Dakota,48.9287,-102.2603
Winter Cereals,US,United States of America,North Dakota,48.9232,-102.2274
Winter Cereals,US,United States of America,North Dakota,48.8776,-102.2471
Winter Cereals,US,United States of America,North Dakota,48.8928,-102.2021
Winter Cereals,US,United States of America,North Dakota,48.9166,-102.2154
Winter Cereals,US,United States of America,North Dakota,48.8741,-102.2479
Winter Cereals,US,United States of America,North Dakota,48.8851,-102.1536
Winter Cereals,US,United States of America,North Dakota,48.9128,-102.1668
Winter Cereals,US,United States of America,North Dakota,48.8874,-102.1564
Winter Cereals,US,United States of America,North Dakota,48.9289,-101.9902
Winter Cereals,US,United States of America,North Dakota,48.8634,-101.8987
Winter Cereals,US,United States of America,North Dakota,48.9048,-101.8406
Winter Cereals,US,United States of America,North Dakota,48.8694,-101.8479
Winter Cereals,US,United States of America,North Dakota,48.9045,-101.7353
Winter Cereals,US,United States of America,North Dakota,48.913,-101.6478
Winter Cereals,US,United States of America,North Dakota,48.8779,-101.1223
Winter Cereals,US,United States of America,North Dakota,48.8554,-101.1061
Winter Cereals,US,United States of America,North Dakota,48.8471,-100.4774
Winter Cereals,US,United States of America,North Dakota,48.9205,-99.9344
Winter Cereals,US,United States of America,North Dakota,48.9145,-99.9249
Winter Cereals,US,United States of America,North Dakota,48.9244,-98.9529
Winter Cereals,US,United States of America,North Dakota,48.9284,-98.9433
Winter Cereals,US,United States of America,North Dakota,48.8741,-98.8961
Winter Cereals,US,United States of America,North Dakota,48.9151,-98.8476
Winter Cereals,US,United States of America,North Dakota,48.8655,-98.7306
Winter Cereals,US,United States of America,North Dakota,48.8931,-98.6754
Winter Cereals,US,United States of America,North Dakota,48.8979,-98.5531
Winter Cereals,US,United States of America,North Dakota,48.8946,-98.5563
Winter Cereals,US,United States of America,North Dakota,48.9268,-98.454
Winter Cereals,US,United States of America,North Dakota,48.8697,-98.4403
Winter Cereals,US,United States of America,North Dakota,48.9216,-98.5039
Winter Cereals,US,United States of America,North Dakota,48.8634,-98.4654
Winter Cereals,US,United States of America,North Dakota,48.8997,-98.4329
Winter Cereals,US,United States of America,North Dakota,48.9144,-98.4154
Winter Cereals,US,United States of America,North Dakota,48.8549,-98.3789
Winter Cereals,US,United States of America,North Dakota,48.8927,-98.382
Winter Cereals,US,United States of America,North Dakota,48.885,-98.4214
Winter Cereals,US,United States of America,North Dakota,48.9039,-98.3442
Winter Cereals,US,United States of America,North Dakota,48.9292,-98.3481
Winter Cereals,US,United States of America,North Dakota,48.9072,-98.3481
Winter Cereals,US,United States of America,North Dakota,48.9151,-98.328
Winter Cereals,US,United States of America,North Dakota,48.8723,-98.3259
Winter Cereals,US,United States of America,North Dakota,48.9211,-98.24
Winter Cereals,US,United States of America,North Dakota,48.8804,-98.2373
Winter Cereals,US,United States of America,North Dakota,48.9233,-98.2254
Winter Cereals,US,United States of America,North Dakota,48.8544,-98.1868
Winter Cereals,US,United States of America,North Dakota,48.8994,-98.1665
Winter Cereals,US,United States of America,North Dakota,48.9024,-98.1658
Winter Cereals,US,United States of America,North Dakota,48.8493,-97.8691
Winter Cereals,US,United States of America,North Dakota,48.8571,-97.7758
Winter Cereals,US,United States of America,North Dakota,48.857,-97.6789
Winter Cereals,US,United States of America,North Dakota,48.8511,-97.6261
Winter Cereals,US,United States of America,North Dakota,48.8666,-97.6136
Winter Cereals,US,United States of America,North Dakota,48.882,-97.5612
Winter Cereals,US,United States of America,North Dakota,48.899,-97.4944
Winter Cereals,US,United States of America,North Dakota,48.8611,-97.4833
Winter Cereals,US,United States of America,North Dakota,48.8791,-97.4083
Winter Cereals,US,United States of America,North Dakota,48.8787,-97.4101
Winter Cereals,US,United States of America,North Dakota,48.8709,-97.2574
Winter Cereals,US,United States of America,North Dakota,48.8728,-97.2697
Winter Cereals,US,United States of America,North Dakota,48.8559,-97.2699
Winter Cereals,US,United States of America,North Dakota,48.8705,-97.2664
Winter Cereals,US,United States of America,North Dakota,48.8714,-97.3244
Winter Cereals,US,United States of America,Minnesota,48.9292,-97.1989
Winter Cereals,US,United States of America,North Dakota,48.9148,-97.2346
Winter Cereals,US,United States of America,Minnesota,48.9176,-97.1425
Winter Cereals,US,United States of America,Minnesota,48.8901,-97.1452
Winter Cereals,US,United States of America,Minnesota,48.8681,-96.863
Winter Cereals,US,United States of America,Minnesota,48.9075,-96.509
Winter Cereals,US,United States of America,Minnesota,48.8515,-96.4093
Winter Cereals,US,United States of America,Minnesota,48.8791,-96.3743
Winter Cereals,US,United States of America,Minnesota,48.8551,-96.2111
Winter Cereals,US,United States of America,Minnesota,48.8551,-96.1263
Winter Cereals,US,United States of America,Minnesota,48.8929,-96.0819
Winter Cereals,US,United States of America,Minnesota,48.8579,-95.9757
Winter Cereals,US,United States of America,Minnesota,48.8586,-96.0016
Winter Cereals,US,United States of America,Minnesota,48.8738,-95.9891
Winter Cereals,US,United States of America,Minnesota,48.858,-95.9834
Winter Cereals,US,United States of America,Minnesota,48.8608,-95.9993
Winter Cereals,US,United States of America,Minnesota,48.859,-95.8961
Winter Cereals,US,United States of America,Minnesota,48.9066,-95.9013
Winter Cereals,US,United States of America,Minnesota,48.8988,-95.9482
Winter Cereals,US,United States of America,Minnesota,48.8895,-95.9399
Winter Cereals,US,United States of America,Minnesota,48.9146,-95.9364
Winter Cereals,US,United States of America,Minnesota,48.9036,-95.9189
Winter Cereals,US,United States of America,Minnesota,48.9147,-95.9352
Winter Cereals,US,United States of America,Minnesota,48.8688,-95.8635
Winter Cereals,US,United States of America,Minnesota,48.8653,-95.8674
Winter Cereals,US,United States of America,Minnesota,48.8796,-95.8611
Winter Cereals,US,United States of America,Minnesota,48.8757,-95.7976
Winter Cereals,US,United States of America,Minnesota,48.8765,-95.8649
Winter Cereals,US,United States of America,Minnesota,48.8965,-95.8042
Winter Cereals,US,United States of America,Minnesota,48.8504,-95.8343
Winter Cereals,US,United States of America,Minnesota,48.8754,-95.838
Winter Cereals,US,United States of America,Minnesota,48.873,-95.8358
Winter Cereals,US,United States of America,Minnesota,48.903,-95.8776
Winter Cereals,US,United States of America,Minnesota,48.8697,-95.8045
Winter Cereals,US,United States of America,Minnesota,48.8742,-95.865
Winter Cereals,US,United States of America,Minnesota,48.8847,-95.8064
Winter Cereals,US,United States of America,Minnesota,48.8873,-95.8582
Winter Cereals,US,United States of America,Minnesota,48.8623,-95.8398
Winter Cereals,US,United States of America,Minnesota,48.8624,-95.8444
Winter Cereals,US,United States of America,Minnesota,48.8909,-95.8641
Winter Cereals,US,United States of America,Minnesota,48.8611,-95.835
Winter Cereals,US,United States of America,Minnesota,48.8842,-95.8468
Winter Cereals,US,United States of America,Minnesota,48.8845,-95.7741
Winter Cereals,US,United States of America,Minnesota,48.8509,-95.7715
Winter Cereals,US,United States of America,Minnesota,48.8593,-95.7738
Winter Cereals,US,United States of America,Minnesota,48.8611,-95.7819
Winter Cereals,US,United States of America,Minnesota,48.8596,-95.7733
Winter Cereals,US,United States of America,Minnesota,48.9044,-95.7602
Winter Cereals,US,United States of America,Minnesota,48.8513,-95.7794
Winter Cereals,US,United States of America,Minnesota,48.8633,-95.7835
Winter Cereals,US,United States of America,Minnesota,48.8993,-95.6597
Winter Cereals,US,United States of America,Minnesota,48.8871,-95.6691
Winter Cereals,US,United States of America,Minnesota,48.8596,-95.6318
Winter Cereals,US,United States of America,Minnesota,48.8617,-95.6939
Winter Cereals,US,United States of America,Minnesota,48.8804,-95.6134
Winter Cereals,US,United States of America,Minnesota,48.8788,-95.6094
Winter Cereals,US,United States of America,Minnesota,48.8787,-95.6134
Winter Cereals,US,United States of America,Minnesota,48.9281,-95.4783
Winter Cereals,US,United States of America,Minnesota,48.9259,-95.4761
Winter Cereals,US,United States of America,Minnesota,48.9291,-95.4799
Winter Cereals,US,United States of America,Minnesota,48.8526,-95.4461
Winter Cereals,US,United States of America,Minnesota,48.8855,-95.3556
Winter Cereals,US,United States of America,Minnesota,48.9211,-95.3632
Winter Cereals,US,United States of America,Minnesota,48.8542,-95.2937
Winter Cereals,US,United States of America,Minnesota,48.8682,-95.2476
Winter Cereals,US,United States of America,Minnesota,48.8543,-95.2037
Winter Cereals,US,United States of America,Minnesota,48.8754,-95.2334
Winter Cereals,US,United States of America,Minnesota,48.8733,-95.2416
Winter Cereals,US,United States of America,Minnesota,48.8532,-95.1544
Winter Cereals,US,United States of America,Minnesota,48.8603,-95.1121
Winter Cereals,US,United States of America,Minnesota,48.8726,-95.17
Winter Cereals,US,United States of America,Minnesota,48.8744,-95.1745
Winter Cereals,US,United States of America,Minnesota,48.8582,-95.1163
Winter Cereals,US,United States of America,Minnesota,48.851,-95.1918
Winter Cereals,US,United States of America,Minnesota,48.858,-95.1234
Winter Cereals,US,United States of America,Minnesota,48.8504,-95.1368
Winter Cereals,US,United States of America,Minnesota,48.8654,-95.1248
Winter Cereals,US,United States of America,Minnesota,48.8586,-95.1654
Winter Cereals,US,United States of America,Minnesota,48.8996,-95.0747
Winter Cereals,US,United States of America,Minnesota,48.8946,-95.0899
Winter Cereals,US,United States of America,Minnesota,48.9192,-95.06
Winter Cereals,US,United States of America,Minnesota,48.9019,-95.0681
Winter Cereals,US,United States of America,Minnesota,48.8975,-95.0862
Winter Cereals,US,United States of America,Minnesota,48.8938,-95.0858
Winter Cereals,US,United States of America,Minnesota,48.8476,-95.0759
Winter Cereals,US,United States of America,Minnesota,48.8971,-95.0525
Winter Cereals,US,United States of America,Minnesota,48.9156,-95.06
Winter Cereals,US,United States of America,Minnesota,48.8851,-95.0443
Winter Cereals,US,United States of America,Minnesota,48.9126,-95.0489
Winter Cereals,US,United States of America,Minnesota,48.9276,-95.0429
Winter Cereals,US,United States of America,Minnesota,48.8939,-95.0897
Winter Cereals,US,United States of America,Minnesota,48.8596,-95.105
Winter Cereals,US,United States of America,Minnesota,48.9066,-95.0153
Winter Cereals,US,United States of America,Minnesota,48.9076,-95.0133
Winter Cereals,US,United States of America,Minnesota,48.915,-95.0218
Winter Cereals,US,United States of America,Minnesota,48.859,-94.9546
Winter Cereals,US,United States of America,Minnesota,48.8641,-94.9604
Winter Cereals,US,United States of America,Minnesota,48.9147,-94.9128
Winter Cereals,US,United States of America,Minnesota,48.8528,-94.8764
Winter Cereals,US,United States of America,Minnesota,48.8711,-94.927
Winter Cereals,US,United States of America,North Dakota,48.8426,-103.9862
Winter Cereals,US,United States of America,North Dakota,48.8051,-103.9512
Winter Cereals,US,United States of America,North Dakota,48.8454,-103.7821
Winter Cereals,US,United States of America,North Dakota,48.783,-103.7546
Winter Cereals,US,United States of America,North Dakota,48.7886,-103.7548
Winter Cereals,US,United States of America,North Dakota,48.805,-103.6849
Winter Cereals,US,United States of America,North Dakota,48.8392,-103.4624
Winter Cereals,US,United States of America,North Dakota,48.8106,-103.4689
Winter Cereals,US,United States of America,North Dakota,48.7867,-103.4555
Winter Cereals,US,United States of America,North Dakota,48.7772,-103.1715
Winter Cereals,US,United States of America,North Dakota,48.7785,-102.9639
Winter Cereals,US,United States of America,North Dakota,48.8035,-103.0119
Winter Cereals,US,United States of America,North Dakota,48.8031,-102.8781
Winter Cereals,US,United States of America,North Dakota,48.8014,-102.8667
Winter Cereals,US,United States of America,North Dakota,48.836,-102.8114
Winter Cereals,US,United States of America,North Dakota,48.7944,-102.8669
Winter Cereals,US,United States of America,North Dakota,48.8327,-102.8646
Winter Cereals,US,United States of America,North Dakota,48.7879,-102.8693
Winter Cereals,US,United States of America,North Dakota,48.7991,-102.8604
Winter Cereals,US,United States of America,North Dakota,48.7958,-102.8053
Winter Cereals,US,United States of America,North Dakota,48.7949,-102.7904
Winter Cereals,US,United States of America,North Dakota,48.7823,-102.7389
Winter Cereals,US,United States of America,North Dakota,48.8284,-102.7075
Winter Cereals,US,United States of America,North Dakota,48.7745,-102.6779
Winter Cereals,US,United States of America,North Dakota,48.7761,-102.1965
Winter Cereals,US,United States of America,North Dakota,48.8183,-102.2332
Winter Cereals,US,United States of America,North Dakota,48.7671,-102.2184
Winter Cereals,US,United States of America,North Dakota,48.7687,-102.2597
Winter Cereals,US,United States of America,North Dakota,48.7668,-102.2169
Winter Cereals,US,United States of America,North Dakota,48.7714,-102.1918
Winter Cereals,US,United States of America,North Dakota,48.7727,-102.1312
Winter Cereals,US,United States of America,North Dakota,48.7757,-102.1918
Winter Cereals,US,United States of America,North Dakota,48.7865,-102.0746
Winter Cereals,US,United States of America,North Dakota,48.8416,-101.939
Winter Cereals,US,United States of America,North Dakota,48.8333,-101.9435
Winter Cereals,US,United States of America,North Dakota,48.8379,-101.9549
Winter Cereals,US,United States of America,North Dakota,48.8242,-101.9806
Winter Cereals,US,United States of America,North Dakota,48.8291,-101.8693
Winter Cereals,US,United States of America,North Dakota,48.8332,-101.8888
Winter Cereals,US,United States of America,North Dakota,48.8254,-101.9122
Winter Cereals,US,United States of America,North Dakota,48.8261,-101.9197
Winter Cereals,US,United States of America,North Dakota,48.7905,-101.7327
Winter Cereals,US,United States of America,North Dakota,48.7741,-101.6986
Winter Cereals,US,United States of America,North Dakota,48.8316,-101.7008
Winter Cereals,US,United States of America,North Dakota,48.8006,-101.7036
Winter Cereals,US,United States of America,North Dakota,48.8011,-101.6958
Winter Cereals,US,United States of America,North Dakota,48.7776,-101.7078
Winter Cereals,US,United States of America,North Dakota,48.7811,-101.6549
Winter Cereals,US,United States of America,North Dakota,48.766,-101.622
Winter Cereals,US,United States of America,North Dakota,48.8166,-101.4432
Winter Cereals,US,United States of America,North Dakota,48.8245,-99.3791
Winter Cereals,US,United States of America,North Dakota,48.78,-99.3743
Winter Cereals,US,United States of America,North Dakota,48.8242,-98.7679
Winter Cereals,US,United States of America,North Dakota,48.8166,-98.6879
Winter Cereals,US,United States of America,North Dakota,48.8076,-98.5299
Winter Cereals,US,United States of America,North Dakota,48.7816,-98.4654
Winter Cereals,US,United States of America,North Dakota,48.8121,-98.4434
Winter Cereals,US,United States of America,North Dakota,48.8321,-98.4624
Winter Cereals,US,United States of America,North Dakota,48.7876,-98.4356
Winter Cereals,US,United States of America,North Dakota,48.7772,-98.3487
Winter Cereals,US,United States of America,North Dakota,48.7786,-98.2784
Winter Cereals,US,United States of America,North Dakota,48.8365,-98.3329
Winter Cereals,US,United States of America,North Dakota,48.7688,-98.289
Winter Cereals,US,United States of America,North Dakota,48.786,-98.2859
Winter Cereals,US,United States of America,North Dakota,48.7623,-98.2991
Winter Cereals,US,United States of America,North Dakota,48.7874,-98.2989
Winter Cereals,US,United States of America,North Dakota,48.7916,-98.2295
Winter Cereals,US,United States of America,North Dakota,48.7688,-98.2233
Winter Cereals,US,United States of America,North Dakota,48.8101,-98.2676
Winter Cereals,US,United States of America,North Dakota,48.7689,-98.2151
Winter Cereals,US,United States of America,North Dakota,48.8068,-98.2372
Winter Cereals,US,United States of America,North Dakota,48.7845,-98.2354
Winter Cereals,US,United States of America,North Dakota,48.7671,-98.2599
Winter Cereals,US,United States of America,North Dakota,48.7985,-98.1549
Winter Cereals,US,United States of America,North Dakota,48.7873,-98.1687
Winter Cereals,US,United States of America,North Dakota,48.788,-98.1536
Winter Cereals,US,United States of America,North Dakota,48.8152,-97.6174
Winter Cereals,US,United States of America,North Dakota,48.8169,-97.5869
Winter Cereals,US,United States of America,North Dakota,48.7714,-97.5296
Winter Cereals,US,United States of America,North Dakota,48.7677,-97.5431
Winter Cereals,US,United States of America,North Dakota,48.7726,-97.471
Winter Cereals,US,United States of America,North Dakota,48.774,-97.4748
Winter Cereals,US,United States of America,North Dakota,48.7989,-97.4299
Winter Cereals,US,United States of America,North Dakota,48.7976,-97.4319
Winter Cereals,US,United States of America,North Dakota,48.7982,-97.4324
Winter Cereals,US,United States of America,North Dakota,48.7733,-97.4753
Winter Cereals,US,United States of America,North Dakota,48.8035,-97.4569
Winter Cereals,US,United States of America,North Dakota,48.8006,-97.3914
Winter Cereals,US,United States of America,North Dakota,48.7635,-97.3764
Winter Cereals,US,United States of America,North Dakota,48.8381,-97.4069
Winter Cereals,US,United States of America,North Dakota,48.7642,-97.4106
Winter Cereals,US,United States of America,North Dakota,48.7791,-97.287
Winter Cereals,US,United States of America,North Dakota,48.8376,-97.2876
Winter Cereals,US,United States of America,North Dakota,48.7951,-97.1769
Winter Cereals,US,United States of America,Minnesota,48.804,-97.0859
Winter Cereals,US,United States of America,Minnesota,48.8291,-97.0432
Winter Cereals,US,United States of America,Minnesota,48.8211,-97.0037
Winter Cereals,US,United States of America,Minnesota,48.8142,-96.9636
Winter Cereals,US,United States of America,Minnesota,48.767,-96.8782
Winter Cereals,US,United States of America,Minnesota,48.8021,-96.8264
Winter Cereals,US,United States of America,Minnesota,48.8236,-96.8748
Winter Cereals,US,United States of America,Minnesota,48.7792,-96.8157
Winter Cereals,US,United States of America,Minnesota,48.7795,-96.7811
Winter Cereals,US,United States of America,Minnesota,48.7667,-96.8094
Winter Cereals,US,United States of America,Minnesota,48.8305,-96.7126
Winter Cereals,US,United States of America,Minnesota,48.7981,-96.3658
Winter Cereals,US,United States of America,Minnesota,48.7811,-96.3316
Winter Cereals,US,United States of America,Minnesota,48.7696,-96.2201
Winter Cereals,US,United States of America,Minnesota,48.8136,-96.198
Winter Cereals,US,United States of America,Minnesota,48.8171,-96.1382
Winter Cereals,US,United States of America,Minnesota,48.8211,-96.1101
Winter Cereals,US,United States of America,Minnesota,48.7946,-96.0794
Winter Cereals,US,United States of America,Minnesota,48.7841,-96.0875
Winter Cereals,US,United States of America,Minnesota,48.7826,-96.0936
Winter Cereals,US,United States of America,Minnesota,48.8151,-96.1101
Winter Cereals,US,United States of America,Minnesota,48.8146,-96.0974
Winter Cereals,US,United States of America,Minnesota,48.783,-96.0809
Winter Cereals,US,United States of America,Minnesota,48.7936,-96.0602
Winter Cereals,US,United States of America,Minnesota,48.7917,-96.1109
Winter Cereals,US,United States of America,Minnesota,48.8101,-96.0989
Winter Cereals,US,United States of America,Minnesota,48.7693,-95.9816
Winter Cereals,US,United States of America,Minnesota,48.8301,-96.0018
Winter Cereals,US,United States of America,Minnesota,48.834,-96.0278
Winter Cereals,US,United States of America,Minnesota,48.7685,-95.98
Winter Cereals,US,United States of America,Minnesota,48.8126,-95.9934
Winter Cereals,US,United States of America,Minnesota,48.829,-96.033
Winter Cereals,US,United States of America,Minnesota,48.7948,-95.9302
Winter Cereals,US,United States of America,Minnesota,48.8073,-95.9349
Winter Cereals,US,United States of America,Minnesota,48.806,-95.9274
Winter Cereals,US,United States of America,Minnesota,48.7768,-95.8905
Winter Cereals,US,United States of America,Minnesota,48.7845,-95.9571
Winter Cereals,US,United States of America,Minnesota,48.801,-95.9071
Winter Cereals,US,United States of America,Minnesota,48.7634,-95.907
Winter Cereals,US,United States of America,Minnesota,48.7633,-95.933
Winter Cereals,US,United States of America,Minnesota,48.7637,-95.7975
Winter Cereals,US,United States of America,Minnesota,48.7878,-95.8102
Winter Cereals,US,United States of America,Minnesota,48.785,-95.8016
Winter Cereals,US,United States of America,Minnesota,48.7661,-95.8643
Winter Cereals,US,United States of America,Minnesota,48.7943,-95.8182
Winter Cereals,US,United States of America,Minnesota,48.7816,-95.8039
Winter Cereals,US,United States of America,Minnesota,48.7872,-95.8037
Winter Cereals,US,United States of America,Minnesota,48.7944,-95.8124
Winter Cereals,US,United States of America,Minnesota,48.8086,-95.7971
Winter Cereals,US,United States of America,Minnesota,48.8167,-95.8461
Winter Cereals,US,United States of America,Minnesota,48.809,-95.8456
Winter Cereals,US,United States of America,Minnesota,48.788,-95.8333
Winter Cereals,US,United States of America,Minnesota,48.7901,-95.8121
Winter Cereals,US,United States of America,Minnesota,48.8312,-95.8324
Winter Cereals,US,United States of America,Minnesota,48.7957,-95.8216
Winter Cereals,US,United States of America,Minnesota,48.8035,-95.813
Winter Cereals,US,United States of America,Minnesota,48.815,-95.7429
Winter Cereals,US,United States of America,Minnesota,48.8125,-95.7476
Winter Cereals,US,United States of America,Minnesota,48.8131,-95.7411
Winter Cereals,US,United States of America,Minnesota,48.7661,-95.7889
Winter Cereals,US,United States of America,Minnesota,48.774,-95.7799
Winter Cereals,US,United States of America,Minnesota,48.8136,-95.7469
Winter Cereals,US,United States of America,Minnesota,48.7888,-95.7861
Winter Cereals,US,United States of America,Minnesota,48.8129,-95.7526
Winter Cereals,US,United States of America,Minnesota,48.7917,-95.763
Winter Cereals,US,United States of America,Minnesota,48.7806,-95.7147
Winter Cereals,US,United States of America,Minnesota,48.824,-95.7744
Winter Cereals,US,United States of America,Minnesota,48.7914,-95.7616
Winter Cereals,US,United States of America,Minnesota,48.7914,-95.7631
Winter Cereals,US,United States of America,Minnesota,48.7746,-95.7752
Winter Cereals,US,United States of America,Minnesota,48.7792,-95.7726
Winter Cereals,US,United States of America,Minnesota,48.7846,-95.7692
Winter Cereals,US,United States of America,Minnesota,48.7682,-95.7881
Winter Cereals,US,United States of America,Minnesota,48.8349,-95.7147
Winter Cereals,US,United States of America,Minnesota,48.7685,-95.7584
Winter Cereals,US,United States of America,Minnesota,48.7671,-95.6754
Winter Cereals,US,United States of America,Minnesota,48.7979,-95.6518
Winter Cereals,US,United States of America,Minnesota,48.7971,-95.7041
Winter Cereals,US,United States of America,Minnesota,48.7621,-95.6696
Winter Cereals,US,United States of America,Minnesota,48.7771,-95.6868
Winter Cereals,US,United States of America,Minnesota,48.7993,-95.7026
Winter Cereals,US,United States of America,Minnesota,48.7825,-95.7074
Winter Cereals,US,United States of America,Minnesota,48.7971,-95.5442
Winter Cereals,US,United States of America,Minnesota,48.7756,-95.5564
Winter Cereals,US,United States of America,Minnesota,48.8405,-95.5207
Winter Cereals,US,United States of America,Minnesota,48.7618,-95.5082
Winter Cereals,US,United States of America,Minnesota,48.8407,-95.3892
Winter Cereals,US,United States of America,Minnesota,48.8303,-95.4053
Winter Cereals,US,United States of America,Minnesota,48.8308,-95.4022
Winter Cereals,US,United States of America,Minnesota,48.842,-95.3855
Winter Cereals,US,United States of America,Minnesota,48.8126,-95.3048
Winter Cereals,US,United States of America,Minnesota,48.769,-95.3264
Winter Cereals,US,United States of America,Minnesota,48.7947,-95.3156
Winter Cereals,US,United States of America,Minnesota,48.7926,-95.3151
Winter Cereals,US,United States of America,Minnesota,48.7767,-95.2739
Winter Cereals,Africa,Zambia,Muchinga,-11.9507,31.3093
Winter Cereals,Africa,Zambia,Copperbelt,-12.5509,28.0946
Winter Cereals,Africa,Zambia,Copperbelt,-12.5147,28.0759
Winter Cereals,Africa,Zambia,Copperbelt,-12.5521,28.0941
Winter Cereals,Africa,Zambia,Copperbelt,-12.5361,28.0958
Winter Cereals,Africa,Zambia,Eastern,-12.5317,33.1262
Winter Cereals,Africa,Zambia,Central,-12.5896,30.0216
Winter Cereals,Africa,Zambia,Central,-12.5888,30.0208
Winter Cereals,Africa,Zambia,Central,-12.588,30.0214
Winter Cereals,Africa,Zambia,Central,-12.596,30.0283
Winter Cereals,Africa,Zambia,Central,-12.5879,30.03
Winter Cereals,Africa,Zambia,Copperbelt,-12.7096,28.2299
Winter Cereals,Africa,Zambia,Copperbelt,-12.6645,28.1993
Winter Cereals,Africa,Zambia,Copperbelt,-12.7198,28.2233
Winter Cereals,Africa,Zambia,Copperbelt,-12.6701,28.214
Winter Cereals,Africa,Zambia,Copperbelt,-12.8471,27.2732
Winter Cereals,Africa,Zambia,Copperbelt,-12.8726,27.2573
Winter Cereals,Africa,Zambia,Central,-12.9141,30.1776
Winter Cereals,Africa,Zambia,Central,-12.9516,29.9454
Winter Cereals,Africa,Zambia,Copperbelt,-13.0599,28.5526
Winter Cereals,Africa,Zambia,Copperbelt,-13.058,28.5488
Winter Cereals,Africa,Zambia,Central,-13.0718,29.9237
Winter Cereals,Africa,Zambia,Central,-13.0778,29.9346
Winter Cereals,Africa,Zambia,Central,-13.0746,29.9114
Winter Cereals,Africa,Zambia,Central,-13.0646,29.9347
Winter Cereals,Africa,Zambia,Central,-13.0621,29.9058
Winter Cereals,Africa,Zambia,Central,-13.0703,29.9035
Winter Cereals,Africa,Zambia,Central,-13.0566,29.9587
Winter Cereals,Africa,Zambia,Central,-13.0761,29.9678
Winter Cereals,Africa,Zambia,Central,-13.0546,29.9463
Winter Cereals,Africa,Zambia,Central,-13.082,29.9553
Winter Cereals,Africa,Zambia,Central,-13.0386,29.9608
Winter Cereals,Africa,Zambia,Central,-13.0863,29.9731
Winter Cereals,Africa,Zambia,Central,-13.0737,29.9664
Winter Cereals,Africa,Zambia,Central,-13.069,29.9671
Winter Cereals,Africa,Zambia,Central,-13.0853,29.966
Winter Cereals,Africa,Zambia,Central,-13.1541,29.9138
Winter Cereals,Africa,Zambia,Central,-13.1292,29.9242
Winter Cereals,Africa,Zambia,Central,-13.1315,29.9211
Winter Cereals,Africa,Zambia,Central,-13.1061,29.9144
Winter Cereals,Africa,Zambia,Central,-13.1086,29.9073
Winter Cereals,Africa,Zambia,Central,-13.0875,29.9395
Winter Cereals,Africa,Zambia,Central,-13.1026,29.9539
Winter Cereals,Africa,Zambia,Central,-13.1174,29.9504
Winter Cereals,Africa,Zambia,Central,-13.1172,29.9668
Winter Cereals,Africa,Zambia,Central,-13.1027,29.9536
Winter Cereals,Africa,Zambia,Central,-13.1063,29.9533
Winter Cereals,Africa,Zambia,Central,-13.1141,29.9583
Winter Cereals,Africa,Zambia,Central,-13.1102,29.9698
Winter Cereals,Africa,Zambia,Copperbelt,-13.3596,28.5076
Winter Cereals,Africa,Zambia,Copperbelt,-13.5081,27.7213
Winter Cereals,Africa,Zambia,Copperbelt,-13.5054,27.7232
Winter Cereals,Africa,Zambia,Copperbelt,-13.4734,27.9065
Winter Cereals,Africa,Zambia,Copperbelt,-13.4805,27.8999
Winter Cereals,Africa,Zambia,Copperbelt,-13.5772,27.7673
Winter Cereals,Africa,Zambia,Copperbelt,-13.5711,27.7498
Winter Cereals,Africa,Zambia,Copperbelt,-13.5441,27.7402
Winter Cereals,Africa,Zambia,Copperbelt,-13.5646,27.7479
Winter Cereals,Africa,Zambia,Copperbelt,-13.5371,27.7441
Winter Cereals,Africa,Zambia,Copperbelt,-13.5674,27.7547
Winter Cereals,Africa,Zambia,Copperbelt,-13.5436,27.7423
Winter Cereals,Africa,Zambia,Copperbelt,-13.5629,27.7358
Winter Cereals,Africa,Zambia,Copperbelt,-13.5743,27.7688
Winter Cereals,Africa,Zambia,Copperbelt,-13.5506,27.7325
Winter Cereals,Africa,Zambia,Copperbelt,-13.5361,27.7376
Winter Cereals,Africa,Zambia,Copperbelt,-13.5331,27.9642
Winter Cereals,Africa,Zambia,Copperbelt,-13.5607,28.0573
Winter Cereals,Africa,Zambia,Copperbelt,-13.5942,28.0558
Winter Cereals,Africa,Zambia,Copperbelt,-13.5673,28.0542
Winter Cereals,Africa,Zambia,Copperbelt,-13.5458,28.0321
Winter Cereals,Africa,Zambia,Copperbelt,-13.5297,27.9836
Winter Cereals,Africa,Zambia,Copperbelt,-13.5804,28.0448
Winter Cereals,Africa,Zambia,Copperbelt,-13.54,28.0317
Winter Cereals,Africa,Zambia,Copperbelt,-13.5499,28.0532
Winter Cereals,Africa,Zambia,Copperbelt,-13.5657,28.037
Winter Cereals,Africa,Zambia,Copperbelt,-13.5642,28.0305
Winter Cereals,Africa,Zambia,Copperbelt,-13.5687,28.0475
Winter Cereals,Africa,Zambia,Copperbelt,-13.5426,28.0299
Winter Cereals,Africa,Zambia,Copperbelt,-13.5416,28.0485
Winter Cereals,Africa,Zambia,Copperbelt,-13.5743,28.0407
Winter Cereals,Africa,Zambia,Copperbelt,-13.5514,28.0437
Winter Cereals,Africa,Zambia,Copperbelt,-13.5483,28.0302
Winter Cereals,Africa,Zambia,Copperbelt,-13.5766,28.0497
Winter Cereals,Africa,Zambia,Copperbelt,-13.5511,28.0424
Winter Cereals,Africa,Zambia,Copperbelt,-13.5778,28.0373
Winter Cereals,Africa,Zambia,Copperbelt,-13.5377,28.0903
Winter Cereals,Africa,Zambia,Copperbelt,-13.5704,28.1414
Winter Cereals,Africa,Zambia,Copperbelt,-13.5628,28.112
Winter Cereals,Africa,Zambia,Copperbelt,-13.5691,28.1131
Winter Cereals,Africa,Zambia,Copperbelt,-13.5635,28.0678
Winter Cereals,Africa,Zambia,Copperbelt,-13.5686,28.1213
Winter Cereals,Africa,Zambia,Copperbelt,-13.5461,28.0713
Winter Cereals,Africa,Zambia,Copperbelt,-13.5777,28.0709
Winter Cereals,Africa,Zambia,Copperbelt,-13.5728,28.1355
Winter Cereals,Africa,Zambia,Copperbelt,-13.5724,28.1408
Winter Cereals,Africa,Zambia,Copperbelt,-13.5704,28.1346
Winter Cereals,Africa,Zambia,Copperbelt,-13.5624,28.134
Winter Cereals,Africa,Zambia,Copperbelt,-13.5661,28.0712
Winter Cereals,Africa,Zambia,Copperbelt,-13.5544,28.0708
Winter Cereals,Africa,Zambia,Copperbelt,-13.5624,28.1307
Winter Cereals,Africa,Zambia,Copperbelt,-13.5619,28.1489
Winter Cereals,Africa,Zambia,Central,-13.5262,29.3338
Winter Cereals,Africa,Zambia,Central,-13.5592,29.3478
Winter Cereals,Africa,Zambia,Central,-13.5561,29.3487
Winter Cereals,Africa,Zambia,Central,-13.5939,29.5933
Winter Cereals,Africa,Zambia,Central,-13.5921,29.6828
Winter Cereals,Africa,Zambia,Central,-13.5476,29.6283
Winter Cereals,Africa,Zambia,Central,-13.5618,29.6264
Winter Cereals,Africa,Zambia,Central,-13.5519,29.6313
Winter Cereals,Africa,Zambia,Central,-13.563,29.637
Winter Cereals,Africa,Zambia,Central,-13.5895,29.6283
Winter Cereals,Africa,Zambia,Central,-13.5991,29.628
Winter Cereals,Africa,Zambia,Central,-13.562,29.6241
Winter Cereals,Africa,Zambia,Central,-13.5502,29.6392
Winter Cereals,Africa,Zambia,Central,-13.587,29.6313
Winter Cereals,Africa,Zambia,Central,-13.5686,29.6246
Winter Cereals,Africa,Zambia,Central,-13.5898,29.6307
Winter Cereals,Africa,Zambia,Central,-13.5556,29.673
Winter Cereals,Africa,Zambia,Central,-13.5921,29.6523
Winter Cereals,Africa,Zambia,Central,-13.5587,29.6391
Winter Cereals,Africa,Zambia,Central,-13.5584,29.6403
Winter Cereals,Africa,Zambia,Central,-13.5908,29.6258
Winter Cereals,Africa,Zambia,Central,-13.5441,29.6372
Winter Cereals,Africa,Zambia,Central,-13.5693,29.6648
Winter Cereals,Africa,Zambia,Central,-13.5474,29.65
Winter Cereals,Africa,Zambia,Central,-13.5837,29.6838
Winter Cereals,Africa,Zambia,Central,-13.5961,29.688
Winter Cereals,Africa,Zambia,Central,-13.5862,29.6886
Winter Cereals,Africa,Zambia,Central,-13.581,29.6846
Winter Cereals,Africa,Zambia,Central,-13.5936,29.9473
Winter Cereals,Africa,Zambia,Central,-13.5991,29.9743
Winter Cereals,Africa,Zambia,Copperbelt,-13.641,27.7128
Winter Cereals,Africa,Zambia,Copperbelt,-13.643,27.6905
Winter Cereals,Africa,Zambia,Copperbelt,-13.6436,27.6903
Winter Cereals,Africa,Zambia,Copperbelt,-13.66,27.6901
Winter Cereals,Africa,Zambia,Copperbelt,-13.6497,27.7024
Winter Cereals,Africa,Zambia,Copperbelt,-13.653,27.6943
Winter Cereals,Africa,Zambia,Copperbelt,-13.638,27.7138
Winter Cereals,Africa,Zambia,Copperbelt,-13.6416,27.7032
Winter Cereals,Africa,Zambia,Copperbelt,-13.6586,27.6883
Winter Cereals,Africa,Zambia,Copperbelt,-13.6581,27.7188
Winter Cereals,Africa,Zambia,Copperbelt,-13.6686,27.7783
Winter Cereals,Africa,Zambia,Copperbelt,-13.6493,27.7383
Winter Cereals,Africa,Zambia,Copperbelt,-13.6409,27.721
Winter Cereals,Africa,Zambia,Copperbelt,-13.6724,27.731
Winter Cereals,Africa,Zambia,Copperbelt,-13.6678,27.7789
Winter Cereals,Africa,Zambia,Copperbelt,-13.6721,27.7582
Winter Cereals,Africa,Zambia,Copperbelt,-13.6602,27.7548
Winter Cereals,Africa,Zambia,Copperbelt,-13.6606,27.7512
Winter Cereals,Africa,Zambia,Copperbelt,-13.6709,27.7329
Winter Cereals,Africa,Zambia,Copperbelt,-13.6568,27.7671
Winter Cereals,Africa,Zambia,Copperbelt,-13.6615,27.7502
Winter Cereals,Africa,Zambia,Copperbelt,-13.6684,27.7826
Winter Cereals,Africa,Zambia,Copperbelt,-13.6699,27.7848
Winter Cereals,Africa,Zambia,Central,-13.6784,27.724
Winter Cereals,Africa,Zambia,Copperbelt,-13.6654,27.7886
Winter Cereals,Africa,Zambia,Copperbelt,-13.6509,27.7489
Winter Cereals,Africa,Zambia,Copperbelt,-13.6262,27.7459
Winter Cereals,Africa,Zambia,Copperbelt,-13.6656,27.7518
Winter Cereals,Africa,Zambia,Copperbelt,-13.6329,27.7435
Winter Cereals,Africa,Zambia,Copperbelt,-13.6447,27.7379
Winter Cereals,Africa,Zambia,Copperbelt,-13.6643,27.7253
Winter Cereals,Africa,Zambia,Copperbelt,-13.6567,27.768
Winter Cereals,Africa,Zambia,Copperbelt,-13.6655,27.7378
Winter Cereals,Africa,Zambia,Copperbelt,-13.6672,27.7452
Winter Cereals,Africa,Zambia,Copperbelt,-13.6063,28.0543
Winter Cereals,Africa,Zambia,Copperbelt,-13.6129,28.0588
Winter Cereals,Africa,Zambia,Copperbelt,-13.6011,28.0469
Winter Cereals,Africa,Zambia,Copperbelt,-13.6079,28.0526
Winter Cereals,Africa,Zambia,Central,-13.6841,29.0368
Winter Cereals,Africa,Zambia,Central,-13.6756,29.0303
Winter Cereals,Africa,Zambia,Central,-13.6445,29.1932
Winter Cereals,Africa,Zambia,Central,-13.6609,29.1869
Winter Cereals,Africa,Zambia,Central,-13.6446,29.215
Winter Cereals,Africa,Zambia,Central,-13.6681,29.4262
Winter Cereals,Africa,Zambia,Central,-13.674,29.4034
Winter Cereals,Africa,Zambia,Central,-13.6605,29.4829
Winter Cereals,Africa,Zambia,Central,-13.6633,29.4552
Winter Cereals,Africa,Zambia,Central,-13.6412,29.4514
Winter Cereals,Africa,Zambia,Central,-13.6583,29.4539
Winter Cereals,Africa,Zambia,Central,-13.6448,29.452
Winter Cereals,Africa,Zambia,Central,-13.6502,29.4798
Winter Cereals,Africa,Zambia,Central,-13.6648,29.5239
Winter Cereals,Africa,Zambia,Central,-13.6032,29.6672
Winter Cereals,Africa,Zambia,Central,-13.6376,29.6468
Winter Cereals,Africa,Zambia,Central,-13.6118,29.6575
Winter Cereals,Africa,Zambia,Central,-13.615,29.6277
Winter Cereals,Africa,Zambia,Central,-13.6116,29.6568
Winter Cereals,Africa,Zambia,Central,-13.6198,29.6623
Winter Cereals,Africa,Zambia,Central,-13.6101,29.655
Winter Cereals,Africa,Zambia,Central,-13.62,29.6643
Winter Cereals,Africa,Zambia,Central,-13.6126,29.6414
Winter Cereals,Africa,Zambia,Central,-13.6146,29.6577
Winter Cereals,Africa,Zambia,Central,-13.6103,29.6618
Winter Cereals,Africa,Zambia,Central,-13.6006,29.6262
Winter Cereals,Africa,Zambia,Central,-13.6465,29.6594
Winter Cereals,Africa,Zambia,Central,-13.6096,29.9278
Winter Cereals,Africa,Zambia,Central,-13.6126,29.9663
Winter Cereals,Africa,Zambia,Central,-13.628,29.955
Winter Cereals,Africa,Zambia,Central,-13.6061,29.9654
Winter Cereals,Africa,Zambia,Central,-13.6281,29.9568
Winter Cereals,Africa,Zambia,Central,-13.6889,29.0358
Winter Cereals,Africa,Zambia,Central,-13.7221,29.0811
Winter Cereals,Africa,Zambia,Central,-13.7244,29.0778
Winter Cereals,Africa,Zambia,Central,-13.7589,29.1346
Winter Cereals,Africa,Zambia,Central,-13.77,29.0902
Winter Cereals,Africa,Zambia,Central,-13.7581,29.137
Winter Cereals,Africa,Zambia,Central,-13.7256,29.1674
Winter Cereals,Africa,Zambia,Central,-13.7634,29.1647
Winter Cereals,Africa,Zambia,Central,-13.7398,29.2531
Winter Cereals,Africa,Zambia,Central,-13.717,29.2213
Winter Cereals,Africa,Zambia,Central,-13.7166,29.1888
Winter Cereals,Africa,Zambia,Central,-13.7291,29.2501
Winter Cereals,Africa,Zambia,Central,-13.7688,29.2474
Winter Cereals,Africa,Zambia,Central,-13.7601,29.2483
Winter Cereals,Africa,Zambia,Central,-13.7281,29.252
Winter Cereals,Africa,Zambia,Central,-13.7276,29.2502
Winter Cereals,Africa,Zambia,Central,-13.7228,29.2168
Winter Cereals,Africa,Zambia,Central,-13.7286,29.2518
Winter Cereals,Africa,Zambia,Central,-13.7244,29.217
Winter Cereals,Africa,Zambia,Central,-13.7237,29.2534
Winter Cereals,Africa,Zambia,Central,-13.7164,29.302
Winter Cereals,Africa,Zambia,Central,-13.7356,29.2914
Winter Cereals,Africa,Zambia,Central,-13.7223,29.258
Winter Cereals,Africa,Zambia,Central,-13.7641,29.26
Winter Cereals,Africa,Zambia,Central,-13.7205,29.3034
Winter Cereals,Africa,Zambia,Central,-13.7646,29.2609
Winter Cereals,Africa,Zambia,Central,-13.7389,29.2837
Winter Cereals,Africa,Zambia,Central,-13.7565,29.2659
Winter Cereals,Africa,Zambia,Central,-13.7351,29.2822
Winter Cereals,Africa,Zambia,Central,-13.7604,29.2681
Winter Cereals,Africa,Zambia,Central,-13.7408,29.26
Winter Cereals,Africa,Zambia,Central,-13.7391,29.2638
Winter Cereals,Africa,Zambia,Central,-13.7361,29.2885
Winter Cereals,Africa,Zambia,Central,-13.6871,29.4218
Winter Cereals,Africa,Zambia,Central,-13.6976,29.4227
Winter Cereals,Africa,Zambia,Central,-13.7014,29.4213
Winter Cereals,Africa,Zambia,Central,-13.723,29.4983
Winter Cereals,Africa,Zambia,Central,-13.7327,29.4832
Winter Cereals,Africa,Zambia,Central,-13.6996,29.4398
Winter Cereals,Africa,Zambia,Central,-13.7118,29.4298
Winter Cereals,Africa,Zambia,Central,-13.7223,29.4928
Winter Cereals,Africa,Zambia,Central,-13.7341,29.5828
Winter Cereals,Africa,Zambia,Central,-13.7331,29.5824
Winter Cereals,Africa,Zambia,Central,-13.7298,29.5803
Winter Cereals,Africa,Zambia,Central,-13.7361,29.5778
Winter Cereals,Africa,Zambia,Central,-13.7804,28.9083
Winter Cereals,Africa,Zambia,Central,-13.7916,29.0858
Winter Cereals,Africa,Zambia,Central,-13.7742,29.0609
Winter Cereals,Africa,Zambia,Central,-13.7805,29.0818
Winter Cereals,Africa,Zambia,Central,-13.7792,29.0857
Winter Cereals,Africa,Zambia,Central,-13.7739,29.0842
Winter Cereals,Africa,Zambia,Central,-13.7761,29.092
Winter Cereals,Africa,Zambia,Central,-13.8089,29.0987
Winter Cereals,Africa,Zambia,Central,-13.7879,29.1257
Winter Cereals,Africa,Zambia,Central,-13.772,29.0883
Winter Cereals,Africa,Zambia,Central,-13.8091,29.0911
Winter Cereals,Africa,Zambia,Central,-13.7949,29.0976
Winter Cereals,Africa,Zambia,Central,-13.791,29.1203
Winter Cereals,Africa,Zambia,Central,-13.8286,29.0908
Winter Cereals,Africa,Zambia,Central,-13.8551,29.1988
Winter Cereals,Africa,Zambia,Central,-13.8552,29.2438
Winter Cereals,Africa,Zambia,Central,-13.832,29.2048
Winter Cereals,Africa,Zambia,Central,-13.7843,29.2487
Winter Cereals,Africa,Zambia,Central,-13.7738,29.2476
Winter Cereals,Africa,Zambia,Central,-13.8226,29.2323
Winter Cereals,Africa,Zambia,Central,-13.8073,29.2313
Winter Cereals,Africa,Zambia,Central,-13.8551,29.2423
Winter Cereals,Africa,Zambia,Central,-13.8482,29.2124
Winter Cereals,Africa,Zambia,Central,-13.8181,29.2639
Winter Cereals,Africa,Zambia,Central,-13.8195,29.2693
Winter Cereals,Africa,Zambia,Central,-13.8211,29.2948
Winter Cereals,Africa,Zambia,Central,-13.8109,29.2658
Winter Cereals,Africa,Zambia,Central,-13.8219,29.2919
Winter Cereals,Africa,Zambia,Central,-13.7859,29.2587
Winter Cereals,Africa,Zambia,Central,-13.8207,29.2687
Winter Cereals,Africa,Zambia,Central,-13.8209,29.2734
Winter Cereals,Africa,Zambia,Central,-13.808,29.2697
Winter Cereals,Africa,Zambia,Central,-13.8216,29.2657
Winter Cereals,Africa,Zambia,Central,-13.8551,29.3355
Winter Cereals,Africa,Zambia,Central,-13.8433,29.4112
Winter Cereals,Africa,Zambia,Central,-13.8491,29.4187
Winter Cereals,Africa,Zambia,Central,-13.8402,29.361
Winter Cereals,Africa,Zambia,Central,-13.8448,29.411
Winter Cereals,Africa,Zambia,Central,-13.8536,29.4053
Winter Cereals,Africa,Zambia,Central,-13.8261,29.3908
Winter Cereals,Africa,Zambia,Central,-13.8318,29.4234
Winter Cereals,Africa,Zambia,Central,-13.8303,29.4243
Winter Cereals,Africa,Zambia,Central,-13.8411,29.4282
Winter Cereals,Africa,Zambia,Central,-13.8771,29.1075
Winter Cereals,Africa,Zambia,Central,-13.9379,29.1373
Winter Cereals,Africa,Zambia,Central,-13.9086,29.1465
Winter Cereals,Africa,Zambia,Central,-13.9197,29.1367
Winter Cereals,Africa,Zambia,Central,-13.9111,29.1413
Winter Cereals,Africa,Zambia,Central,-13.8791,29.1794
Winter Cereals,Africa,Zambia,Central,-13.8806,29.2083
Winter Cereals,Africa,Zambia,Central,-13.8856,29.1827
Winter Cereals,Africa,Zambia,Central,-13.923,29.2358
Winter Cereals,Africa,Zambia,Central,-13.9156,29.2363
Winter Cereals,Africa,Zambia,Central,-13.8965,29.2464
Winter Cereals,Africa,Zambia,Central,-13.9309,29.2182
Winter Cereals,Africa,Zambia,Central,-13.9146,29.2372
Winter Cereals,Africa,Zambia,Central,-13.9326,29.2217
Winter Cereals,Africa,Zambia,Central,-13.8605,29.2433
Winter Cereals,Africa,Zambia,Central,-13.913,29.2289
Winter Cereals,Africa,Zambia,Central,-13.8642,29.3077
Winter Cereals,Africa,Zambia,Central,-13.8737,29.3222
Winter Cereals,Africa,Zambia,Central,-13.866,29.2752
Winter Cereals,Africa,Zambia,Central,-13.8625,29.3317
Winter Cereals,Africa,Zambia,Central,-13.8996,29.3347
Winter Cereals,Africa,Zambia,Central,-13.8616,29.2877
Winter Cereals,Africa,Zambia,Central,-13.8631,29.2889
Winter Cereals,Africa,Zambia,Central,-13.8937,29.3378
Winter Cereals,Africa,Zambia,Central,-13.8783,29.2953
Winter Cereals,Africa,Zambia,Central,-13.8945,29.2781
Winter Cereals,Africa,Zambia,Central,-13.8958,29.3954
Winter Cereals,Africa,Zambia,Central,-13.9164,29.4063
Winter Cereals,Africa,Zambia,Central,-13.8567,29.3933
Winter Cereals,Africa,Zambia,Central,-13.8591,29.3876
Winter Cereals,Africa,Zambia,Central,-13.8956,29.3988
Winter Cereals,Africa,Zambia,Central,-13.9106,29.3938
Winter Cereals,Africa,Zambia,Central,-13.8621,29.3836
Winter Cereals,Africa,Zambia,Central,-13.9131,29.3563
Winter Cereals,Africa,Zambia,Central,-13.8581,29.3868
Winter Cereals,Africa,Zambia,Central,-13.8751,29.3494
Winter Cereals,Africa,Zambia,Central,-13.9204,29.3567
Winter Cereals,Africa,Zambia,Central,-13.8565,29.3937
Winter Cereals,Africa,Zambia,Central,-13.8636,29.3942
Winter Cereals,Africa,Zambia,Central,-13.8603,29.3751
Winter Cereals,Africa,Zambia,Central,-13.9111,29.4058
Winter Cereals,Africa,Zambia,Central,-13.9001,29.586
Winter Cereals,Africa,Zambia,Central,-13.8956,29.5869
Winter Cereals,Africa,Zambia,Central,-13.9968,29.1382
Winter Cereals,Africa,Zambia,Central,-13.9951,29.139
Winter Cereals,Africa,Zambia,Central,-14.0882,28.5333
Winter Cereals,Africa,Zambia,Central,-14.0781,28.5318
Winter Cereals,Africa,Zambia,Central,-14.0711,28.5525
Winter Cereals,Africa,Zambia,Central,-14.0907,28.5227
Winter Cereals,Africa,Zambia,Central,-14.0714,28.56
Winter Cereals,Africa,Zambia,Central,-14.1925,28.6227
Winter Cereals,Africa,Zambia,Central,-14.2215,28.6333
Winter Cereals,Africa,Zambia,Central,-14.2008,28.6231
Winter Cereals,Africa,Zambia,Central,-14.2446,28.5878
Winter Cereals,Africa,Zambia,Central,-14.2216,28.6357
Winter Cereals,Africa,Zambia,Central,-14.2228,28.6334
Winter Cereals,Africa,Zambia,Central,-14.2455,28.5905
Winter Cereals,Africa,Zambia,Central,-14.2444,28.5743
Winter Cereals,Africa,Zambia,Central,-14.2454,28.5823
Winter Cereals,Africa,Zambia,Central,-14.2115,28.6276
Winter Cereals,Africa,Zambia,Central,-14.2116,28.6239
Winter Cereals,Africa,Zambia,Central,-14.2458,28.8554
Winter Cereals,Africa,Zambia,Central,-14.3127,28.3812
Winter Cereals,Africa,Zambia,Central,-14.3086,28.3827
Winter Cereals,Africa,Zambia,Central,-14.3401,28.4473
Winter Cereals,Africa,Zambia,Central,-14.3261,28.4531
Winter Cereals,Africa,Zambia,Central,-14.352,28.4414
Winter Cereals,Africa,Zambia,Central,-14.3157,28.4576
Winter Cereals,Africa,Zambia,Central,-14.3246,28.4544
Winter Cereals,Africa,Zambia,Central,-14.3407,28.4464
Winter Cereals,Africa,Zambia,Central,-14.3484,28.4672
Winter Cereals,Africa,Zambia,Central,-14.3528,28.4963
Winter Cereals,Africa,Zambia,Central,-14.3477,28.5478
Winter Cereals,Africa,Zambia,Central,-14.3105,28.5285
Winter Cereals,Africa,Zambia,Central,-14.3201,28.5378
Winter Cereals,Africa,Zambia,Central,-14.3076,28.537
Winter Cereals,Africa,Zambia,Central,-14.2975,28.5449
Winter Cereals,Africa,Zambia,Central,-14.3543,28.4941
Winter Cereals,Africa,Zambia,Central,-14.4412,28.2928
Winter Cereals,Africa,Zambia,Central,-14.4505,28.2985
Winter Cereals,Africa,Zambia,Central,-14.4207,28.2981
Winter Cereals,Africa,Zambia,Central,-14.4401,28.295
Winter Cereals,Africa,Zambia,Central,-14.3817,28.3514
Winter Cereals,Africa,Zambia,Central,-14.3824,28.3603
Winter Cereals,Africa,Zambia,Central,-14.4981,28.2175
Winter Cereals,Africa,Zambia,Central,-14.4858,28.2434
Winter Cereals,Africa,Zambia,Central,-14.4534,28.2867
Winter Cereals,Africa,Zambia,Central,-14.4551,28.2931
Winter Cereals,Africa,Zambia,Central,-14.4546,28.292
Winter Cereals,Africa,Zambia,Central,-14.5268,28.3578
Winter Cereals,Africa,Zambia,Central,-14.6171,28.2337
Winter Cereals,Africa,Zambia,Central,-14.6012,28.3358
Winter Cereals,Africa,Zambia,Central,-14.6006,28.3696
Winter Cereals,Africa,Zambia,Central,-14.6004,28.3702
Winter Cereals,Africa,Zambia,Central,-14.6357,26.9482
Winter Cereals,Africa,Zambia,Central,-14.6956,27.0008
Winter Cereals,Africa,Zambia,Central,-14.6842,26.9867
Winter Cereals,Africa,Zambia,Central,-14.6595,28.4358
Winter Cereals,Africa,Zambia,Central,-14.6601,28.448
Winter Cereals,Africa,Zambia,Central,-14.6812,28.4401
Winter Cereals,Africa,Zambia,Central,-14.7761,26.9631
Winter Cereals,Africa,Zambia,Central,-14.7656,26.9863
Winter Cereals,Africa,Zambia,Central,-14.7482,28.3561
Winter Cereals,Africa,Zambia,Central,-14.8428,28.0134
Winter Cereals,Africa,Zambia,Central,-14.8455,28.0154
Winter Cereals,Africa,Zambia,Central,-14.8431,28.025
Winter Cereals,Africa,Zambia,Central,-14.8697,28.0281
Winter Cereals,Africa,Zambia,Central,-14.8731,27.9912
Winter Cereals,Africa,Zambia,Central,-14.8328,28.0146
Winter Cereals,Africa,Zambia,Central,-14.815,28.0338
Winter Cereals,Africa,Zambia,Central,-14.8421,28.0612
Winter Cereals,Africa,Zambia,Central,-14.8581,28.0241
Winter Cereals,Africa,Zambia,Central,-14.8218,28.0364
Winter Cereals,Africa,Zambia,Central,-14.855,28.0403
Winter Cereals,Africa,Zambia,Central,-14.8755,28.2231
Winter Cereals,Africa,Zambia,Central,-14.8741,28.2228
Winter Cereals,Africa,Zambia,Central,-14.8746,28.2223
Winter Cereals,Africa,Zambia,Central,-14.8645,28.2413
Winter Cereals,Africa,Zambia,Central,-14.8291,28.2779
Winter Cereals,Africa,Zambia,Central,-14.8251,28.2654
Winter Cereals,Africa,Zambia,Central,-14.8592,28.2436
Winter Cereals,Africa,Zambia,Central,-14.8501,28.2773
Winter Cereals,Africa,Zambia,Central,-14.8376,28.2642
Winter Cereals,Africa,Zambia,Central,-14.8141,28.2632
Winter Cereals,Africa,Zambia,Central,-14.8707,28.2372
Winter Cereals,Africa,Zambia,Central,-14.8122,28.4003
Winter Cereals,Africa,Zambia,Central,-14.8011,28.3366
Winter Cereals,Africa,Zambia,Central,-14.7992,28.3383
Winter Cereals,Africa,Zambia,Central,-14.8183,28.3303
Winter Cereals,Africa,Zambia,Central,-14.8186,28.3933
Winter Cereals,Africa,Zambia,Central,-14.8143,28.4079
Winter Cereals,Africa,Zambia,Central,-14.8111,28.4072
Winter Cereals,Africa,Zambia,Central,-14.9354,28.0237
Winter Cereals,Africa,Zambia,Central,-14.8871,28.0195
Winter Cereals,Africa,Zambia,Central,-14.9504,28.03
Winter Cereals,Africa,Zambia,Central,-14.8931,27.9929
Winter Cereals,Africa,Zambia,Central,-14.9266,28.0589
Winter Cereals,Africa,Zambia,Central,-14.9136,28.0735
Winter Cereals,Africa,Zambia,Central,-14.9221,28.1057
Winter Cereals,Africa,Zambia,Central,-14.9213,28.1079
Winter Cereals,Africa,Zambia,Central,-14.9341,28.0859
Winter Cereals,Africa,Zambia,Central,-14.9493,28.0913
Winter Cereals,Africa,Zambia,Central,-14.8959,28.2167
Winter Cereals,Africa,Zambia,Central,-14.9031,28.2319
Winter Cereals,Africa,Zambia,Central,-14.8977,28.2923
Winter Cereals,Africa,Zambia,Central,-15.0211,28.0409
Winter Cereals,Africa,Zambia,Central,-15.006,28.0538
Winter Cereals,Africa,Zambia,Central,-14.9798,28.0387
Winter Cereals,Africa,Zambia,Central,-14.9756,28.0486
Winter Cereals,Africa,Zambia,Central,-15.0011,28.0453
Winter Cereals,Africa,Zambia,Central,-14.9685,28.0812
Winter Cereals,Africa,Zambia,Central,-15.0074,28.086
Winter Cereals,Africa,Zambia,Central,-15.0137,28.1315
Winter Cereals,Africa,Zambia,Central,-15.0061,28.0645
Winter Cereals,Africa,Zambia,Central,-15.0064,28.1174
Winter Cereals,Africa,Zambia,Central,-15.0092,28.1203
Winter Cereals,Africa,Zambia,Central,-15.0157,28.1279
Winter Cereals,Africa,Zambia,Central,-15.0048,28.1167
Winter Cereals,Africa,Zambia,Central,-14.9956,28.2256
Winter Cereals,Africa,Zambia,Central,-15.0083,28.2223
Winter Cereals,Africa,Zambia,Central,-14.9888,28.2489
Spring Cereals,US,United States of America,North Dakota,48.9589,-103.9989
Spring Cereals,US,United States of America,North Dakota,48.9585,-103.9911
Spring Cereals,US,United States of America,North Dakota,48.9651,-104.0113
Spring Cereals,US,United States of America,North Dakota,48.9521,-104.0385
Spring Cereals,US,United States of America,North Dakota,48.9491,-104.0351
Spring Cereals,US,United States of America,North Dakota,48.9524,-104.0361
Spring Cereals,US,United States of America,North Dakota,48.947,-104.0306
Spring Cereals,US,United States of America,North Dakota,48.9718,-103.9962
Spring Cereals,US,United States of America,North Dakota,48.9654,-104.0041
Spring Cereals,US,United States of America,North Dakota,48.9489,-104.0374
Spring Cereals,US,United States of America,North Dakota,48.9617,-103.9934
Spring Cereals,US,United States of America,North Dakota,48.9642,-103.9904
Spring Cereals,US,United States of America,North Dakota,48.9542,-104.0359
Spring Cereals,US,United States of America,North Dakota,48.9701,-103.9879
Spring Cereals,US,United States of America,North Dakota,48.968,-103.9019
Spring Cereals,US,United States of America,North Dakota,48.9679,-103.9414
Spring Cereals,US,United States of America,North Dakota,48.9627,-103.9772
Spring Cereals,US,United States of America,North Dakota,48.9851,-103.9674
Spring Cereals,US,United States of America,North Dakota,48.9552,-103.9839
Spring Cereals,US,United States of America,North Dakota,48.9709,-103.9656
Spring Cereals,US,United States of America,North Dakota,48.9374,-103.9749
Spring Cereals,US,United States of America,North Dakota,48.983,-103.9254
Spring Cereals,US,United States of America,North Dakota,48.9389,-103.9755
Spring Cereals,US,United States of America,North Dakota,48.9653,-103.9393
Spring Cereals,US,United States of America,North Dakota,48.9883,-103.9079
Spring Cereals,US,United States of America,North Dakota,48.9716,-103.9307
Spring Cereals,US,United States of America,North Dakota,48.9699,-103.9396
Spring Cereals,US,United States of America,North Dakota,48.9336,-103.9775
Spring Cereals,US,United States of America,North Dakota,48.9865,-103.9095
Spring Cereals,US,United States of America,North Dakota,48.9577,-103.9727
Spring Cereals,US,United States of America,North Dakota,48.9575,-103.973
Spring Cereals,US,United States of America,North Dakota,48.9365,-103.8441
Spring Cereals,US,United States of America,North Dakota,48.9598,-103.897
Spring Cereals,US,United States of America,North Dakota,48.9598,-103.898
Spring Cereals,US,United States of America,North Dakota,48.9776,-103.8841
Spring Cereals,US,United States of America,North Dakota,48.9826,-103.8184
Spring Cereals,US,United States of America,North Dakota,48.975,-103.8878
Spring Cereals,US,United States of America,North Dakota,48.9585,-103.8932
Spring Cereals,US,United States of America,North Dakota,48.9834,-103.8669
Spring Cereals,US,United States of America,North Dakota,48.9352,-103.7397
Spring Cereals,US,United States of America,North Dakota,48.9361,-103.7767
Spring Cereals,US,United States of America,North Dakota,48.9402,-103.7321
Spring Cereals,US,United States of America,North Dakota,48.9356,-103.7384
Spring Cereals,US,United States of America,North Dakota,48.9591,-103.6924
Spring Cereals,US,United States of America,North Dakota,48.9596,-103.6755
Spring Cereals,US,United States of America,North Dakota,48.9847,-103.668
Spring Cereals,US,United States of America,North Dakota,48.9719,-103.7199
Spring Cereals,US,United States of America,North Dakota,48.959,-103.6969
Spring Cereals,US,United States of America,North Dakota,48.9861,-103.6493
Spring Cereals,US,United States of America,North Dakota,48.9419,-103.6643
Spring Cereals,US,United States of America,North Dakota,48.9311,-103.7189
Spring Cereals,US,United States of America,North Dakota,48.9663,-103.6665
Spring Cereals,US,United States of America,North Dakota,48.9377,-103.7256
Spring Cereals,US,United States of America,North Dakota,48.9616,-103.6738
Spring Cereals,US,United States of America,North Dakota,48.94,-103.6545
Spring Cereals,US,United States of America,North Dakota,48.9618,-103.7094
Spring Cereals,US,United States of America,North Dakota,48.9661,-103.6741
Spring Cereals,US,United States of America,North Dakota,48.9635,-103.6817
Spring Cereals,US,United States of America,North Dakota,48.9666,-103.6509
Spring Cereals,US,United States of America,North Dakota,48.9751,-103.6548
Spring Cereals,US,United States of America,North Dakota,48.9625,-103.7269
Spring Cereals,US,United States of America,North Dakota,48.9341,-103.6501
Spring Cereals,US,United States of America,North Dakota,48.9614,-103.6484
Spring Cereals,US,United States of America,North Dakota,48.9653,-103.6891
Spring Cereals,US,United States of America,North Dakota,48.9621,-103.6634
Spring Cereals,US,United States of America,North Dakota,48.9651,-103.7024
Spring Cereals,US,United States of America,North Dakota,48.9755,-103.7179
Spring Cereals,US,United States of America,North Dakota,48.9577,-103.6823
Spring Cereals,US,United States of America,North Dakota,48.9627,-103.6986
Spring Cereals,US,United States of America,North Dakota,48.9898,-103.6787
Spring Cereals,US,United States of America,North Dakota,48.9486,-103.6709
Spring Cereals,US,United States of America,North Dakota,48.9521,-103.7154
Spring Cereals,US,United States of America,North Dakota,48.9641,-103.6682
Spring Cereals,US,United States of America,North Dakota,48.9541,-103.698
Spring Cereals,US,United States of America,North Dakota,48.9516,-103.6627
Spring Cereals,US,United States of America,North Dakota,48.9607,-103.6487
Spring Cereals,US,United States of America,North Dakota,48.9596,-103.6841
Spring Cereals,US,United States of America,North Dakota,48.9896,-103.6902
Spring Cereals,US,United States of America,North Dakota,48.9858,-103.5783
Spring Cereals,US,United States of America,North Dakota,48.9586,-103.5729
Spring Cereals,US,United States of America,North Dakota,48.932,-103.5957
Spring Cereals,US,United States of America,North Dakota,48.9421,-103.6036
Spring Cereals,US,United States of America,North Dakota,48.9746,-103.6127
Spring Cereals,US,United States of America,North Dakota,48.9846,-103.5947
Spring Cereals,US,United States of America,North Dakota,48.9411,-103.5626
Spring Cereals,US,United States of America,North Dakota,48.9424,-103.5947
Spring Cereals,US,United States of America,North Dakota,48.967,-103.5792
Spring Cereals,US,United States of America,North Dakota,48.9416,-103.5646
Spring Cereals,US,United States of America,North Dakota,48.9466,-103.631
Spring Cereals,US,United States of America,North Dakota,48.9314,-103.5964
Spring Cereals,US,United States of America,North Dakota,48.9378,-103.6375
Spring Cereals,US,United States of America,North Dakota,48.9888,-103.5859
Spring Cereals,US,United States of America,North Dakota,48.99,-103.6279
Spring Cereals,US,United States of America,North Dakota,48.9712,-103.5798
Spring Cereals,US,United States of America,North Dakota,48.9312,-103.6368
Spring Cereals,US,United States of America,North Dakota,48.9567,-103.5874
Spring Cereals,US,United States of America,North Dakota,48.9317,-103.6119
Spring Cereals,US,United States of America,North Dakota,48.9849,-103.5826
Spring Cereals,US,United States of America,North Dakota,48.9322,-103.5704
Spring Cereals,US,United States of America,North Dakota,48.9871,-103.6192
Spring Cereals,US,United States of America,North Dakota,48.9363,-103.5598
Spring Cereals,US,United States of America,North Dakota,48.9458,-103.5629
Spring Cereals,US,United States of America,North Dakota,48.9545,-103.6297
Spring Cereals,US,United States of America,North Dakota,48.9467,-103.6309
Spring Cereals,US,United States of America,North Dakota,48.9756,-103.6072
Spring Cereals,US,United States of America,North Dakota,48.9903,-103.5873
Spring Cereals,US,United States of America,North Dakota,48.9426,-103.5621
Spring Cereals,US,United States of America,North Dakota,48.9578,-103.5638
Spring Cereals,US,United States of America,North Dakota,48.9867,-103.6285
Spring Cereals,US,United States of America,North Dakota,48.9587,-103.6294
Spring Cereals,US,United States of America,North Dakota,48.9711,-103.602
Spring Cereals,US,United States of America,North Dakota,48.9352,-103.6137
Spring Cereals,US,United States of America,North Dakota,48.9876,-103.5707
Spring Cereals,US,United States of America,North Dakota,48.9371,-103.5255
Spring Cereals,US,United States of America,North Dakota,48.9421,-103.5582
Spring Cereals,US,United States of America,North Dakota,48.9754,-103.5335
Spring Cereals,US,United States of America,North Dakota,48.9617,-103.5452
Spring Cereals,US,United States of America,North Dakota,48.9468,-103.4749
Spring Cereals,US,United States of America,North Dakota,48.9396,-103.5062
Spring Cereals,US,United States of America,North Dakota,48.9674,-103.4742
Spring Cereals,US,United States of America,North Dakota,48.9324,-103.4741
Spring Cereals,US,United States of America,North Dakota,48.9351,-103.4804
Spring Cereals,US,United States of America,North Dakota,48.9485,-103.5206
Spring Cereals,US,United States of America,North Dakota,48.9869,-103.5033
Spring Cereals,US,United States of America,North Dakota,48.9404,-103.502
Spring Cereals,US,United States of America,North Dakota,48.9752,-103.5087
Spring Cereals,US,United States of America,North Dakota,48.9396,-103.485
Spring Cereals,US,United States of America,North Dakota,48.9586,-103.4915
Spring Cereals,US,United States of America,North Dakota,48.9466,-103.5015
Spring Cereals,US,United States of America,North Dakota,48.9379,-103.4814
Spring Cereals,US,United States of America,North Dakota,48.9311,-103.4787
Spring Cereals,US,United States of America,North Dakota,48.9605,-103.5456
Spring Cereals,US,United States of America,North Dakota,48.9753,-103.5015
Spring Cereals,US,United States of America,North Dakota,48.9857,-103.4899
Spring Cereals,US,United States of America,North Dakota,48.9576,-103.5518
Spring Cereals,US,United States of America,North Dakota,48.9843,-103.5429
Spring Cereals,US,United States of America,North Dakota,48.9761,-103.5375
Spring Cereals,US,United States of America,North Dakota,48.9541,-103.4939
Spring Cereals,US,United States of America,North Dakota,48.9845,-103.5369
Spring Cereals,US,United States of America,North Dakota,48.9884,-103.5572
Spring Cereals,US,United States of America,North Dakota,48.9622,-103.525
Spring Cereals,US,United States of America,North Dakota,48.9706,-103.4329
Spring Cereals,US,United States of America,North Dakota,48.9344,-103.4187
Spring Cereals,US,United States of America,North Dakota,48.9385,-103.4409
Spring Cereals,US,United States of America,North Dakota,48.9454,-103.473
Spring Cereals,US,United States of America,North Dakota,48.9632,-103.402
Spring Cereals,US,United States of America,North Dakota,48.9709,-103.4404
Spring Cereals,US,United States of America,North Dakota,48.9406,-103.3881
Spring Cereals,US,United States of America,North Dakota,48.9616,-103.4035
Spring Cereals,US,United States of America,North Dakota,48.9434,-103.42
Spring Cereals,US,United States of America,North Dakota,48.943,-103.4328
Spring Cereals,US,United States of America,North Dakota,48.9534,-103.3981
Spring Cereals,US,United States of America,North Dakota,48.9406,-103.4508
Spring Cereals,US,United States of America,North Dakota,48.9706,-103.3958
Spring Cereals,US,United States of America,North Dakota,48.9497,-103.4386
Spring Cereals,US,United States of America,North Dakota,48.9651,-103.3909
Spring Cereals,US,United States of America,North Dakota,48.9606,-103.4661
Spring Cereals,US,United States of America,North Dakota,48.9787,-103.4564
Spring Cereals,US,United States of America,North Dakota,48.9501,-103.4143
Spring Cereals,US,United States of America,North Dakota,48.9497,-103.4145
Spring Cereals,US,United States of America,North Dakota,48.9355,-103.4394
Spring Cereals,US,United States of America,North Dakota,48.9314,-103.414
Spring Cereals,US,United States of America,North Dakota,48.9566,-103.4283
Spring Cereals,US,United States of America,North Dakota,48.9594,-103.4217
Spring Cereals,US,United States of America,North Dakota,48.9686,-103.4679
Spring Cereals,US,United States of America,North Dakota,48.9429,-103.4124
Spring Cereals,US,United States of America,North Dakota,48.982,-103.435
Spring Cereals,US,United States of America,North Dakota,48.963,-103.4116
Spring Cereals,US,United States of America,North Dakota,48.9471,-103.4194
Spring Cereals,US,United States of America,North Dakota,48.9478,-103.4655
Spring Cereals,US,United States of America,North Dakota,48.9391,-103.4349
Spring Cereals,US,United States of America,North Dakota,48.9725,-103.4419
Spring Cereals,US,United States of America,North Dakota,48.9336,-103.4154
Spring Cereals,US,United States of America,North Dakota,48.9626,-103.4523
Spring Cereals,US,United States of America,North Dakota,48.9396,-103.4429
Spring Cereals,US,United States of America,North Dakota,48.9833,-103.4002
Spring Cereals,US,United States of America,North Dakota,48.9508,-103.4721
Spring Cereals,US,United States of America,North Dakota,48.9356,-103.3938
Spring Cereals,US,United States of America,North Dakota,48.9401,-103.4433
Spring Cereals,US,United States of America,North Dakota,48.9615,-103.3103
Spring Cereals,US,United States of America,North Dakota,48.9481,-103.3282
Spring Cereals,US,United States of America,North Dakota,48.9461,-103.3239
Spring Cereals,US,United States of America,North Dakota,48.9666,-103.3299
Spring Cereals,US,United States of America,North Dakota,48.9806,-103.3039
Spring Cereals,US,United States of America,North Dakota,48.9806,-103.3121
Spring Cereals,US,United States of America,North Dakota,48.9764,-103.3418
Spring Cereals,US,United States of America,North Dakota,48.9771,-103.3427
Spring Cereals,US,United States of America,North Dakota,48.9344,-103.3085
Spring Cereals,US,United States of America,North Dakota,48.9661,-103.3139
Spring Cereals,US,United States of America,North Dakota,48.9639,-103.3124
Spring Cereals,US,United States of America,North Dakota,48.9621,-103.3191
Spring Cereals,US,United States of America,North Dakota,48.9534,-103.3319
Spring Cereals,US,United States of America,North Dakota,48.9645,-103.3795
Spring Cereals,US,United States of America,North Dakota,48.9326,-103.3551
Spring Cereals,US,United States of America,North Dakota,48.9345,-103.3125
Spring Cereals,US,United States of America,North Dakota,48.9652,-103.3244
Spring Cereals,US,United States of America,North Dakota,48.9391,-103.3123
Spring Cereals,US,United States of America,North Dakota,48.9336,-103.3176
Spring Cereals,US,United States of America,North Dakota,48.9553,-103.2485
Spring Cereals,US,United States of America,North Dakota,48.9565,-103.2873
Spring Cereals,US,United States of America,North Dakota,48.9634,-103.2794
Spring Cereals,US,United States of America,North Dakota,48.9406,-103.3009
Spring Cereals,US,United States of America,North Dakota,48.9381,-103.3
Spring Cereals,US,United States of America,North Dakota,48.9883,-103.2993
Spring Cereals,US,United States of America,North Dakota,48.9637,-103.2829
Spring Cereals,US,United States of America,North Dakota,48.9885,-103.2426
Spring Cereals,US,United States of America,North Dakota,48.9435,-103.2994
Spring Cereals,US,United States of America,North Dakota,48.9471,-103.283
Spring Cereals,US,United States of America,North Dakota,48.9576,-103.2538
Spring Cereals,US,United States of America,North Dakota,48.9526,-103.2359
Spring Cereals,US,United States of America,North Dakota,48.9581,-103.2834
Spring Cereals,US,United States of America,North Dakota,48.9862,-103.2965
Spring Cereals,US,United States of America,North Dakota,48.9483,-103.2634
Spring Cereals,US,United States of America,North Dakota,48.9891,-103.3004
Spring Cereals,US,United States of America,North Dakota,48.9593,-103.2174
Spring Cereals,US,United States of America,North Dakota,48.9316,-103.2859
Spring Cereals,US,United States of America,North Dakota,48.9577,-103.2835
Spring Cereals,US,United States of America,North Dakota,48.9756,-103.2667
Spring Cereals,US,United States of America,North Dakota,48.958,-103.2764
Spring Cereals,US,United States of America,North Dakota,48.9615,-103.2924
Spring Cereals,US,United States of America,North Dakota,48.9887,-103.2449
Spring Cereals,US,United States of America,North Dakota,48.9376,-103.2984
Spring Cereals,US,United States of America,North Dakota,48.9344,-103.2867
Spring Cereals,US,United States of America,North Dakota,48.9476,-103.2286
Spring Cereals,US,United States of America,North Dakota,48.9653,-103.267
Spring Cereals,US,United States of America,North Dakota,48.9631,-103.2929
Spring Cereals,US,United States of America,North Dakota,48.9656,-103.2529
Spring Cereals,US,United States of America,North Dakota,48.9817,-103.1955
Spring Cereals,US,United States of America,North Dakota,48.9368,-103.1851
Spring Cereals,US,United States of America,North Dakota,48.96,-103.1832
Spring Cereals,US,United States of America,North Dakota,48.9832,-103.152
Spring Cereals,US,United States of America,North Dakota,48.9831,-103.1509
Spring Cereals,US,United States of America,North Dakota,48.9844,-103.1883
Spring Cereals,US,United States of America,North Dakota,48.9686,-103.1402
Spring Cereals,US,United States of America,North Dakota,48.9322,-103.2022
Spring Cereals,US,United States of America,North Dakota,48.9538,-103.1754
Spring Cereals,US,United States of America,North Dakota,48.9724,-103.2037
Spring Cereals,US,United States of America,North Dakota,48.9896,-103.199
Spring Cereals,US,United States of America,North Dakota,48.9326,-103.1953
Spring Cereals,US,United States of America,North Dakota,48.9313,-103.1829
Spring Cereals,US,United States of America,North Dakota,48.9765,-103.2019
Spring Cereals,US,United States of America,North Dakota,48.9368,-103.1916
Spring Cereals,US,United States of America,North Dakota,48.9745,-103.2029
Spring Cereals,US,United States of America,North Dakota,48.9897,-103.1973
Spring Cereals,US,United States of America,North Dakota,48.9535,-103.1839
Spring Cereals,US,United States of America,North Dakota,48.977,-103.1586
Spring Cereals,US,United States of America,North Dakota,48.9792,-103.1718
Spring Cereals,US,United States of America,North Dakota,48.9476,-103.2025
Spring Cereals,US,United States of America,North Dakota,48.9357,-103.1907
Spring Cereals,US,United States of America,North Dakota,48.9331,-103.1893
Spring Cereals,US,United States of America,North Dakota,48.9546,-103.1097
Spring Cereals,US,United States of America,North Dakota,48.9642,-103.0569
Spring Cereals,US,United States of America,North Dakota,48.9496,-103.115
Spring Cereals,US,United States of America,North Dakota,48.9556,-103.0992
Spring Cereals,US,United States of America,North Dakota,48.9617,-103.0538
Spring Cereals,US,United States of America,North Dakota,48.9602,-103.0845
Spring Cereals,US,United States of America,North Dakota,48.9495,-103.0679
Spring Cereals,US,United States of America,North Dakota,48.9857,-103.0467
Spring Cereals,US,United States of America,North Dakota,48.9799,-103.1085
Spring Cereals,US,United States of America,North Dakota,48.9548,-103.1154
Spring Cereals,US,United States of America,North Dakota,48.9594,-103.1262
Spring Cereals,US,United States of America,North Dakota,48.9848,-103.0816
Spring Cereals,US,United States of America,North Dakota,48.9783,-103.1021
Spring Cereals,US,United States of America,North Dakota,48.9826,-103.0836
Spring Cereals,US,United States of America,North Dakota,48.9744,-103.0754
Spring Cereals,US,United States of America,North Dakota,48.9343,-103.1264
Spring Cereals,US,United States of America,North Dakota,48.9507,-103.0694
Spring Cereals,US,United States of America,North Dakota,48.9691,-103.1099
Spring Cereals,US,United States of America,North Dakota,48.9577,-103.0759
Spring Cereals,US,United States of America,North Dakota,48.9651,-103.1063
Spring Cereals,US,United States of America,North Dakota,48.94,-103.0876
Spring Cereals,US,United States of America,North Dakota,48.9828,-103.0858
Spring Cereals,US,United States of America,North Dakota,48.9583,-103.0212
Spring Cereals,US,United States of America,North Dakota,48.9498,-103.0345
Spring Cereals,US,United States of America,North Dakota,48.9851,-103.0236
Spring Cereals,US,United States of America,North Dakota,48.9397,-102.9631
Spring Cereals,US,United States of America,North Dakota,48.9878,-102.9795
Spring Cereals,US,United States of America,North Dakota,48.9388,-102.9916
Spring Cereals,US,United States of America,North Dakota,48.9866,-103.0363
Spring Cereals,US,United States of America,North Dakota,48.9885,-102.9975
Spring Cereals,US,United States of America,North Dakota,48.9522,-103.0453
Spring Cereals,US,United States of America,North Dakota,48.9427,-102.9764
Spring Cereals,US,United States of America,North Dakota,48.964,-102.9802
Spring Cereals,US,United States of America,North Dakota,48.965,-102.9663
Spring Cereals,US,United States of America,North Dakota,48.9573,-103.0354
Spring Cereals,US,United States of America,North Dakota,48.9727,-102.9919
Spring Cereals,US,United States of America,North Dakota,48.983,-103.0282
Spring Cereals,US,United States of America,North Dakota,48.9711,-103.0124
Spring Cereals,US,United States of America,North Dakota,48.9826,-103.042
Spring Cereals,US,United States of America,North Dakota,48.94,-102.9953
Spring Cereals,US,United States of America,North Dakota,48.9867,-103.0404
Spring Cereals,US,United States of America,North Dakota,48.9706,-102.9871
Spring Cereals,US,United States of America,North Dakota,48.953,-103.0249
Spring Cereals,US,United States of America,North Dakota,48.9876,-103.0416
Spring Cereals,US,United States of America,North Dakota,48.9773,-103.0147
Spring Cereals,US,United States of America,North Dakota,48.9851,-102.9981
Spring Cereals,US,United States of America,North Dakota,48.9703,-103.0113
Spring Cereals,US,United States of America,North Dakota,48.9796,-102.9984
Spring Cereals,US,United States of America,North Dakota,48.9882,-103.022
Spring Cereals,US,United States of America,North Dakota,48.9882,-103.0282
Spring Cereals,US,United States of America,North Dakota,48.9426,-103.033
Spring Cereals,US,United States of America,North Dakota,48.951,-103.0323
Spring Cereals,US,United States of America,North Dakota,48.9543,-103.0425
Spring Cereals,US,United States of America,North Dakota,48.9682,-102.9795
Spring Cereals,US,United States of America,North Dakota,48.9911,-103.0339
Spring Cereals,US,United States of America,North Dakota,48.9637,-103.0087
Spring Cereals,US,United States of America,North Dakota,48.9867,-103.0096
Spring Cereals,US,United States of America,North Dakota,48.934,-102.9901
Spring Cereals,US,United States of America,North Dakota,48.9397,-102.9099
Spring Cereals,US,United States of America,North Dakota,48.9651,-102.8768
Spring Cereals,US,United States of America,North Dakota,48.9562,-102.8804
Spring Cereals,US,United States of America,North Dakota,48.9836,-102.9076
Spring Cereals,US,United States of America,North Dakota,48.9535,-102.914
Spring Cereals,US,United States of America,North Dakota,48.9464,-102.9009
Spring Cereals,US,United States of America,North Dakota,48.9677,-102.9139
Spring Cereals,US,United States of America,North Dakota,48.9314,-102.9051
Spring Cereals,US,United States of America,North Dakota,48.9355,-102.9027
Spring Cereals,US,United States of America,North Dakota,48.9483,-102.9527
Spring Cereals,US,United States of America,North Dakota,48.9775,-102.9249
Spring Cereals,US,United States of America,North Dakota,48.9757,-102.8959
Spring Cereals,US,United States of America,North Dakota,48.9465,-102.9183
Spring Cereals,US,United States of America,North Dakota,48.9839,-102.9479
Spring Cereals,US,United States of America,North Dakota,48.9617,-102.9194
Spring Cereals,US,United States of America,North Dakota,48.9571,-102.9109
Spring Cereals,US,United States of America,North Dakota,48.9792,-102.8767
Spring Cereals,US,United States of America,North Dakota,48.9546,-102.9478
Spring Cereals,US,United States of America,North Dakota,48.9413,-102.9531
Spring Cereals,US,United States of America,North Dakota,48.9881,-102.9483
Spring Cereals,US,United States of America,North Dakota,48.939,-102.9002
Spring Cereals,US,United States of America,North Dakota,48.9719,-102.9174
Spring Cereals,US,United States of America,North Dakota,48.9759,-102.9193
Spring Cereals,US,United States of America,North Dakota,48.9716,-102.9073
Spring Cereals,US,United States of America,North Dakota,48.9805,-102.9168
Spring Cereals,US,United States of America,North Dakota,48.9593,-102.9603
Spring Cereals,US,United States of America,North Dakota,48.9846,-102.9187
Spring Cereals,US,United States of America,North Dakota,48.9483,-102.8224
Spring Cereals,US,United States of America,North Dakota,48.942,-102.8194
Spring Cereals,US,United States of America,North Dakota,48.982,-102.8248
Spring Cereals,US,United States of America,North Dakota,48.9846,-102.8242
Spring Cereals,US,United States of America,North Dakota,48.9844,-102.7948
Spring Cereals,US,United States of America,North Dakota,48.9704,-102.811
Spring Cereals,US,United States of America,North Dakota,48.969,-102.8293
Spring Cereals,US,United States of America,North Dakota,48.9347,-102.83
Spring Cereals,US,United States of America,North Dakota,48.9315,-102.7998
Spring Cereals,US,United States of America,North Dakota,48.991,-102.8288
Spring Cereals,US,United States of America,North Dakota,48.934,-102.82
Spring Cereals,US,United States of America,North Dakota,48.9311,-102.8263
Spring Cereals,US,United States of America,North Dakota,48.9506,-102.8205
Spring Cereals,US,United States of America,North Dakota,48.9363,-102.7992
Spring Cereals,US,United States of America,North Dakota,48.9332,-102.814
Spring Cereals,US,United States of America,North Dakota,48.9414,-102.8294
Spring Cereals,US,United States of America,North Dakota,48.956,-102.8141
Spring Cereals,US,United States of America,North Dakota,48.9651,-102.8157
Spring Cereals,US,United States of America,North Dakota,48.9351,-102.7924
Spring Cereals,US,United States of America,North Dakota,48.95,-102.7944
Spring Cereals,US,United States of America,North Dakota,48.9746,-102.8554
Spring Cereals,US,United States of America,North Dakota,48.9781,-102.8579
Spring Cereals,US,United States of America,North Dakota,48.9799,-102.8729
Spring Cereals,US,United States of America,North Dakota,48.9352,-102.8256
Spring Cereals,US,United States of America,North Dakota,48.9476,-102.8132
Spring Cereals,US,United States of America,North Dakota,48.9336,-102.8621
Spring Cereals,US,United States of America,North Dakota,48.9621,-102.8039
Spring Cereals,US,United States of America,North Dakota,48.9521,-102.8261
Spring Cereals,US,United States of America,North Dakota,48.9428,-102.8757
Spring Cereals,US,United States of America,North Dakota,48.9757,-102.84
Spring Cereals,US,United States of America,North Dakota,48.9772,-102.8221
Spring Cereals,US,United States of America,North Dakota,48.9359,-102.8135
Spring Cereals,US,United States of America,North Dakota,48.9742,-102.8603
Spring Cereals,US,United States of America,North Dakota,48.9638,-102.8132
Spring Cereals,US,United States of America,North Dakota,48.9761,-102.867
Spring Cereals,US,United States of America,North Dakota,48.9368,-102.8348
Spring Cereals,US,United States of America,North Dakota,48.9895,-102.7136
Spring Cereals,US,United States of America,North Dakota,48.9485,-102.747
Spring Cereals,US,United States of America,North Dakota,48.9603,-102.7167
Spring Cereals,US,United States of America,North Dakota,48.9762,-102.7211
Spring Cereals,US,United States of America,North Dakota,48.9835,-102.7333
Spring Cereals,US,United States of America,North Dakota,48.9582,-102.7847
Spring Cereals,US,United States of America,North Dakota,48.9793,-102.7706
Spring Cereals,US,United States of America,North Dakota,48.9631,-102.7667
Spring Cereals,US,United States of America,North Dakota,48.955,-102.7062
Spring Cereals,US,United States of America,North Dakota,48.986,-102.7085
Spring Cereals,US,United States of America,North Dakota,48.964,-102.744
Spring Cereals,US,United States of America,North Dakota,48.941,-102.7299
Spring Cereals,US,United States of America,North Dakota,48.9921,-102.7594
Spring Cereals,US,United States of America,North Dakota,48.9895,-102.751
Spring Cereals,US,United States of America,North Dakota,48.9314,-102.7443
Spring Cereals,US,United States of America,North Dakota,48.9482,-102.735
Spring Cereals,US,United States of America,North Dakota,48.9335,-102.7813
Spring Cereals,US,United States of America,North Dakota,48.9638,-102.7683
Spring Cereals,US,United States of America,North Dakota,48.9463,-102.7089
Spring Cereals,US,United States of America,North Dakota,48.9618,-102.7603
Spring Cereals,US,United States of America,North Dakota,48.9835,-102.7497
Spring Cereals,US,United States of America,North Dakota,48.9886,-102.7177
Spring Cereals,US,United States of America,North Dakota,48.9386,-102.7752
Spring Cereals,US,United States of America,North Dakota,48.9868,-102.7605
Spring Cereals,US,United States of America,North Dakota,48.9468,-102.7163
Spring Cereals,US,United States of America,North Dakota,48.9876,-102.7305
Spring Cereals,US,United States of America,North Dakota,48.9835,-102.7842
Spring Cereals,US,United States of America,North Dakota,48.9901,-102.752
Spring Cereals,US,United States of America,North Dakota,48.9566,-102.7195
Spring Cereals,US,United States of America,North Dakota,48.9395,-102.7655
Spring Cereals,US,United States of America,North Dakota,48.9789,-102.7709
Spring Cereals,US,United States of America,North Dakota,48.9658,-102.7109
Spring Cereals,US,United States of America,North Dakota,48.9396,-102.7672
Spring Cereals,US,United States of America,North Dakota,48.9486,-102.7382
Spring Cereals,US,United States of America,North Dakota,48.9805,-102.6539
Spring Cereals,US,United States of America,North Dakota,48.9365,-102.6763
Spring Cereals,US,United States of America,North Dakota,48.9686,-102.6776
Spring Cereals,US,United States of America,North Dakota,48.9723,-102.6629
Spring Cereals,US,United States of America,North Dakota,48.9702,-102.6802
Spring Cereals,US,United States of America,North Dakota,48.9775,-102.6834
Spring Cereals,US,United States of America,North Dakota,48.9392,-102.6389
Spring Cereals,US,United States of America,North Dakota,48.9787,-102.6782
Spring Cereals,US,United States of America,North Dakota,48.9434,-102.6539
Spring Cereals,US,United States of America,North Dakota,48.9343,-102.6654
Spring Cereals,US,United States of America,North Dakota,48.9803,-102.6409
Spring Cereals,US,United States of America,North Dakota,48.9536,-102.6414
Spring Cereals,US,United States of America,North Dakota,48.9333,-102.6705
Spring Cereals,US,United States of America,North Dakota,48.9528,-102.6264
Spring Cereals,US,United States of America,North Dakota,48.9474,-102.6376
Spring Cereals,US,United States of America,North Dakota,48.9746,-102.6721
Spring Cereals,US,United States of America,North Dakota,48.9718,-102.6373
Spring Cereals,US,United States of America,North Dakota,48.9836,-102.6664
Spring Cereals,US,United States of America,North Dakota,48.9478,-102.6864
Spring Cereals,US,United States of America,North Dakota,48.9554,-102.6798
Spring Cereals,US,United States of America,North Dakota,48.9439,-102.6819
Spring Cereals,US,United States of America,North Dakota,48.961,-102.6473
Spring Cereals,US,United States of America,North Dakota,48.9317,-102.665
Spring Cereals,US,United States of America,North Dakota,48.9556,-102.6604
Spring Cereals,US,United States of America,North Dakota,48.9825,-102.6622
Spring Cereals,US,United States of America,North Dakota,48.9726,-102.6771
Spring Cereals,US,United States of America,North Dakota,48.9433,-102.685
Spring Cereals,US,United States of America,North Dakota,48.9725,-102.6908
Spring Cereals,US,United States of America,North Dakota,48.9451,-102.6792
Spring Cereals,US,United States of America,North Dakota,48.9501,-102.703
Spring Cereals,US,United States of America,North Dakota,48.9726,-102.6845
Spring Cereals,US,United States of America,North Dakota,48.9511,-102.5702
Spring Cereals,US,United States of America,North Dakota,48.9471,-102.6112
Spring Cereals,US,United States of America,North Dakota,48.9802,-102.5524
Spring Cereals,US,United States of America,North Dakota,48.9538,-102.5378
Spring Cereals,US,United States of America,North Dakota,48.9454,-102.593
Spring Cereals,US,United States of America,North Dakota,48.9473,-102.6074
Spring Cereals,US,United States of America,North Dakota,48.9771,-102.5544
Spring Cereals,US,United States of America,North Dakota,48.9359,-102.5856
Spring Cereals,US,United States of America,North Dakota,48.9516,-102.5908
Spring Cereals,US,United States of America,North Dakota,48.9481,-102.5764
Spring Cereals,US,United States of America,North Dakota,48.9519,-102.5872
Spring Cereals,US,United States of America,North Dakota,48.9554,-102.5949
Spring Cereals,US,United States of America,North Dakota,48.9878,-102.5909
Spring Cereals,US,United States of America,North Dakota,48.9351,-102.5935
